--
-- Dumping data for table `lokasi`
--
INSERT INTO `lokasi` (`id`, `encrypt_id`, `nama_lokasi`, `lantai_tingkat`, `nama_gedung`, `jenis_ruangan`, `created_at`, `updated_at`) VALUES
(1, 'eyJpdiI6InQvRDVHUVhtOUZQVXN0eCtvN1hJenc9PSIsInZhbHVlIjoiS0dWUVlWVXVDTzFteXYzYzg4ajBsdz09IiwibWFjIjoiOThiMDI5ZjIxMTFlMjFiNDc2NzlkYTg2NDI3MDA2MGI0MWRhYjgyYTYzNzEwMjI3YzUyYTIyMzMyY2U1NWFmNSIsInRhZyI6IiJ9', 'Lab. Kimia Analitik & Instrumentasi', '1', 'Gedung Kimia Terpadu', 'Lab', '2023-07-25 01:34:38', '2023-07-25 01:34:38'),
(2, 'eyJpdiI6ImF5OGZsOHNkYngwMlVjWWl6UjU4NHc9PSIsInZhbHVlIjoiZHZaTlBQMFoySjlnRVFLY3c0ZGZBUT09IiwibWFjIjoiNTYwOWI0MGRjY2U2NjM1NmI1Mzc2NTM0ZGM3YTdkNGVlYjA4NmE5ZTkyZmM4NzA3NTU5MTNlZTBmNTkwNjM5YSIsInRhZyI6IiJ9', 'Lab. Kimia Anorganik-Fisik', '2', 'Gedung Kimia Terpadu', 'Lab', '2023-07-25 01:34:38', '2023-07-25 01:34:38'),
(3, 'eyJpdiI6IlBmYWxQNVY3WGxtUG1KRXl5ekU0VXc9PSIsInZhbHVlIjoiSG5FbldXdGJTV2ozaUZxLzc5T3oyUT09IiwibWFjIjoiODlhYzA2YWQ4NjVhYjZlZjBmOTJlOTA2Y2U0MjEzMTBhODM2MDc0ZjJlMjI5ZjczZGUzY2Y5YmNjZDkzYjE2OSIsInRhZyI6IiJ9', 'Lab. Kimia Organik', '3', 'Gedung Biokimia', 'Lab', '2023-07-25 01:34:38', '2023-07-25 01:34:38'),
(4, 'eyJpdiI6Ilh5YW8xT1hNb1ViajRpMFhnSi9KdlE9PSIsInZhbHVlIjoiRnIrS0srejhPeWJLT3RybElGUVlkdz09IiwibWFjIjoiZTdhOWNiMTEzMjkwM2IyNGVjNjRjYzQyMzc3YzhhNjMyZGRkZWQwMDgyZTAwZDY2MmFiNWRmZDdhNjY4YTgwNCIsInRhZyI6IiJ9', 'Lab. Kimia Dasar', '3', 'Gedung Laboratorium Kimia Dasar', 'Lab', '2023-07-25 01:34:38', '2023-07-25 01:34:38'),
(5, 'eyJpdiI6Im92U3FkM3NiZXFyU3B0VkhMUWJDemc9PSIsInZhbHVlIjoiSjd1YWNPYVEyZk5rZXdqMTFKelZDUT09IiwibWFjIjoiMTMzNjFmMmQ1YmRmYjg3ZmI2ZjY0ZGIyZjk1NjhkYzM1MDg1ZDBmYTk2MjViZGFkZmJiMDI3ZTVjM2VjNTQ4OCIsInRhZyI6IiJ9', 'Lab. Biokimia', '3', 'Gedung Kimia Terpadu', 'Lab', '2023-07-25 01:34:38', '2023-07-25 01:34:38'),
(6, 'eyJpdiI6ImNsTFVjRmV5QnMxNVp1ZG9jMXlYMkE9PSIsInZhbHVlIjoiQzJESXJEbUxIT2pxUkkra05uK1lhdz09IiwibWFjIjoiMDgzMDgxN2JhNTgwNzY0ODUxNjJmYmZlMTE3YmJmNDRkYTE3ODYyNDg4MmZhYjFlZTZhYjQwM2Y2NDMxODUxOCIsInRhZyI6IiJ9', 'Ruang Seminar', '2', 'Gedung Kimia Terpadu', 'Kelas', '2023-07-25 01:34:38', '2023-07-25 01:34:38');

--
-- Dumping data for table `roles`
--

--
-- Dumping data for table `users`
--

INSERT INTO `users` (`id`, `name`, `email`, `email_verified_at`, `password`, `profile_picture`, `remember_token`, `lokasi_id`, `created_at`, `updated_at`) VALUES
(1, 'Mulyono, S.Si., M.Si., Ph.D.', 'mulyono@fmipa.unila.ac.id', '2023-07-25 01:34:38', '$2y$10$oN78JZFR3Lhl65xRXGySL.MNPyNNvDUqBQYlMoKXqiuQX0cljDQkS', 'default.png', NULL, NULL, '2023-07-25 01:34:38', '2023-07-25 01:34:38'),
(2, 'Dr. Hardoko Insan Qudus, M.S.', 'hardoko.insan@fmipa.unila.ac.id', '2023-07-25 01:34:38', '$2y$10$lqfKCe4W5sK2RpV3Es6hnOo801A0a5hY6RjFNu3iD6MQhGIJp1sfC', 'default.png', NULL, NULL, '2023-07-25 01:34:38', '2023-07-25 01:34:38'),
(3, 'Dr. Dra. Ilim, M.S.', 'ilim@fmipa.unila.ac.id', '2023-07-25 01:34:38', '$2y$10$dRKE1jBD2sYsHNlV8axaI.IMo7qsne.cUIPD8sjMbKgh03T91hi4G', 'default.png', NULL, NULL, '2023-07-25 01:34:38', '2023-07-25 10:38:39'),
(4, 'Prof . Dr. Buhani, M.Si.', 'buhani@fmipa.unila.ac.id', '2023-07-25 01:34:38', '$2y$10$nwz7Toyfh9AjUcVA2OUp9.R0KxmMuxcFk4vZ6Cpk14SPW.D.wyL9K', 'default.png', NULL, NULL, '2023-07-25 01:34:38', '2023-07-25 08:46:51'),
(5, 'Prof. Ir. Suharso, S.Si., Ph.D.', 'suharso@fmipa.unila.ac.id', '2023-07-25 01:34:38', '$2y$10$rHrjAcXP0kOv8xi.jjDA5OkMKvtYY1TJick/A8rfAHd7XagRNH/4C', 'default.png', NULL, NULL, '2023-07-25 01:34:38', '2023-07-25 01:34:38'),
(6, 'Dr. Agung Abadi Kiswandono, S.Si., M.Sc.', 'agung.abadi@fmipa.unila.ac.id', '2023-07-25 01:34:38', '$2y$10$.yOFXdM6r0VIzrrM4ihd9et7LRHSxIrZpQHNf/laSAlNMRrsrPG32', 'default.png', NULL, NULL, '2023-07-25 01:34:38', '2023-07-25 08:19:57'),
(7, 'Dr. Rinawati, Ph.D, S.Si, M.Si', 'rinawati@fmipa.unila.ac.id', '2023-07-25 01:34:38', '$2y$10$Q.D2YSHRwnl9gwAQ0nD7z.hCnlHzmCWC78iKt.30Q47RwDoBTykma', 'default.png', NULL, 1, '2023-07-25 01:34:39', '2023-07-25 01:34:39'),
(8, 'Dr. Dian Herasari, M.Si.', 'dehayan@yahoo.com', '2023-07-25 01:34:39', '$2y$10$iKvyVYGl2x5gjTOymUMDNeaxcU88YWBXa.ofvo8eg9e4cX9G5N6gy', 'default.png', NULL, 5, '2023-07-25 01:34:39', '2023-07-25 01:34:39'),
(9, 'Dr. Eng. Heri Satria, S.Si., M.Si.', 'heri.satria@fmipa.unila.ac.id', '2023-07-25 01:34:39', '$2y$10$67rRZC16omKBtU947hCxiuSoL3OfBf5wuBsmZcoPQ6cvknz1sJ7zS', 'default.png', NULL, NULL, '2023-07-25 01:34:39', '2023-07-25 01:34:39'),
(10, 'Dr. Sonny Widiarto, S.Si., M.Sc.', 'sonny@fmipa.unila.ac.id', '2023-07-25 01:34:39', '$2y$10$wKipnp14GJDeX1Dw/ufMDOoMgFKOLODZsWpaKqoI7UxZTXI6B35wK', 'default.png', NULL, NULL, '2023-07-25 01:34:39', '2023-07-25 01:34:39'),
(11, 'Dr. Mita Rilyanti, S.Si., M.Si.', 'mitarilyanti@gmail.com', '2023-07-25 01:34:39', '$2y$10$KPQQ3uLy.JETa.emI94kX.dJAkisoNEt1.FINcgZGvND4vg9zHsdm', 'default.png', NULL, NULL, '2023-07-25 01:34:39', '2023-07-25 01:34:39'),
(12, 'Prof. Dr. Kamisah Delilawati Pandiangan, S.Si., M.Si.', 'kamisah.delilawati@fmipa.unila.ac.id', '2023-07-25 01:34:39', '$2y$10$zDYEeQWzZ01E4F6d.imQA.x7.6PaDiKjM4u/9NsktR1sd0qQ3NZl2', 'default.png', NULL, 2, '2023-07-25 01:34:39', '2023-07-25 01:34:39'),
(13, 'Syaiful Bahri, S.Si, M.Si', 'muzaki2002@yahoo.com', '2023-07-25 01:34:39', '$2y$10$tsGkkwWVPo7xqLPWx7fn.uRP159/cHvpC0dsrWq4UyZ.OxTkIo38W', 'default.png', NULL, NULL, '2023-07-25 01:34:39', '2023-07-25 01:34:39'),
(14, 'Prof. Dr. Noviany, S.Si., M.Si', 'noviany@fmipa.unila.ac.id', '2023-07-25 01:34:39', '$2y$10$3DAs05Xuh2aFLtsuEwiEfOslUx0BnHZo4cFXQkRY/m.6Ueulpxb0O', 'HMcy6ZawGCnYcj2YN5kVwFeRLdC4xAnSEugKwllW.jpg', NULL, 3, '2023-07-25 01:34:39', '2023-07-26 02:13:44'),
(15, 'Diky Hidayat, S.Si., M.Sc.', 'dikyhidayat93@gmail.com', '2023-07-25 01:34:39', '$2y$10$/nOzipCBQvhU9rTROmpLdOiLYRgBrsH8MGzcH5UWV28BZddAobsQq', 'default.png', NULL, NULL, '2023-07-25 01:34:39', '2023-07-25 01:34:39'),
(16, 'Dr. Eng. Suripto Dwi Yuwono, S.Si., M.T.', 'suripto.dwi@fmipa.unila.ac.id', '2023-07-25 01:34:39', '$2y$10$w7I/8zvHgggS/AfyzT/UD./mw7WZnbzbjnGnqWHOwVUuarqAObsGy', 'default.png', NULL, NULL, '2023-07-25 01:34:39', '2023-07-25 01:34:39'),
(17, 'Dr. Yuli Ambarwati, S.Si, M.Si.', 'yuli.ambarwati@fmipa.unila.ac.id', '2023-07-25 01:34:39', '$2y$10$Hv156MeAtWExVgHWiisffOKCZDW6C8kYaDP1AdRVOOfm9jMheYmvC', 'yBhNjTQ58lMtWp23yEMrT6jWJo5PzSbR4nGvlVD3.jpg', NULL, NULL, '2023-07-25 01:34:39', '2023-07-26 08:03:17'),
(18, 'Dr. Nurhasanah, S.Si, M.Si', 'nur.hasanah@fmipa.unila.ac.id', '2023-07-25 01:34:39', '$2y$10$uzlBY/CPZ.iB2O5S.mtaeO4jxcAonMJYTl/v/BER43bv8noNVNmRq', 'default.png', NULL, NULL, '2023-07-25 01:34:39', '2023-07-25 01:34:39'),
(19, 'Dr. Ni Luh Gede Ratna Juliasih, S.Si., M.Si.', 'ratnagede.juliasih@gmail.com', '2023-07-25 01:34:39', '$2y$10$aNfY6iZ4zlgU2wLFnjPXROE/.bUJRSVINF/nwKpsRPx7WW058u20u', 'default.png', NULL, 4, '2023-07-25 01:34:39', '2023-07-25 01:34:39'),
(20, 'Dian Septiani Pratama, S.Si., M.Si.', 'pratama.dian@gmail.com', '2023-07-25 01:34:39', '$2y$10$RG9oO2jV9acKfZtqZr/nQu28yT.fy67pZ8zIhoy8CIopy9sd.wjYK', 'default.png', NULL, NULL, '2023-07-25 01:34:39', '2023-07-25 01:34:39'),
(21, 'Devi Nur Anisa, S.Pd., M.Sc', 'devinur@fmipa.unila.ac.id', '2023-07-25 01:34:39', '$2y$10$N/RZfP72R3TQKOdK1YeOOu6J/JFWMV4RqqlznJZfAB2rGwZZDCS5O', 'liyDRd2G2t6C0cBupjl2AlbTE6NkX59Sk3YD75iP.jpg', NULL, NULL, '2023-07-25 01:34:39', '2023-07-27 04:00:56'),
(22, 'Hapin Afriyani, S.Si., M.Si.', 'hapin.afriyani@fmipa.unila.ac.id', '2023-07-25 01:34:39', '$2y$10$xxqXxO1NB008IoSZhPzCqO7hFrh5uB/VjH7nvEJtIbyix2tL8.jzO', 'RI6CMNK4vw6IZyoRt2jMkQMjw4MXotBlZXT9qxdB.jpg', NULL, NULL, '2023-07-25 01:34:39', '2023-07-25 08:02:15'),
(23, 'Prof. Dr., Ir. Yandri A.S., M.S.', 'yandri.as@fmipa.unila.ac.id', '2023-07-25 01:34:39', '$2y$10$Ca3gxSmTxyM3RTY9hKhAuuEUxBcFII19QR1bWuz46ps6AX23jXjxu', 'default.png', NULL, NULL, '2023-07-25 01:34:39', '2023-07-25 01:34:39'),
(24, 'Prof. Dr. Tati Suhartati, M.S.', 'tati.suhartati@fmipa.unila.ac.id', '2023-07-25 01:34:39', '$2y$10$RD7qg7sPeT2jfU9XZn5s3.ZuiZeO6tJpk0WZcTM6Z3n3qr4G4cA9W', 'default.png', NULL, NULL, '2023-07-25 01:34:40', '2023-07-25 01:34:40'),
(25, 'Prof. Wasinton Simanjuntak, M.Sc., Ph.D.', 'wasinton.simanjuntak@fmipa.unila.ac.id', '2023-07-25 01:34:40', '$2y$10$17Vc9bRpYOcdbX68N65CoearoYdJp/W1LNzKtq60LLW1BE7.HyMbK', 'default.png', NULL, NULL, '2023-07-25 01:34:40', '2023-07-25 01:34:40'),
(26, 'Prof. Rudy T. Mangapul Situmeang, M.Sc., Ph.D.', 'rudy.tahan@fmipa.unila.ac.id', '2023-07-25 01:34:40', '$2y$10$Ik6DzkGTux5B7m3fwS1m3u7F/aa4KjUfV/s/1vZFl8Rsx97Q8UK8a', 'p1CFnfFlt3dOqoA9jZTAQFp7ufSUunRkNE3tqcl1.jpg', NULL, NULL, '2023-07-25 01:34:40', '2023-07-26 04:04:01'),
(27, 'Prof. Dr. Sutopo Hadi, S.Si, M.Sc.', 'sutopo.hadi@fmipa.unila.ac.id', '2023-07-25 01:34:40', '$2y$10$8i5993JdxK0MhneFtvz3n.KQ/olDH9HkFLbZTvF8IOYLxswV2u2lK', 'BB7ReYMZMfZE1vzuqIM9eKsvmlbzACncptybTCsh.png', NULL, NULL, '2023-07-25 01:34:40', '2023-07-26 03:04:13'),
(28, 'Prof. Drs. John Hendri,, M.S., Ph.D.', 'john.hendri@fmipa.unila.ac.id', '2023-07-25 01:34:40', '$2y$10$Lf/PSDLOXZ4o7pswgZXfOO1uTIqxxByvyNNpnN16r1.DlD5wW9p4C', 'default.png', NULL, NULL, '2023-07-25 01:34:40', '2023-07-25 01:34:40'),
(29, 'Prof. Andi Setiawan, M.Sc., Ph.D', 'andi.setiawan@fmipa.unila.ac.id', '2023-07-25 01:34:40', '$2y$10$ZDaoXCULyz/6I1fur.7sh.0vpBqqBwPW5YzaytciYCE4/Enw8HxWS', 'default.png', NULL, NULL, '2023-07-25 01:34:40', '2023-07-25 11:07:27'),
(30, 'Dra. Aspita Laila, M.S.', 'aspita.laila@fmipa.unila.ac.id', '2023-07-25 01:34:40', '$2y$10$Z5TS5nrzCXj7Nyraa.wYQu..D82kMGbynicc31XvGXiRLzosF3IjO', 'default.png', NULL, NULL, '2023-07-25 01:34:40', '2023-07-25 01:34:40'),
(31, 'Dr. Zipora Sembiring, M.Si, Dra.', 'zipora.sembiring@fmipa.unila.ac.id', '2023-07-25 01:34:40', '$2y$10$lo9A0bdImh7Ap/A15XK2a.X/ZWFxv1mqRKfxTp94XnffOY4fL5IdS', 'default.png', NULL, NULL, '2023-07-25 01:34:40', '2023-07-25 01:34:40'),
(32, 'SUPER USER ADMIN DO', 'sudo@sudo.com', '2023-07-25 01:34:40', '$2y$10$9Wh2xhUBtJd2YWQCSyMHAeB6sf/zE4b/4M/hD.SGNSmeEtqtpI2Nu', 'default.png', NULL, NULL, '2023-07-25 01:34:40', '2023-07-25 01:34:40'),
(33, 'Rudi Santoso', 'rd.santoso181@gmail.com', '2023-07-25 01:34:40', '$2y$10$yfFieV3/VgeBBfQM6cA2nOmfJviAYPBXWCJUY.NFKadllLrId7zuC', 'default.png', NULL, NULL, '2023-07-25 01:34:40', '2023-07-25 01:34:40'),
(34, 'Fakhruddin, S.T', 'fakhruddin1006@gmail.com', '2023-07-25 01:34:40', '$2y$10$S1lezGMTsWWwqcZUEtUbnOKb6uOnhdgJmY33VmZTGU2qeD1K95Qk2', 'default.png', NULL, 1, '2023-07-25 01:34:40', '2023-07-25 01:34:40'),
(35, 'Liza Apriliya Sukartiningsih, S.Si.', 'lizaapriliya15@gmail.com', '2023-07-25 01:34:40', '$2y$10$Jc1XALIzkKpGspsMvvopuuyo5BvLr7xiFVCkaurHVnDEDMOARduOC', 'default.png', NULL, 2, '2023-07-25 01:34:40', '2023-07-25 01:34:40'),
(36, 'Wiwit Kasmawati', 'wiwitkasmawati02@gmail.com', '2023-07-25 01:34:40', '$2y$10$GJMpcDQ6PAaeIn6yEKjUc.sGKbuCAsfYUCm.BCodDesh1gA1c2Cn2', 'fouYesaq5nJTE3JSSbSluxbdAF9729Hz9pclvCk9.png', NULL, 3, '2023-07-25 01:34:40', '2023-07-26 04:15:00'),
(37, 'Della Rahmadhani Putri', 'dellarahmadhaniputri@gmail.com', '2023-07-25 01:34:40', '$2y$10$rNab32eow.vIfNSFFhSwX.hoC7sRo.l9uBt0RjWMYuMKNo2Tzvhxe', 'default.png', NULL, 5, '2023-07-25 01:34:40', '2023-07-27 04:48:36'),
(38, 'Tri Kismwantari, A.Md.', 'trikiswantari@gmail.com', '2023-07-25 01:34:40', '$2y$10$OS3KfQR4jQiKA0aFu/UVQedOmHCyA.fNG2CjDoFpw76GID8s6e2X.', 'default.png', NULL, 4, '2023-07-25 01:34:40', '2023-07-27 04:48:51'),
(39, 'Muhammad Febrian Hasibuan', 'muhammadfebrianhasibuan@gmail.com', '2023-07-25 01:41:40', '$2y$10$KxmqSpdjxJis/6BKpy3B/e3WBo.Sp/Q7VZ8BoC/7yD1sBNiI6TTSO', 'cvm1garSwYaOhyUmj07JkV8lDpgZD1Djo3Ehsv5T.png', NULL, 2, '2023-07-25 01:41:17', '2023-07-25 03:54:37'),
(40, 'Yogi Andaru', 'yogiandaru1@gmail.com', '2023-07-25 01:43:41', '$2y$10$oN78JZFR3Lhl65xRXGySL.MNPyNNvDUqBQYlMoKXqiuQX0cljDQkS', 'zKI5EzyhyE0yMk3UhDKnF8CYKyHr0SwBatwrwXwm.jpg', NULL, NULL, '2023-07-25 01:43:23', '2023-07-27 06:37:09'),
(42, 'Aidha Natasya Pramudhita', 'aidhanathasya@gmail.com', '2023-07-25 03:14:07', '$2y$10$kIzRnyXwbvvhE6Y77Y1FnejXXoyTz4msO1m02zfsmWGpiFXe.bjje', '06wBpHIoBKHfVKZqU8VUdVXbeOv3BMWDwdEa9gME.jpg', NULL, NULL, '2023-07-25 03:10:59', '2023-07-25 03:18:11'),
(43, 'Febiana Nabila', 'nabila.bila4823@gmail.com', '2023-07-25 03:11:41', '$2y$10$X7TYNOyGtizBIu9vYnb3wujaxQ9eypZYasg0I6gCrxsGMgp9Q5.Om', 'rE99DoYqwE6ZwwESLDY3FycsrF1O6F00JWyesJxb.jpg', NULL, 5, '2023-07-25 03:11:15', '2023-07-25 04:14:10'),
(44, 'Havier Maheswara Putra', 'haviermaheswara@gmail.com', '2023-07-25 03:11:53', '$2y$10$PMW2/GICeMd0WkjvySdcne2d.Et.76PLAhTKxnie7E.OTdUXiue.u', 'QPRg86mYCve0uPYT4FXTvtnJe2E90x2zpzI2qTSp.jpg', NULL, NULL, '2023-07-25 03:11:21', '2023-07-25 03:25:29'),
(45, 'Verinda Indah Sari', 'verindaindahsari4281@gmail.com', '2023-07-25 03:15:15', '$2y$10$LpGE6GXPXBpVSAXYwKgkuuA/raEIicS9pC6FzjmG0NQo5gQJLaw16', 'HGD30JYTGG9B9JJCilxoTSHqoGJOrDEv3SfMwtyD.jpg', NULL, NULL, '2023-07-25 03:11:25', '2023-07-25 03:27:22'),
(46, 'Cici Nurhidayah', 'cicinurhidayah97@gmail.com', '2023-07-25 03:12:21', '$2y$10$/CWne9.bdhBcuL.Mvc/TwOeZturgOB3rHqk/pKoz7/B6UncQFS0PK', 'default.png', NULL, NULL, '2023-07-25 03:11:28', '2023-07-25 03:12:21'),
(47, 'M. Yusuf', 'muhammadyusufyys2727@gmail.com', '2023-07-25 03:12:57', '$2y$10$CmK1d8U4Ln3vuRGJ6JXXDe9Wta9HFk/bPhYaZDRUVOPYlGruaxAEu', '3tVeDNsQtcq0DYW8LOp1mEPflmo7OCF7uHRK28ZB.jpg', NULL, NULL, '2023-07-25 03:11:33', '2023-07-25 03:18:24'),
(48, 'Dita Silvi Yani', 'ditasilviyani11@gmail.com', '2023-07-25 03:12:12', '$2y$10$b97DOrnSQOlofyuFtRiPLeXYhGZ3SfG2VxCeN1UpnhGVkMkmGr2bC', 'glitZItlCGxiiV9Z7rMZODYUmpXNiMiSZwlYPfoO.jpg', NULL, NULL, '2023-07-25 03:11:44', '2023-07-25 03:28:41'),
(49, 'Sabila Amalya Haryanto', 'sbilaamlya@gmail.com', '2023-07-25 03:15:10', '$2y$10$g7H2CDtuBFEF4wQPKQfjD.cRheLmrC.iE9X1HVSrZzafKv3rzGKm2', 'QaoZMr7gX6zzZQbM8006utOFTiY5zOt3IETYfd4i.jpg', NULL, NULL, '2023-07-25 03:11:49', '2023-07-25 03:20:25'),
(50, 'Yesica Sitorus', 'berriessweet29@gmail.com', '2023-07-25 03:12:14', '$2y$10$ZQ7706kjc7U.eryxnASCTO/j1vnQLEIox1bUgNTqpD42RYmW6rheK', 'o4F0UBC0esE7eT2d5aSC3O0b5n9Cq5LjLnVjF1ON.jpg', NULL, NULL, '2023-07-25 03:11:51', '2023-07-25 03:21:35'),
(51, 'Alyaa Fathia Kesuma', 'alyaafathiakesuma@gmail.com', '2023-07-25 03:13:31', '$2y$10$OSQkxbQSCZWH8.C1QLMlPepKYode7/xu5zB0rVwRNADjA87duoiii', 'g3hlS042AewWyejDagLYJ3mdxHEi01h95OB84AMp.jpg', NULL, NULL, '2023-07-25 03:12:09', '2023-07-25 03:17:44'),
(52, 'Putpita Sari', 'putpiitasari@gmail.com', '2023-07-25 03:12:57', '$2y$10$ZTEK2FDnCFeYXsc.SNR.ZOnnb1SZSPKioJXF5VNlKg6BwKH4yciAq', 'fSoCTrk1zzu6dySn5FenwVOvArfFIFlmTsPemjr8.jpg', NULL, NULL, '2023-07-25 03:12:18', '2023-07-25 03:20:08'),
(53, 'Ahmad Isro', 'ahmadisro2409@gmail.com', '2023-07-25 03:12:57', '$2y$10$TvmsJOHRu4SPJ6IwXxAsZ.e67duSi7RDdnzTjZ6h0xWubnzcwu9MK', 'zwGoteEdXoVJYu2x4ZRIejUJ6iL2mraOLGSc4VQR.jpg', NULL, NULL, '2023-07-25 03:12:32', '2023-07-25 03:24:50'),
(54, 'Siti Solehati', 'sitisolehati0401@gmail.com', '2023-07-25 03:13:11', '$2y$10$WUMK.u4I1RxPqFtXlwvpKO6GNZT74t5z6gvsX62trs1.sx4yovY9S', '1vn37731A86QMiUxO4le5iEo10EQYribmEZtFzcy.jpg', NULL, NULL, '2023-07-25 03:12:32', '2023-07-25 03:18:16'),
(55, 'Raisha Fauziyah', 'raishafauziyah@gmail.com', '2023-07-25 03:13:13', '$2y$10$dLoHfUf7Euc8jr8vNXeKQ.eem.OqqbHluvd6e6CNvac70pVIGiDAO', 'Y4tqpOl294qZkPKSvP6mQOrLGEFLEzqhiTiioWC3.jpg', NULL, NULL, '2023-07-25 03:12:34', '2023-07-25 03:20:30'),
(56, 'Cantona Sasmitha', 'cantona.paramitha@gmail.com', '2023-07-25 03:13:14', '$2y$10$BIEsZ3QlCKwZwxXs8JJWcum2O6e4K4eDIekro/iCQkEa/DMwklHam', 'dNbaHy7IchJisN23dH7GGfC24q9BzkdlngF8OYcQ.jpg', NULL, NULL, '2023-07-25 03:12:36', '2023-07-25 03:17:37'),
(57, 'Maudi Cahya Muslimah', 'maudicahyamuslim.ah16@gmail.com', '2023-07-25 03:13:15', '$2y$10$NJJej8eeGMcWKzZ5orvu1.ShweltTm5ySiQ6fLbj8CXMdjnXhgp5y', 'Y40VKB94CqXFGISkANZQBd3NfexuBQ1JKTRqWmfz.png', NULL, NULL, '2023-07-25 03:12:44', '2023-07-25 03:17:27'),
(58, 'Hilda Priharyati', 'hildapriharyatii@gmail.com', '2023-07-25 03:13:57', '$2y$10$IQHUZdjsd.2Auf7PtZL5B.bp66kEN0fpZC4uMzdsTifUs2CUnJpTu', 'vU16jtAkqtARWNGVWAbSNjmWOqLFwt7QS9QECIl1.jpg', NULL, NULL, '2023-07-25 03:12:51', '2023-07-25 03:26:48'),
(59, 'Jihan Nafisa Salsabila', 'salsaabilaa25@gmail.com', '2023-07-25 03:15:13', '$2y$10$lGywhwn0X3HpNb30mcLTGehA9ZlHVXQ3lClyvnpvd1KIUMQrZQFHG', 'jVOMvw9Z0dKLzJjJ3HOe0FxQbzlBUedYVFLkaqDx.jpg', NULL, NULL, '2023-07-25 03:12:56', '2023-07-25 03:27:46'),
(60, 'Fatma Dita Budiarti', 'fatmadita27@gmail.com', '2023-07-25 03:13:23', '$2y$10$XVWN6x6S8PYa4dWRUYWp4OQ7zv6n63Vl1JE/qmHeQc..xGd9vu2Y.', '93QqynkMgJfPS6iO4YKSOuxRE6Ui6ZxVPQVMahLw.jpg', NULL, NULL, '2023-07-25 03:13:02', '2023-07-25 03:19:10'),
(61, 'Dian Rifani Muthia', 'dianrm910@gmail.com', '2023-07-25 03:13:31', '$2y$10$AakfDgApyK3eoLYrXFiHJuzeLePfkB8r.P7ZsXH53Ud7GJ0ek7yXq', 'yjseQ7bzPV7VKJWJZPeXkhjVHhjNAL25DlOYkxK4.jpg', NULL, NULL, '2023-07-25 03:13:07', '2023-07-25 03:17:28'),
(62, 'Adiya Raihan Mubarok', 'adiya.raihan0416@gmail.com', '2023-07-25 03:13:45', '$2y$10$oA6YrPlyURE3Y0x1MqT9WOT5MMgvsQ.hnO9c/DSdHXOQCh6.J8JYi', 'o8UafsdUvc5GP2FPTxloJyAdEeifm6Q8TTFNcPin.jpg', NULL, NULL, '2023-07-25 03:13:08', '2023-07-25 03:19:40'),
(63, 'Rizky Hadiwijaya', 'rizkyhdwjya@gmail.com', '2023-07-25 03:13:34', '$2y$10$83eKwrf8/NJu4Umd2jfeje9ZMzPm/i6vhDYGLhYy8oS4ZNS9yTN1C', '2NM9AXvJwLi3t92tJbx1wquBQdHGG3pooeO5ECJD.jpg', NULL, NULL, '2023-07-25 03:13:08', '2023-07-25 03:17:49'),
(64, 'Triana Puji Astari', 'trianapuji03@gmail.com', '2023-07-25 03:13:52', '$2y$10$.NskR6ID62QhPzCDZ.J3fu0NGYW2.uDS7E5LpbX98zWvoLU/Fz8YK', 'Hvc2ogDQROjiSp99OYFquSpl47kHfx9LojFJD4Ls.jpg', NULL, NULL, '2023-07-25 03:13:17', '2023-07-25 03:21:00'),
(65, 'Novita Darmastuti', 'novitadarmastuti@gmail.com', '2023-07-25 03:14:15', '$2y$10$J1oAnmYxTZXntrqG/Mca3ekwK/crdfDogNhNtOvIcYFZL4Xnt0ym.', 'kn4SHVzQk4hLatTH7Pu34DQaK3h9pQXJ73feRAhk.jpg', NULL, NULL, '2023-07-25 03:13:37', '2023-07-25 03:27:04'),
(66, 'Wailhaq Sahara', 'wailhaq.sahara103719@students.unila.ac.id', '2023-07-25 03:17:45', '$2y$10$AjndG4fXBfL7g0txmHwYbuJfxh6XbvopxTh/PTYzCEOLUlpfapt5q', 'pYELkPGhacmLjf9QX9xrvcvgbYIFOQvlzIAVd71a.jpg', 'O1KCaiSZB8ZXm1DTHmd6wfObvBqTbuCcYnUHQiH9Q7pp63Df7sJEOepUFnK5', NULL, '2023-07-25 03:13:57', '2023-07-25 03:20:07'),
(67, 'Alya Maghfira', 'maghfiraalya@gmail.com', '2023-07-25 03:14:21', '$2y$10$Erval.qfGNCz5R2qJdIiXOtKg/C1BooJC/LRSVB84Cil16Xj/EUNe', 'rRpb0blgL98lNFuFzP0fR9aoqIYk2xDXSludFHBa.jpg', NULL, NULL, '2023-07-25 03:13:58', '2023-07-25 03:20:48'),
(68, 'Marcella Indriani', 'marcellanndr@gmail.com', '2023-07-25 03:32:22', '$2y$10$QwNygocFwrNib35S7hni7eUHnBqqwiZTvLlGQ68cP2sSv.uqlBf36', 'vpW93WwcZN1np6cVarRjuuikSeCFyAJpxWFiyAZ1.jpg', NULL, NULL, '2023-07-25 03:15:48', '2023-07-25 03:36:01'),
(69, 'Arifah Rara Afiria', 'tapaikapaira@gmail.com', '2023-07-25 03:17:17', '$2y$10$nGNaeO3k7HKLyVZXnzCNJuHSzRtK1Paw7dsI3f1wbvHYvecvsh8p.', 'nrhasmuRmIvxM7S9rqadruVOt2Pf01VsJohKonRS.jpg', NULL, 5, '2023-07-25 03:15:59', '2023-07-25 04:15:20'),
(70, 'Rifdah Kamilah', 'rifdahkamilah191@gmail.com', '2023-07-25 03:20:36', '$2y$10$x8kNx4cL39jFSZ.BoSYjs.X9c0A5IXdNV9HUH7yEidDAiX.iZOmoq', 'aO6qiXhqTwTYuQ1JrtZi2jlT8g5Pldk71ADwlutF.jpg', NULL, NULL, '2023-07-25 03:16:04', '2023-07-25 03:31:50'),
(71, 'Muhammad Fadhil Ramadito', 'fadhilramadito@gmail.com', '2023-07-25 03:16:51', '$2y$10$dss/LFyvZX2Llzgxm/PQs.RwXga9TRDR07t1o.mSkFwYBEvVVBhia', 'fjapfvJVQ995Mbc0o5hLYgFrBcTSjec4JVhi3iiY.png', NULL, NULL, '2023-07-25 03:16:26', '2023-07-25 03:25:02'),
(72, 'Sulfiany Nuralifah', 'sulfiaalifah@gmail.com', '2023-07-25 03:17:09', '$2y$10$DpeIrXk.2aV37TK.VKtWlOFNaT6nBdrjj1ZpSz2VSAe2IIUZA0VVC', 'uSUrieRpkRppuJDi0wD6cMMqadMdeGCJiIxXhvXI.jpg', NULL, NULL, '2023-07-25 03:16:28', '2023-07-25 03:20:13'),
(73, 'Astin Vidyasani', 'astinvidyasani2@gmail.com', '2023-07-25 03:18:32', '$2y$10$0iv1EBz.AYnbgylGqXApzeLu9Sv.QcrBF1W8HCSW1fiJqX9SwmWkS', '8dKc55Nq5C1d2hSjtt7szNC19EALzLQ3gEHRc9Hm.jpg', NULL, NULL, '2023-07-25 03:16:43', '2023-07-25 03:22:07'),
(74, 'Fira Amelia', 'firaamelia27@gmail.com', '2023-07-25 03:17:45', '$2y$10$LkCBZAmGoybkf9gmHYCnk.5AhOp2XcJG4GypV5o5biLOEdCKnc9RO', '4P1sFEbP9FSyNtefoHGaCnxYDFeEgHpA2ur5j36A.jpg', NULL, NULL, '2023-07-25 03:16:59', '2023-07-25 03:29:45'),
(75, 'Devy Yuliyanda', 'depiyulianda@gmail.com', '2023-07-25 03:21:32', '$2y$10$7eggeVLR5r7D9JYjgjJOcO/pVCeC/PsdeA8DrNRwYfnGv58Nn/Nlu', 'eevs6GMZio5w5SL7Z7QePrM0EO8aKBRFBVNJPXmr.jpg', NULL, NULL, '2023-07-25 03:16:59', '2023-07-25 03:32:15'),
(76, 'Quntum Ramadhina', 'quntumrdhina@gmail.com', '2023-07-25 03:17:25', '$2y$10$Q.Ygxv5v7EuUCQCARviTT.Jcv1NxbkWPiuviLqJSXRfSPNv9Al5Cy', 'ont3qYSBHwkuEJx0KNSX79rN1IlW1DXVxsd49OYq.jpg', NULL, NULL, '2023-07-25 03:17:02', '2023-07-25 03:49:39'),
(77, 'Diah Indah Pratiwi', 'diahindah39@gmail.com', '2023-07-25 03:17:51', '$2y$10$R1qzkUPxX5daPhMx0C6sMODF8Bk58RjVREpN28sPAYag2ZPFMxZ4u', 'OnkDdSEhgysXWr1hfdRLckDJHbSmJ0cSjXdKppMp.jpg', NULL, NULL, '2023-07-25 03:17:30', '2023-07-25 03:43:57'),
(78, 'Zahra Luthfiyyah', 'zahraluthfiyyah24@gmail.com', '2023-07-25 03:24:02', '$2y$10$lIQp1QL7Z5MubcAC67.23uY7wtwpQGt/H56Q6WEATQjpmXAV.eUDi', 'KB2UvKXh1GgSCotZfNO50pgKDm1magJfuv4tvMJB.jpg', NULL, NULL, '2023-07-25 03:17:31', '2023-07-25 03:41:06'),
(79, 'Ayu Aulia Putri', 'ayuauliaputri24@gmail.com', '2023-07-25 03:18:48', '$2y$10$jFl9hBYSRbrATNw.z5Xlke8SmruI9XcihWgMUjdPE8X5yLEuhig96', 'boaL1nPy2BylPR4tPFFSCE7EWkQQgni58stGTwIk.jpg', NULL, NULL, '2023-07-25 03:17:58', '2023-07-25 03:28:36'),
(80, 'Partini', 'partiniirsyad26@gmail.com', '2023-07-25 03:19:01', '$2y$10$Cc9OdqfBb.qeSQx1ftIeze7Cb1BJjPFKxT/uEGpvWUSzFdjTxykVu', 'AER402UDgK6Wn8IvqYwvqHZ5q6vTOvGbeHWkInoE.jpg', NULL, NULL, '2023-07-25 03:18:10', '2023-07-25 03:23:37'),
(81, 'Ahmad Barep Prayogo', 'prayogoahmad11@gmail.com', '2023-07-25 03:19:50', '$2y$10$hUx5qbsi/LGbF5V5VhEBfO/LhYfMSLk4qLWzbaUyOuSrfloa6TjTe', 'PnrBmHrKScJtsgeR48haMXSLL0nd1z7HXBq5KCqj.jpg', NULL, NULL, '2023-07-25 03:19:16', '2023-07-25 03:22:11'),
(82, 'Ayu Ranja Saputri', 'sayuranja@gmail.com', '2023-07-25 03:20:23', '$2y$10$O.2m0A/txKQy03NOGjXRKe1.vXxDxbnonKq.b8LPCGEYWarrrQgGm', 'VpvWcfRiXRey4aCztQHOA9iDWXjmIJKWFOOQZxYk.jpg', NULL, NULL, '2023-07-25 03:19:25', '2023-07-25 03:28:13'),
(83, 'Dony Ega Utama', 'donyutama69@gmail.com', '2023-07-25 03:20:20', '$2y$10$Y2nt0cG941eFAy9PurrFU.suye/dQakoyPPegpHkA5AhBlpGwHkzS', 'OLcfO1llzlky5kjid6InjPwVG3uyxm4mc33SQHFL.jpg', NULL, NULL, '2023-07-25 03:19:38', '2023-07-25 03:24:43'),
(84, 'Dwiky Ihwan Ma\'ruf', 'dwikyihwan07@gmail.com', '2023-07-25 03:21:11', '$2y$10$yoFjN5bIp9FX5QhMD47YXed7OWdR0.iiS7jBJevx/8yz7vALNUnTe', 'sakAwl9XUDufXlhCYktqyZUDh8tTCIRJJxj4Vcvm.jpg', NULL, NULL, '2023-07-25 03:20:07', '2023-07-25 06:51:22'),
(85, 'Melati Danty Imelda Adray', 'melatidanty@gmail.com', '2023-07-25 03:21:12', '$2y$10$UNOn4idNkW7lQTUGqb0lwOuqDcbQdPpx30EsI/DzfGRI3tgeBb0i.', 'SBEGVAA1c6m9fXsJgGN0FB3gKCYtoth4BJ7FNITD.jpg', NULL, NULL, '2023-07-25 03:20:28', '2023-07-25 03:22:50'),
(86, 'Ahda Bayani Awaliyah', 'ahdabayania@gmail.com', '2023-07-25 03:21:04', '$2y$10$ij2MkJIJrTvkYjIkYJWXeOL0rhtB091aAhH9BhI5rLEj88hgHg1ue', 'O5JaLbKZLf53tWsaISJyy56lwiUZUj7xUcY1IBeE.jpg', NULL, NULL, '2023-07-25 03:20:40', '2023-07-25 03:25:51'),
(87, 'Lousanja Dira Sa\'uddah', 'diralousanja@gmail.com', '2023-07-25 03:23:20', '$2y$10$eTzyvmsnpNOnSPWitFLs1..DpzwZo7OF4Drug8h6pr.0bNhETZieK', 'ybbBkEikKjZY8xMtvX2B3HxyYDS9HsH3sXvfSHpu.jpg', NULL, NULL, '2023-07-25 03:20:51', '2023-07-25 06:40:41'),
(88, 'Mohammad Rizky Arpan Zein', 'arpanzein791@gmail.com', '2023-07-25 03:22:35', '$2y$10$ADzmXl7lumt1WPDXbQWb6eiKkC1Qdn2tk6J0FVU8QyNHEtBgbhp7u', 'tpvuYckCZ08x4ENOur9rDJt0YM1BJDyZyVBmH22t.jpg', NULL, NULL, '2023-07-25 03:20:58', '2023-07-25 03:28:03'),
(89, 'Unggul Sulistio Satrio Utomo', 'unggulsulistio24@gmail.com', '2023-07-25 03:22:17', '$2y$10$th8jUzBdxyuoDBcKzFzfT.ZlTaqFRf.nIrrTinb8X/M9JLybEONUm', 'f9Ihh3kMwQU0m7E8CHOQUME2lzbxWpmJ4gAAGcLb.jpg', NULL, NULL, '2023-07-25 03:21:48', '2023-07-25 03:26:47'),
(90, 'Kania Nur Aisyah', 'kanianuraisyah5@gmail.com', '2023-07-25 03:22:10', '$2y$10$Z1fk6wOThPvhjC9uk6tE5.lkdXXdi37.LW4vmiCuOFi6R11/6MOu2', 'F7deEKvQRmeDUxGn5r6yzBrUV9t1WIrrYnHzpQcy.jpg', NULL, NULL, '2023-07-25 03:21:51', '2023-07-25 03:36:40'),
(91, 'Cindi Pebrianti', 'pebrianticindi010201@gmail.com', '2023-07-25 03:23:00', '$2y$10$LwJPyb1HoEbPp30Oko0zXewL.t2bqiHgM0hmGkeMPS4HdXzwIMrfi', 'Z2p6Vo5K9haHZq4G9aw1BENpWx7vZKFHDkjrfwqV.png', NULL, NULL, '2023-07-25 03:21:54', '2023-07-25 03:30:07'),
(92, 'Fitri Febriani', 'fitrifbrni11@gmail.com', '2023-07-25 03:23:16', '$2y$10$epg4s7lj7sxkH7hjJu0yPOn85Wkm6ix1U7oTsrH8ruf.WJjnOQq0q', '9Dc9NYbkeLV4CsI14PXpnUVcdb9WYrppJoles64p.jpg', NULL, NULL, '2023-07-25 03:22:22', '2023-07-25 03:28:06'),
(93, 'Yohana Rizky Nora Simatupanv', 'yohanaryz19@gmail.com', '2023-07-25 03:26:45', '$2y$10$Pgv2lAGwf3ag5fNjMPniqeJ5skNYdKjxlvvFPYc9SmTo/kTwxciyO', '5eDE6lPq9QyxaY3f4RGOr8NRWWghJsUsZEbk4Nb8.jpg', 'csyDPDXbvrsGwR2ymuguwSpDZxiTAbuACNipyeUt1sP1c7rLo3mw7clHsjma', NULL, '2023-07-25 03:26:18', '2023-07-25 07:32:46'),
(94, 'Wahidatun Nur Khasanah', 'wahidatunnurkhasanah15@gmail.com', '2023-07-25 03:27:05', '$2y$10$F7OLoqjGpXd1Tuk8J9xis.RTfo8o2Aj0.Lg37ig0FsaW8Mp5FvPRy', 'HZQdlnoHYdeOr35BlDp8WEEY6UkIuZRNgskpCKqa.png', NULL, NULL, '2023-07-25 03:26:29', '2023-07-25 03:36:33'),
(95, 'Maulana Arya Nadhief', 'maulanaaryanadhief@gmail.com', '2023-07-25 03:29:09', '$2y$10$eKKuM37mxKYB.i3O8aD5Ue9XYGUqmlcrtcrsU83ed0ZAN58IR1UOS', 'GVFdWLJscIuCtkQOowKII54Ab9ljgD72pSdeiQAg.jpg', NULL, NULL, '2023-07-25 03:28:45', '2023-07-25 03:31:46'),
(96, 'Virginia Nuh Reza Amanda', 'virginianuhrezaamanda5796@gmail.com', '2023-07-25 03:30:40', '$2y$10$IDA/qA5G6.PSj28tyyZD5e0nGmhRiEkzIQpQdIRI3WaHZ9tV48YIK', 'aYDrMS8f9wGfIIU8JOzxtLu8nAqF0HXBz4BgIV9z.jpg', NULL, NULL, '2023-07-25 03:29:52', '2023-07-25 03:40:45'),
(97, 'Rangga Nanda Putra', 'rangganandaputra17@gmail.com', '2023-07-25 03:37:11', '$2y$10$ZEltT1ufetjENbng2Affz.wGQ12FX.Qf8NUooP00IX2BONc7jecKu', '3g5d52eJhMcxdwOuOfjip9R3PvB4R642SaSqf2Qe.jpg', NULL, NULL, '2023-07-25 03:29:58', '2023-07-25 03:41:07'),
(98, 'Happy Yunia Putri', 'happy.yunia.putri@gmail.com', '2023-07-25 03:34:14', '$2y$10$mVouPr1pj934DShb7Uy36uLMDXwrdKXL9/vTWA1eK.W8eYnvEmE0u', 'aGXN5iHBA9swDgJlNkZpsUQ9OaVjg8egehdoOz87.jpg', NULL, NULL, '2023-07-25 03:33:38', '2023-07-25 03:39:53'),
(99, 'Bellia Annisa Violeta', 'belliaav5@gmail.com', '2023-07-25 03:35:06', '$2y$10$9qEMZQWacYQzsho7z/ARa.Qrc5tiZZi/8XExJZcAQ.upbmNe37J0K', 'default.png', NULL, NULL, '2023-07-25 03:34:22', '2023-07-25 03:35:06'),
(100, 'Sabrina Ocha Felinda', 'sabrina.ocha.f@gmail.com', '2023-07-25 03:34:57', '$2y$10$iByz9PHkDPh6UMk8/010iOsOeJWhPUwZxGymZQMUK4b3BJcHy8mWa', 'bXOfWsbdqzcN0j6vLIpoXnkA7rkh6X8Nn9PwkxOu.jpg', NULL, NULL, '2023-07-25 03:34:29', '2023-07-25 03:37:55'),
(101, 'Alinil Masruroh', 'alinilruroh@gmail.com', '2023-07-25 03:37:39', '$2y$10$8Bzh.BH9KeDw/oQgEwBpjOJaiuVGy4b3ZrjXIT774USrR92631cZy', '9sT5eoPYdwiREJsk1l8svZGt18GzZzhMHXklygph.jpg', NULL, NULL, '2023-07-25 03:36:47', '2023-07-25 03:49:05'),
(102, 'Shilvia Putri', 'shilvialina@gmail.com', '2023-07-25 03:40:35', '$2y$10$uWkNTt4txxjcGIkZV7BKk.k/AGzZlJMkmjW.vvKyZBgqNfvF8le9y', 'ErH2jXshJaplnvE751L3syZOpI7ZkVrMNKOTmebJ.jpg', NULL, NULL, '2023-07-25 03:38:18', '2023-07-25 07:35:35'),
(103, 'Niko Hilal Fazri', 'niko.hilal@gmail.com', '2023-07-25 03:41:00', '$2y$10$DtmCyiRA2vtxHMHoasW9POmI//SADQUEar7XVaXlxSU4hE7BBRDGm', 'OvQpxxxMMc3PnsSvqa87FcgEsqRtEDfoh6ZMjezf.jpg', NULL, NULL, '2023-07-25 03:40:18', '2023-07-25 03:46:36'),
(104, 'Annur Valita Sindiani', 'sindiannur7@gmail.com', '2023-07-25 03:42:52', '$2y$10$oaMHzLxyXfRXYiW1tWmAQelS/rAAayzkGi55CF11.bZTQOjdDuuvm', 'HqyuArUvjMBe8xZ1XJT64b5ZiyoI78ZKXq2VNHO9.jpg', NULL, NULL, '2023-07-25 03:41:38', '2023-07-25 03:45:30'),
(105, 'Novani Aludra Zafira', 'novanialudra1@gmail.com', '2023-07-25 03:44:58', '$2y$10$syDqL9mL/WoudmkmJHqeJO4DCgqIrlFEPz/vWRiy4foshVdn9QJGK', 'JxSSLCSPBptrKA5mz9a2HpXf2hSfVmwZfYJfz9no.jpg', NULL, NULL, '2023-07-25 03:44:16', '2023-07-25 10:44:40'),
(106, 'Nurul Ulfa Safitri', 'nurululfasafitri7@gmail.com', '2023-07-25 03:52:32', '$2y$10$4CfLPfDu082pAzPdNcSlTurUHR2Ek.IJL0/81qSlu/T9JoCN6nygy', 'TEEpkmXCQyFeMD4KwSNEd804NJ3IMlytgK3eP4Rf.jpg', NULL, NULL, '2023-07-25 03:52:10', '2023-07-25 03:57:06'),
(107, 'Putu Putra', 'putuputrae@gmail.com', '2023-07-25 04:05:17', '$2y$10$Mio4FjwmUFc98C.RB.UCae9ABExFjvq/ww0KYveyYQJHdsQVZCRze', '2hWZidt9K1lwsNU4A1leUqDXVqKWiEnxhrmOYRXi.png', NULL, NULL, '2023-07-25 04:04:11', '2023-07-25 04:05:58'),
(108, 'Munifah', 'munifah777@gmail.com', '2023-07-25 04:34:37', '$2y$10$ahwFXzT3bS1MGTGXRVjQHuVY0XX2laU0bDwUK5RYXXpj78w09M9Tq', 'z4BtXn4wndtDyYQ9XGb3gT9eRhFMqfV1bWCK5Ucs.jpg', NULL, NULL, '2023-07-25 04:33:34', '2023-07-25 04:36:12'),
(110, 'Ibnu Fadilah', 'ibnu.fadilah1200@gmail.com', '2023-07-25 07:50:58', '$2y$10$gA9a2tk5Jp.JWnXZZoQOKePXva5.3JGSpNB3Id3KsrbuWu5yeTB/m', 'nkR40mW2ek9OH8xSefDNqvvAUvHlrfcWp04Ql3bT.jpg', NULL, NULL, '2023-07-25 07:50:23', '2023-07-25 07:57:14'),
(111, 'Devi Liana', 'deviliana124@gmail.com', '2023-07-25 07:58:54', '$2y$10$qf7H/OElRAckWt/9AHwUD.cYUph.lw1.z9mXiFUVCFNB89SJxoOua', 'XOOYCNWaV6k0EIaqGMrslZk8ShwqkErtTqOl5cnA.jpg', NULL, NULL, '2023-07-25 07:58:19', '2023-07-25 08:05:26'),
(112, 'Wahyu Indah Silvi Budyanti', 'silvibudyanti@gmail.com', '2023-07-25 08:40:34', '$2y$10$0dJdgFXu9wJoRjnmcp1kuOgYgZJpDfwfEj1qvQ5AgrZPxTgxPypiO', 'default.png', NULL, NULL, '2023-07-25 08:39:41', '2023-07-25 08:40:34'),
(113, 'Syangap Diningrat Sitompul', 'syangap1610@gmail.com', '2023-07-27 12:20:21', '$2y$10$eD6nMkuLvuhjwk.Z6Bg9Seko.K661c6Gly0cYZwyi6BoneGD2QL7y', 'default.png', NULL, NULL, '2023-07-27 12:19:46', '2023-07-27 12:20:21');

--
-- Dumping data for table `model_has_roles`
--

INSERT INTO `model_has_roles` (`role_id`, `model_type`, `model_id`) VALUES
(4, 'App\\Models\\User', 1),
(9, 'App\\Models\\User', 1),
(4, 'App\\Models\\User', 2),
(4, 'App\\Models\\User', 3),
(4, 'App\\Models\\User', 4),
(4, 'App\\Models\\User', 5),
(4, 'App\\Models\\User', 6),
(15, 'App\\Models\\User', 6),
(4, 'App\\Models\\User', 7),
(11, 'App\\Models\\User', 7),
(4, 'App\\Models\\User', 8),
(11, 'App\\Models\\User', 8),
(4, 'App\\Models\\User', 9),
(4, 'App\\Models\\User', 10),
(4, 'App\\Models\\User', 11),
(6, 'App\\Models\\User', 11),
(13, 'App\\Models\\User', 11),
(4, 'App\\Models\\User', 12),
(11, 'App\\Models\\User', 12),
(4, 'App\\Models\\User', 13),
(8, 'App\\Models\\User', 13),
(4, 'App\\Models\\User', 14),
(11, 'App\\Models\\User', 14),
(4, 'App\\Models\\User', 15),
(4, 'App\\Models\\User', 16),
(4, 'App\\Models\\User', 17),
(21, 'App\\Models\\User', 17),
(4, 'App\\Models\\User', 18),
(14, 'App\\Models\\User', 18),
(17, 'App\\Models\\User', 18),
(4, 'App\\Models\\User', 19),
(8, 'App\\Models\\User', 19),
(11, 'App\\Models\\User', 19),
(16, 'App\\Models\\User', 19),
(4, 'App\\Models\\User', 20),
(4, 'App\\Models\\User', 21),
(7, 'App\\Models\\User', 21),
(4, 'App\\Models\\User', 22),
(20, 'App\\Models\\User', 22),
(4, 'App\\Models\\User', 23),
(4, 'App\\Models\\User', 24),
(4, 'App\\Models\\User', 25),
(4, 'App\\Models\\User', 26),
(4, 'App\\Models\\User', 27),
(4, 'App\\Models\\User', 28),
(4, 'App\\Models\\User', 29),
(4, 'App\\Models\\User', 30),
(5, 'App\\Models\\User', 30),
(4, 'App\\Models\\User', 31),
(12, 'App\\Models\\User', 32),
(2, 'App\\Models\\User', 33),
(1, 'App\\Models\\User', 34),
(1, 'App\\Models\\User', 35),
(1, 'App\\Models\\User', 36),
(1, 'App\\Models\\User', 37),
(1, 'App\\Models\\User', 38),
(3, 'App\\Models\\User', 39),
(10, 'App\\Models\\User', 39),
(3, 'App\\Models\\User', 40),
(3, 'App\\Models\\User', 41),
(3, 'App\\Models\\User', 42),
(3, 'App\\Models\\User', 43),
(3, 'App\\Models\\User', 44),
(3, 'App\\Models\\User', 45),
(3, 'App\\Models\\User', 46),
(3, 'App\\Models\\User', 47),
(3, 'App\\Models\\User', 48),
(3, 'App\\Models\\User', 49),
(3, 'App\\Models\\User', 50),
(3, 'App\\Models\\User', 51),
(3, 'App\\Models\\User', 52),
(3, 'App\\Models\\User', 53),
(3, 'App\\Models\\User', 54),
(3, 'App\\Models\\User', 55),
(3, 'App\\Models\\User', 56),
(3, 'App\\Models\\User', 57),
(3, 'App\\Models\\User', 58),
(3, 'App\\Models\\User', 59),
(3, 'App\\Models\\User', 60),
(3, 'App\\Models\\User', 61),
(3, 'App\\Models\\User', 62),
(3, 'App\\Models\\User', 63),
(3, 'App\\Models\\User', 64),
(3, 'App\\Models\\User', 65),
(3, 'App\\Models\\User', 66),
(3, 'App\\Models\\User', 67),
(3, 'App\\Models\\User', 68),
(3, 'App\\Models\\User', 69),
(3, 'App\\Models\\User', 70),
(3, 'App\\Models\\User', 71),
(3, 'App\\Models\\User', 72),
(3, 'App\\Models\\User', 73),
(3, 'App\\Models\\User', 74),
(3, 'App\\Models\\User', 75),
(3, 'App\\Models\\User', 76),
(3, 'App\\Models\\User', 77),
(3, 'App\\Models\\User', 78),
(3, 'App\\Models\\User', 79),
(3, 'App\\Models\\User', 80),
(3, 'App\\Models\\User', 81),
(3, 'App\\Models\\User', 82),
(3, 'App\\Models\\User', 83),
(3, 'App\\Models\\User', 84),
(3, 'App\\Models\\User', 85),
(3, 'App\\Models\\User', 86),
(3, 'App\\Models\\User', 87),
(3, 'App\\Models\\User', 88),
(3, 'App\\Models\\User', 89),
(3, 'App\\Models\\User', 90),
(3, 'App\\Models\\User', 91),
(3, 'App\\Models\\User', 92),
(3, 'App\\Models\\User', 93),
(3, 'App\\Models\\User', 94),
(3, 'App\\Models\\User', 95),
(3, 'App\\Models\\User', 96),
(3, 'App\\Models\\User', 97),
(3, 'App\\Models\\User', 98),
(3, 'App\\Models\\User', 99),
(3, 'App\\Models\\User', 100),
(3, 'App\\Models\\User', 101),
(3, 'App\\Models\\User', 102),
(3, 'App\\Models\\User', 103),
(3, 'App\\Models\\User', 104),
(3, 'App\\Models\\User', 105),
(3, 'App\\Models\\User', 106),
(3, 'App\\Models\\User', 107),
(3, 'App\\Models\\User', 108),
(3, 'App\\Models\\User', 109),
(3, 'App\\Models\\User', 110),
(3, 'App\\Models\\User', 111),
(3, 'App\\Models\\User', 112),
(3, 'App\\Models\\User', 113);

--
-- Dumping data for table `dosen`
--

INSERT INTO `dosen` (`id`, `encrypt_id`, `nip`, `nidn`, `nama_dosen`, `no_hp`, `tanggal_lahir`, `tempat_lahir`, `alamat`, `status`, `jenis_kelamin`, `user_id`, `created_at`, `updated_at`) VALUES
(1, 'eyJpdiI6InFXaytUWlRycjVTMG5yd0ZKSTZmQXc9PSIsInZhbHVlIjoiVkd1UDcwN1lqbUVFeW1CaUQxTE84UT09IiwibWFjIjoiN2M0YmFmMTlhNTlkOGI2MWI1MDZkNzVkMWQ0MDA2YjJjMzUyOGZkOGJlZGQ1NjAzNmMyN2IzMDQ4ZmUyZjk0MyIsInRhZyI6IiJ9', '197406112000031000', '0011067401', 'Mulyono, S.Si., M.Si., Ph.D.', '08117255001', '1974-06-11', 'Dummy', 'Dummy', 'Aktif', 'Laki-laki', 1, '2020-08-29 17:00:00', '2020-08-29 17:00:00'),
(2, 'eyJpdiI6IjlRaXdPem1CSkhXZGNYYnpYWDd2NXc9PSIsInZhbHVlIjoiOHd0ZXRtbjZjcHdGazg4clJvaEZtQT09IiwibWFjIjoiMTcxZjUwNDNkMTk1NGYyZWNlZGMzZjM2MzQxZGJjYTI0ZDc2ZjUzNDRjNTc5Y2U1ODI4Y2VmZjllMjZlNzc5ZCIsInRhZyI6IiJ9', '196102031987031000', '0003026102', 'Prof. Dr. Hardoko Insan Qudus, M.S', '0811790460', '1961-02-03', 'Dummy', 'Dummy', 'Aktif', 'Laki-laki', 2, '2020-08-29 17:00:00', '2020-08-29 17:00:00'),
(3, 'eyJpdiI6IkZUWjdtemZmSzNQZ3loYjNLZ2RWUEE9PSIsInZhbHVlIjoia3R3T01MWkR3ODVUQ1I5dThLSk5iZz09IiwibWFjIjoiZWM2YTk5YmMyN2UzYmUxYzg2ZDRiODQzYzgwNGZjNTE2YjdjNGVhZDRkZWFkNzRlNjA1ZTM3NjBhNzQ4ZGVjNyIsInRhZyI6IiJ9', '196505251990032000', '0025056505', 'Dr. Dra. Ilim, M.S.', '081379510280', '1965-05-25', 'Dymmy', 'Dummy', 'Aktif', 'Perempuan', 3, '2020-08-29 17:00:00', '2020-08-29 17:00:00'),
(4, 'eyJpdiI6Ik1XYm1Td2p0ZVRLT2dHWUE3cWtKRXc9PSIsInZhbHVlIjoibUM1WFlNN01WSXRoblFyUnJYL3lSUT09IiwibWFjIjoiNzc0YzkyMWYwMzhlYzA5MDk5MDgzZjRjY2Q5OTRkOTM3Y2YxNzhjMjk2Y2YxZGEyMjA4MmQwYjljY2NlZWM3ZCIsInRhZyI6IiJ9', '196904161994032000', '0016046905', 'Prof . Dr. Buhani, M.Si.', '082176049777', '1969-04-16', 'Dummy', 'Dummy', 'Aktif', 'Perempuan', 4, '2020-08-29 17:00:00', '2020-08-29 17:00:00'),
(5, 'eyJpdiI6IldKOTU3QllFLzFIUWJpemI3RXBpeUE9PSIsInZhbHVlIjoiQTl4b20rYmVVWTZGRzQyZ3NFemFxdz09IiwibWFjIjoiNTE1ZGJkMDc2NTA3ZDZkNGIwZTEyNDEwMmI1ZjdiOWRiOWM3ZDdiNjBiYTdmMTljMTcxNDU5MWUxZDk0Njc4NyIsInRhZyI6IiJ9', '196905301995121000', '0030056903', 'Prof. Ir. Suharso, S.Si., Ph.D.', '081368021035', '1969-05-30', 'Dummy', 'Dummy', 'Aktif', 'Laki-laki', 5, '2020-08-29 17:00:00', '2020-08-29 17:00:00'),
(6, 'eyJpdiI6Im9xU3VSV2hmMXdJOFZIZERPMStnSXc9PSIsInZhbHVlIjoiUUdqR01NczZ1emhHa3V6K3lvNS82Zz09IiwibWFjIjoiMzk2ODdiM2FjNWM5ZGI0MmMyNmQ2YzdjOTkzNDE1NDk2ZjdmZDJjZDgzOTMyN2Y4OTYzOWI4ZjVmMmYwYWExNyIsInRhZyI6IiJ9', '197007052005011000', '005077009', 'Dr. Agung Abadi Kiswandono, S.Si., M.Sc.', '081329121722', '1970-07-05', 'Dummy', 'Dummy', 'Aktif', 'Laki-laki', 6, '2020-08-29 17:00:00', '2020-08-29 17:00:00'),
(7, 'eyJpdiI6Ilk3bHU1TTJOY3dNKzBIaDlydyswdXc9PSIsInZhbHVlIjoiWjZUMXZPNEZveVFrMmUrclpxVUE1QT09IiwibWFjIjoiNWQ2OWJlMTVmMDY4YTU3MzMyMjE2NGZiYzM5MTEyZjBkZTYzMjQ3OGExMjUwZTAzMGIxOThhYmM1ZTE0NDFkYiIsInRhZyI6IiJ9', '197104142000032000', '0014047101', 'Dr. Rinawati, Ph.D, S.Si, M.Si', '087809507988', '1971-04-14', 'Dummy', 'Dummy', 'Aktif', 'Laki-laki', 7, '2020-08-29 17:00:00', '2020-08-29 17:00:00'),
(8, 'eyJpdiI6IjJWcW0wdGlEb1E1NlB3WE5zeG84V1E9PSIsInZhbHVlIjoiWUVRaWJCNFBCcyt1V0g4dWtTcXVSZz09IiwibWFjIjoiNTMwNWM0Y2E1MjIwMjY1YmI4Njk2MzIxNTc0ZGQ3N2EyMzg5YTI3YzE0OTNjM2M3ZTg3ODc4OTcwMmJjNjIzYSIsInRhZyI6IiJ9', '197108062000032000', '006087103', 'Dr. Dian Herasari, M.Si.', '081541281251', '1971-08-06', 'Dummy', 'Dummy', 'Aktif', 'Perempuan', 8, '2020-08-29 17:00:00', '2020-08-29 17:00:00'),
(9, 'eyJpdiI6IjlMQXY2ZHFhd21ZN3FnQWovQ0xmS3c9PSIsInZhbHVlIjoiZUpCTEZFN0Z3eFYveWdwWmJRNnNNZz09IiwibWFjIjoiYjY5NmE3ZTNjY2EyZjFjMzA5MjA1ZmNiNDE3NmY0YjgzNGY2NDEwZjNhZGY1ZWNmN2E2NjQ4ODVkOThmNzY2NCIsInRhZyI6IiJ9', '197110012005011000', '001107104', 'Dr. Eng. Heri Satria, S.Si., M.Si.', '081379573510', '1971-10-01', 'Dummy', 'Dummy', 'Aktif', 'Laki-laki', 9, '2020-08-29 17:00:00', '2020-08-29 17:00:00'),
(10, 'eyJpdiI6IkY5RU15eXJranB2NllKVXJqSHlWeFE9PSIsInZhbHVlIjoiZWtqTDA0TTdieVRKYXlGaitnbTJSQT09IiwibWFjIjoiOWM2M2M2YmZiZjEwNDE4OGQyODk5YzkxN2NjYjIzNTU0Yzg3ZGU3ZjY2YWI5ZGU3NjdlNzVkYjQ0NzhjNWUyYyIsInRhZyI6IiJ9', '197110301997031000', '0030107101', 'Dr. Sonny Widiarto, S.Si., M.Sc.', '085267974746', '1971-10-03', 'Dummy', 'Dummy', 'Aktif', 'Laki-laki', 10, '2020-08-29 17:00:00', '2020-08-29 17:00:00'),
(11, 'eyJpdiI6InYrNGtmZlJyblZ2TktHdVdpQk5iZ0E9PSIsInZhbHVlIjoiR2dDUll2eHdiejVJM21Oa1l3ZGlVZz09IiwibWFjIjoiZWI3ZmZmNWUzNzBkMDBhY2QyZTE1MmQ1OTg1N2ZkYTg0N2MyNTBkNDMwNjRmMjk0YzcwYjMyYmMyYzUxNDQ1ZiIsInRhZyI6IiJ9', '197205302000032000', '000030057201', 'Dr. Mita Rilyanti, S.Si., M.Si.', '081289592903', '1972-05-30', 'Dummy', 'Dummy', 'Aktif', 'Perempuan', 11, '2020-08-29 17:00:00', '2020-08-29 17:00:00'),
(12, 'eyJpdiI6IlJhbWtMQUhpSy9peTNVTE04RTNoQUE9PSIsInZhbHVlIjoiT1BoSkNuVENVWlhvcEZRSGJJS1JwQT09IiwibWFjIjoiNzQ5ZTllZTA2YTViOWU2MWIxZjI5YzNjZjE1ZDE5Njk1M2JmNTQ0ZDZhY2FlMDc3YjFmNTk0M2ZlNDI0NzRlMSIsInRhZyI6IiJ9', '197212051997032001', '0005127202', 'Prof. Dr. Kamisah Delilawati Pandiangan, S.Si., M.Si.', '081379284072', '1972-12-05', 'Dummy', 'Dummy', 'Aktif', 'Perempuan', 12, '2020-08-29 17:00:00', '2020-08-29 17:00:00'),
(13, 'eyJpdiI6IlY3UnhNMHFBdXo0eGk4WUdzR2t2N1E9PSIsInZhbHVlIjoiUVVCMW56MzZMam9wbFd0aXFGWXVZdz09IiwibWFjIjoiOWY3NGZhMWMwMGRiMDIxZDRmNWRmYzY4Y2I0NDQyNWVjMjJmNDE0MDkzN2UzYWNhODJjMTk5Y2M5NGEzZjU1MCIsInRhZyI6IiJ9', '197308252000031001', '0025087305', 'Syaiful Bahri, S.Si, M.Si', '08112193499', '1973-08-25', 'Dummy', 'Dummy', 'Aktif', 'Laki-laki', 13, '2020-08-29 17:00:00', '2020-08-29 17:00:00'),
(14, 'eyJpdiI6IkRzR1prWEJGemNRbDV3eVpJRVVlNlE9PSIsInZhbHVlIjoiSU4wQmExeC9HUTZzOVM5NGR4ZzZtZz09IiwibWFjIjoiNWY2MWIwMjZmODEzOGFkNmYzNGZhZjM0ZTFkNmUyZDg2NjkzMGUyYzUwMWYwYmQxYTc0YjNiMGI4NDJkZDMwOCIsInRhZyI6IiJ9', '197311191998022001', '0019117301', 'Prof. Dr. Noviany, S.Si., M.Si', '081377792816', '1973-11-19', 'Tanjungkarang', 'Jl. Soemantri Brojonegoro No. 1', 'Aktif', 'Perempuan', 14, '2020-08-29 17:00:00', '2023-07-26 02:13:44'),
(15, 'eyJpdiI6IjM4bHRja3RBSGFLM1ArRmIrL1lZekE9PSIsInZhbHVlIjoiRnUrVmkyV0lxejgyZnFJY1pDdTl5dz09IiwibWFjIjoiN2U3MWUyOTNhNjVmZGVhN2I0ODM5NGU1NTFhOWMzNWM3YWVmYmZkZjdmODZmMThmMWU2M2JhYzRhYzc5NmNhMyIsInRhZyI6IiJ9', '197406092005011002', '0009067406', 'Diky Hidayat, S.Si., M.Sc.', '08112193499', '1974-06-09', 'Dummy', 'Dummy', 'Aktif', 'Laki-laki', 15, '2020-08-29 17:00:00', '2020-08-29 17:00:00'),
(16, 'eyJpdiI6IjhLdGs5WHJORWN3TTN3RFNxeHR3MXc9PSIsInZhbHVlIjoib3prZXA3Vmd3MElXemw4aVhyRWplZz09IiwibWFjIjoiNmJkNzY1MmJhZDZiMGVhMDk5ZWQyMzk4MzAzOTBhZWZjMThiZTg5ZTc0Y2NkMTk2YzdmYWNiY2Q2YzdkZjMzNSIsInRhZyI6IiJ9', '197407052000031001', '0005077407', 'Dr. Eng. Suripto Dwi Yuwono, S.Si., M.T.', '08117970046', '1974-07-05', 'Dummy', 'Dummy', 'Aktif', 'Laki-laki', 16, '2020-08-29 17:00:00', '2020-08-29 17:00:00'),
(17, 'eyJpdiI6IlJuRWZZL204T3RHYUJpV2RHaEwyNHc9PSIsInZhbHVlIjoiVGkrRDlhUldYOXMyaDgrZFArZUdWdz09IiwibWFjIjoiNzc4OTRhYWYwYmMzZjhjYjNjZTg1MGM4NDhiYWVkNDIwY2FiZmE0MzVmMzc5NmFkMDg3ZjVlYmIxMDFjNTZkMCIsInRhZyI6IiJ9', '197407172008122003', '0217077401', 'Dr. Yuli Ambarwati, S.Si, M.Si.', '081321119205', '1974-07-17', 'Baradatu', 'Komplek Polri Blok B12 no 2 Hajimena Natar Lampung Selatan', 'Aktif', 'Perempuan', 17, '2020-08-29 17:00:00', '2023-07-26 08:03:17'),
(18, 'eyJpdiI6IkJ6ZXVwUGM2YXZNWHQ3Y0lMOU5MWWc9PSIsInZhbHVlIjoiWE8yRVkreWFZUjZxZWs1R01BcWVSQT09IiwibWFjIjoiMmQ4ODQwMjFkMzhiZWI2YThjYTYwZDAxMTI4OWIyZTdhNzA1YTA4ODVlY2Y4YTM3MjJmMWNlYWI5ZGM4NjcxMSIsInRhZyI6IiJ9', '197412111998022001', '0011127404', 'Dr. Nurhasanah, S.Si, M.Si', '08127265028', '1974-12-11', 'Dummy', 'Dummy', 'Aktif', 'Perempuan', 18, '2020-08-29 17:00:00', '2020-08-29 17:00:00'),
(19, 'eyJpdiI6Ijh3VUxaUXo2R1RWZDZuVGtTaDlzOWc9PSIsInZhbHVlIjoiRGpCTTRFMmdLajlkeGp4VHBFcXlrUT09IiwibWFjIjoiYzg2ZThmOGZkYzhjMTY1ZGQxMjM4NGZhMTIyZWYzMjUyYjBiYjAwYWY0ODU4MTQyMTE5MDc4OWU3MmU5NmU0OSIsInRhZyI6IiJ9', '197707132009122000', '0013077704', 'Dr. Ni Luh Gede Ratna Juliasih, S.Si., M.Si.', '08112027674', '1977-07-13', 'Dummy', 'Dummy', 'Aktif', 'Perempuan', 19, '2020-08-29 17:00:00', '2020-08-29 17:00:00'),
(20, 'eyJpdiI6Iklmc3ZuRmgyZjJ1dzhrY0dpdVRqWUE9PSIsInZhbHVlIjoieUJjd1pJY3hrSUVWVndnTkFiemRoZz09IiwibWFjIjoiNWIwYTQ3ZDZiNjU1YWQ5NTBjOTYxMDMyOTgyZGFhNTI4OTRlYzIyZWJkNWQ5NmU2YTA2MGEyMWI0NDdiMGM3OSIsInRhZyI6IiJ9', '198009082009122000', '0008098010', 'Dian Septiani Pratama, S.Si., M.Si.', '081369905628', '1980-09-08', 'Dummy', 'Dummy', 'Aktif', 'Perempuan', 20, '2020-08-29 17:00:00', '2020-08-29 17:00:00'),
(21, 'eyJpdiI6ImFtc0dIMGFkN2V1eG5yNDFIZnlMMWc9PSIsInZhbHVlIjoibFhhQ3hLT213dnl3akt6SGxia0lvUT09IiwibWFjIjoiOGY1MjUwMWY4ZjFhMTU3OWU3ZmNiNTFjODVlYTZkZTE5Y2JkOTcyMjg2NDI3ZGQ3ODc4MzJhYzJkNTJjZGU4MCIsInRhZyI6IiJ9', '199209272019032000', '0027099205', 'Devi Nur Anisa, S.Pd., M.Sc', '081393320796', '1992-09-27', 'Sekampung', 'Jl. Belimbing Perum Sohibalina Blok A02, Dusun Marga Taqwa, Natar, Lampung Selatan', 'Aktif', 'Perempuan', 21, '2020-08-29 17:00:00', '2023-07-27 04:00:56'),
(22, 'eyJpdiI6IjNRSVZzellYYnJJVzJhSTZJMUVRUkE9PSIsInZhbHVlIjoiQm42YlU5WkdiaGZDYXF5ZHc0aXZoZz09IiwibWFjIjoiNjU1ODgxZjc0OTJmYzVjNTQ1NmZiYjkwMWZmNWY3MDgyMGZkZGYwYzY5ZmE0Y2VlNDNhNTllZGZmMWMwZGRmYiIsInRhZyI6IiJ9', '199304062019032000', '2006049301', 'Hapin Afriyani, S.Si., M.Si.', '082279691292', '1993-04-06', 'Lampung Selatan', 'Perumahan Asoka Residence, Blok A 1, Labuhan Ratu, Bandar Lampung', 'Aktif', 'Perempuan', 22, '2020-08-29 17:00:00', '2023-07-25 08:02:15'),
(23, 'eyJpdiI6IlB6ekVvVno4TVBkRFIyQ1VmWERFUGc9PSIsInZhbHVlIjoianFqS09HbmNKVktjdzR3M0hOZU9udz09IiwibWFjIjoiNmMyNTY5YzI3MDY2OTJjMTEyOTJmOTA1ZmVhNDkwYWU2ZTUxODE4ZjE2YzVjYzA5MjJiYzA0NzcwMzg0ZTg5NCIsInRhZyI6IiJ9', '195609051992031001', '0005095605', 'Prof. Dr., Ir. Yandri A.S., M.S.', '0812345678900', '1956-09-05', 'Dummy', 'Dummy', 'Aktif', 'Laki-laki', 23, '2020-08-29 17:00:00', '2020-08-29 17:00:00'),
(24, 'eyJpdiI6Imd2ZjJhSE81OGV3WThGeVZTWEgxbUE9PSIsInZhbHVlIjoiT2NkV09yNWtMKzBGT3pwMTVxcytmZz09IiwibWFjIjoiM2VlNjhiOWFiOTZjM2RmMTk2MTY0OTg1Yjk4MWM2ZjI0MzBjM2E3NTc5YzBlNGQyZTMwN2M3ZWJlOTRjMzVjNCIsInRhZyI6IiJ9', '195405101988032001', '0010055403', 'Prof. Dr. Tati Suhartati, M.S.', '0812345678900', '1954-05-10', 'Dummy', 'Dummy', 'Aktif', 'Perempuan', 24, '2020-08-29 17:00:00', '2020-08-29 17:00:00'),
(25, 'eyJpdiI6ImU1QnZ6cytnS0FNQWNIYkRsdUZhQmc9PSIsInZhbHVlIjoiZjFHREFRVWw0NkJ1RmNwTGFibUtQUT09IiwibWFjIjoiMzY2MzcxM2EyM2FlYjA0YjIwMTdkMGQ0NGM1ZDM1YmIzZjQ5N2I4YjczMWZlNGZiNDAyNTBiMmYzYTBmY2M4YiIsInRhZyI6IiJ9', '195907061988111001', '0007065904', 'Prof. Wasinton Simanjuntak, M.Sc., Ph.D.', '0812345678900', '1959-07-06', 'Dummy', 'Dummy', 'Aktif', 'Laki-laki', 25, '2020-08-29 17:00:00', '2020-08-29 17:00:00'),
(26, 'eyJpdiI6IlV5aWU1cUl2QnV1b215K3pvbGlKdFE9PSIsInZhbHVlIjoiNEY5a0g0eTJES1IraVlMck96SGFIZz09IiwibWFjIjoiMjRiYzUwY2NmZjViZGYxZDBjZTE4ZTI1NDQ3YmJjODM2YmQyYTkzN2U4ZTAxNzJmNjZmMzFiOGEzZmJkNjlmZCIsInRhZyI6IiJ9', '196006161988111001', '0016066003', 'Prof. Rudy T. Mangapul Situmeang, M.Sc., Ph.D.', '0812345678900', '1960-06-16', 'Dummy', 'Dummy', 'Aktif', 'Laki-laki', 26, '2020-08-29 17:00:00', '2023-07-26 04:04:01'),
(27, 'eyJpdiI6IkkvSDZJR1Z5Mzl1Mi9XNzRxMW9BdWc9PSIsInZhbHVlIjoiKzRhcSsreVIxdUJQZnRQN3JGeUtxdz09IiwibWFjIjoiOTVjMWQ1NzJhYTliYzU1ZmJkNGRhOTExZDhlMzAyYzA4ODMwZjExMjhhNzA2MDI5YmU1ZTAyMzQyMmI0NjdlZSIsInRhZyI6IiJ9', '197104151995121001', '0030056902', 'Prof. Dr. Sutopo Hadi, S.Si, M.Sc.', '081369059733', '1971-04-15', 'Banyuwangi', 'Jl. Asoka No. 175 Bataranila Rajabasa Bandar Lampung', 'Aktif', 'Laki-laki', 27, '2020-08-29 17:00:00', '2023-07-26 03:04:13'),
(28, 'eyJpdiI6IkFMZ1p0V3pFbjlsZlR5QTVyNW13NVE9PSIsInZhbHVlIjoiZGtVMFhIM2NxS0ZKUkdjWmpndUxBQT09IiwibWFjIjoiODQxYTlhYzc4Y2VhNWU3ZWNmMjM0NTU5OTFiZTY5ZGUwYjA4ZGZhNDZjMzI5NzQxNWQ2ZDFlNTk0YjUwODdhNyIsInRhZyI6IiJ9', '195810211987031001', '0021105809', 'Prof. Drs. John Hendri,, M.S., Ph.D.', '0812345678900', '1958-10-21', 'Dummy', 'Dummy', 'Aktif', 'Laki-laki', 28, '2020-08-29 17:00:00', '2020-08-29 17:00:00'),
(29, 'eyJpdiI6IjdwNERtYmVKQkptK29veSs5M24zNGc9PSIsInZhbHVlIjoieDlaWFd3TCtjL1VLcG1XK20xZ0Vtdz09IiwibWFjIjoiMDkxMzA1NjA5ZjI0M2ZkMjFkNTA2YjJlN2UxZThjMDJmN2NkOGUzNzM1MGY1NjRjZDQ2OWZjYjI2YTY3MWRmOSIsInRhZyI6IiJ9', '195809221988111001', '0022095803', 'Prof. Andi Setiawan, M.Sc., Ph.D', '0812345678900', '1958-09-22', 'Dummy', 'Dummy', 'Aktif', 'Laki-laki', 29, '2020-08-29 17:00:00', '2020-08-29 17:00:00'),
(30, 'eyJpdiI6IlU3UGtGTytoWWhrNVJ0Tld0QUs2SkE9PSIsInZhbHVlIjoiNm85V2Z6V25rZWFDMEFTcGdod1lqUT09IiwibWFjIjoiZmIzODNjYTBmMzRiOTZjYjk2M2U5MGE1YzM2M2EwOWQ2MGY4MGQ2YzRiNDYxOTI5MTE0OGVkNzEzNzkwZjQ2YSIsInRhZyI6IiJ9', '196009091988112001', '0009096006', 'Dra. Aspita Laila, M.S.', '0812345678900', '1960-09-09', 'Dummy', 'Dummy', 'Aktif', 'Perempuan', 30, '2020-08-29 17:00:00', '2020-08-29 17:00:00'),
(31, 'eyJpdiI6IjJIb2ZWSnI5bzFycWFBYzRpNmdTQkE9PSIsInZhbHVlIjoiR2lWQkZkVlFlV0t0bW9rUWsyZnVSZz09IiwibWFjIjoiMWYwNWRlZmFlNDMyZjBkMTk4YWY1ZjBjNzBkMWVhOGQxOWNkNTAwNTlhN2ZjZWNkNzZhZTc4ODMyNzg0NjlkYiIsInRhZyI6IiJ9', '195901061986102001', '0006015902', 'Dr. Zipora Sembiring, M.Si, Dra.', '0812345678900', '1959-01-06', 'Dummy', 'Dummy', 'Aktif', 'Perempuan', 31, '2020-08-29 17:00:00', '2020-08-29 17:00:00');

--
-- Dumping data for table `administrasi`
--

INSERT INTO `administrasi` (`id`, `encrypt_id`, `nip`, `nama_administrasi`, `no_hp`, `tanggal_lahir`, `tempat_lahir`, `alamat`, `jenis_kelamin`, `status`, `user_id`, `created_at`, `updated_at`) VALUES
(1, 'eyJpdiI6IlB5eXJsMitEOTFSVzRDbTdPaThhTXc9PSIsInZhbHVlIjoiWTNWTmluU2FEYVVxSFN4enpYWmZvUT09IiwibWFjIjoiNGFlMjE0MWIyZWQxZmU5ODFjYTM5ZTZiMzQ0ZDg3Y2MyYzM1YzgyODY5MTA1MDQ0ZGI0NDk0MzU5NWNiNmQ5MCIsInRhZyI6IiJ9', '197906062009101002', 'Rudi Santoso', '081234567890', '1890-01-20', 'Metro', 'Jl. Panglima Polim Kavl.9 No. 1', 'Laki-laki', 'Aktif', 33, '2020-08-29 17:00:00', '2020-08-29 17:00:00'),
(2, 'eyJpdiI6InMyZjc2R0djS09ocjBWa2VTUjBSR1E9PSIsInZhbHVlIjoiQ05HMTRWTWgrZkthMWFWelJ2M0xSQT09IiwibWFjIjoiNzBmNjdjYTE1M2E4NDNjZjU3ZjQ2OWRlMDExMDk3NzI1NDAzZDI1MzU4OTZlYzQ5NzdmMTlhMTQ4N2U4MDcyZiIsInRhZyI6IiJ9', '199912312020', 'Fakhrudin, S.T', '081234567890', '1990-12-12', 'Bandar Lampung', 'Jl. Untung Suropati No. 1 ', 'Laki-laki', 'Aktif', 34, '2020-08-29 17:00:00', '2020-08-29 17:00:00'),
(3, 'eyJpdiI6IlBoaVl3SlZrUWhlTFZDUXpqNDFsYnc9PSIsInZhbHVlIjoiWUJyNWw5Z29rNHFMUGpmSDFXQUNLQT09IiwibWFjIjoiMTMzN2ZhNDNhYTUxNWEzZDAwZWIzYjRkMzhjYzE5OWQ2OTMyZjA3NmExNDFjMGEwY2ZkMGFmZGViOGRlYTE4MiIsInRhZyI6IiJ9', '197504151999032002', 'Liza Apriliya Sukartiningsih, S.Si.', '085764242717', '1975-04-15', 'Tanjung Karang', 'Jl. Sepakat No 75 Gg. Perintis I RT. 002 Rw. 000 Sumberrejo Kemiling Bandar Lampung', 'Perempuan', 'Aktif', 35, '2020-08-29 17:00:00', '2023-07-27 07:24:32'),
(4, 'eyJpdiI6IkExRlNsK3JXMUtialp1dnJlUWcrTlE9PSIsInZhbHVlIjoiclJOTGpUMmlPbkNCL3F6WmN0RVdVdz09IiwibWFjIjoiNWMwODBlMjUxZjliNDBkOTEyNzBiNDcwMGVkZjAyODQ4OGNlZWIzNWIxMDkwZTg0OTc0MDIwOTc1ZjNmZTkxYyIsInRhZyI6IiJ9', '197602021996032001', 'Wiwit Kasmawati', '085268265204', '1976-02-02', 'Bukit Kemuning', 'Perum Tri Dharma Lestari Blok B no 12 Hajimena Lampung Selatan Natar Lampung', 'Perempuan', 'Aktif', 36, '2020-08-29 17:00:00', '2023-07-26 04:15:00'),
(5, 'eyJpdiI6IkQ0YWtvclI3em1vdHpXRUpSN1NOU2c9PSIsInZhbHVlIjoiclpXdUJlUmduN1IxWUFGODBhSE9Kdz09IiwibWFjIjoiOTg0ZDJkMGU3YWMzMzQ3NDkwODYzYjY4Y2I0MzBkZTZjMDg2OTY5ZjM3ZjFlMGY1OTNmMmU3NmMxODMyZGZiZCIsInRhZyI6IiJ9', '196512202007012001', 'Della Rahmadhani Putri', '081234567890', '1890-01-20', 'Pesawaran', 'Jl. Panglima Polim Kavl.9 No. 2', 'Perempuan', 'Aktif', 37, '2020-08-29 17:00:00', '2020-08-29 17:00:00'),
(6, 'eyJpdiI6InRjMGg5cmczRUd4Sy9XVTVLUHFlaUE9PSIsInZhbHVlIjoiVGlLNGZRaFI0dU9DVUgzeXl0UHptUT09IiwibWFjIjoiMDJiNGMyN2YzOGUzNTFiZTc2NzM3YWVkMGY0MjUwYjNmN2Q0NmIyNGE5OTEyYTExZmY1ZjZjNGI2MTc3ZDhhYSIsInRhZyI6IiJ9', '196512202007012001', 'Tri Kismwantari, A.Md.', '081234567890', '1890-01-20', 'Pesawaran', 'Jl. Panglima Polim Kavl.9 No. 2', 'Perempuan', 'Aktif', 38, '2020-08-29 17:00:00', '2020-08-29 17:00:00');

--
-- Dumping data for table `mahasiswa`
--

INSERT INTO `mahasiswa` (`id`, `npm`, `nama_mahasiswa`, `tanggal_lahir`, `tempat_lahir`, `no_hp`, `alamat`, `jenis_kelamin`, `tanggal_masuk`, `angkatan`, `semester`, `status`, `id_dosen`, `user_id`, `created_at`, `updated_at`) VALUES
(1, '2017051033', 'Muhammad Febrian Hasibuan', '2023-07-25', 'bekasi', '082310385532', 'bekasi', 'Laki-laki', '2023-07-25', '2020', '7', 'Alumni', 1, 39, '2023-07-25 01:41:17', '2023-07-25 05:40:26'),
(2, '2017051062', 'Yogi Andaru', '2002-03-26', 'Metro', '08237423423', 'Jl. Palagan Tentara Pelajar KM 7.5 No.31A, Mudal, Sariharjo, Ngaglik, Sleman Regency, Special Region of Yogyakarta 55581', 'Laki-laki', '2020-07-18', '2020', '7', 'Aktif', 1, 40, '2023-07-25 01:43:23', '2023-07-27 06:37:09'),
(4, '1957011020', 'Aidha Natasya Pramudhita', '2002-02-22', 'Surabaya', '0895621565759', 'Dusun I A RT 002 RW 001 Desa Karang Anyar Kecamatan Jatiagung Kabupaten Lampung Selatan', 'Perempuan', '2019-08-19', '2019', '8', 'Aktif', 1, 42, '2023-07-25 03:10:59', '2023-07-25 03:18:11'),
(5, '1917011071', 'Febiana Nabila', '2001-02-23', 'Jakarta', '082299774858', 'Depok', 'Perempuan', '2019-08-19', '2019', '8', 'Aktif', 1, 43, '2023-07-25 03:11:15', '2023-07-25 03:28:05'),
(6, '1917011088', 'Havier Maheswara Putra', '2001-06-02', 'Jakarta', '089510298077', 'Jl. Swasembada Timur III/17, Kebon Bawang, Tanjung Priok, DKI Jakarta', 'Laki-laki', '2019-08-13', '2019', '8', 'Aktif', 15, 44, '2023-07-25 03:11:21', '2023-07-25 07:32:30'),
(7, '1957011010', 'Verinda Indah Sari', '2001-02-15', 'Rajabasa Lama', '085840062158', 'Jalan taman nasional way kambas,desa Rajabasa Lama, kecamatan labuhan ratu, kabupaten Lampung Timur', 'Perempuan', '2019-08-19', '2019', '8', 'Aktif', 1, 45, '2023-07-25 03:11:25', '2023-07-25 03:27:22'),
(8, '1917011081', 'Cici Nurhidayah', NULL, NULL, NULL, NULL, 'Perempuan', NULL, '2019', NULL, 'Aktif', NULL, 46, '2023-07-25 03:11:28', '2023-07-25 03:11:28'),
(9, '1917011004', 'M. Yusuf', '2001-12-27', 'Ogan Komering Ilir', '083170185747', 'Immanuel Residence, Jl. Kopi 24A, gg.Hi.Razak. Gedong Meneng, Rajabasa, Bandar Lampung.', 'Laki-laki', '2019-08-19', '2019', '8', 'Aktif', 1, 47, '2023-07-25 03:11:33', '2023-07-25 03:18:24'),
(10, '1957011015', 'Dita Silvi Yani', '2000-05-02', 'Yukum Jaya', '081271270254', 'Jl. Manggi, Yukum Jaya, Terbnaggi Besar, Lampung Tengah', 'Perempuan', '2019-08-19', '2019', '8', 'Aktif', 1, 48, '2023-07-25 03:11:44', '2023-07-25 03:28:40'),
(11, '1917011038', 'Sabila Amalya Haryanto', '2002-05-14', 'Metro', '082279326958', 'Jalan Raya Trimurjo, Lampung Tengah', 'Perempuan', '2019-08-19', '2019', '8', 'Aktif', 1, 49, '2023-07-25 03:11:49', '2023-07-25 03:20:25'),
(12, '1917011011', 'Yesica Sitorus', '2001-05-02', 'Karawang', '085711068054', 'jl. melati no 52, Labuhan Dalam', 'Perempuan', '2019-08-19', '2019', '8', 'Aktif', 1, 50, '2023-07-25 03:11:51', '2023-07-25 03:21:35'),
(13, '1917011055', 'Alyaa Fathia Kesuma', '2002-01-10', 'Natar', '089649531454', 'Jl. Teuku Umar No. 75,. Kelurahan Sidodadi, Kecamatan Kedaton, Bandar Lampung', 'Perempuan', '2019-08-19', '2019', '8', 'Aktif', 1, 51, '2023-07-25 03:12:09', '2023-07-25 03:17:44'),
(14, '1917011045', 'Putpita Sari', '2000-12-28', 'Way Kanan', '082281842879', 'Jl. Bumi Manti IV No. 34, Kampung Baru, Labuhan Ratu, Bandar Lampung', 'Perempuan', '2019-08-19', '2019', '8', 'Aktif', 11, 52, '2023-07-25 03:12:18', '2023-07-25 07:34:07'),
(15, '1917011053', 'Ahmad Isro', '2000-09-24', 'Serang', '081282213486', 'Kp. Pabuaran RT/RW: 003/005 Ds.Sukaratu, Kec. Cikeusal, Kab. Serang, Prov. Banten', 'Laki-laki', '2019-08-19', '2019', '8', 'Aktif', 1, 53, '2023-07-25 03:12:32', '2023-07-25 03:24:50'),
(16, '1917011036', 'Siti Solehati', '2001-04-25', 'Tangerang', '085780936259', 'Kp. Tanjakan Rt 06 Rw 01 Kec. Rajeg Kab. Tangerang Prov. Banten', 'Perempuan', '2019-08-19', '2019', '8', 'Aktif', 1, 54, '2023-07-25 03:12:32', '2023-07-25 03:18:16'),
(17, '1917011021', 'Raisha Fauziyah', '2001-08-20', 'Metro', '08988282823', 'Jl. Laskar I No. 11 Kel. Mulyosari Kec. Metro Barat Kota Metro Lampung', 'Perempuan', '2019-08-12', '2019', '9', 'Aktif', 1, 55, '2023-07-25 03:12:34', '2023-07-25 03:20:30'),
(18, '1917011024', 'Cantona Sasmitha', '2023-07-25', 'Adiluwih', '082282057071', 'Bandar Lampung', 'Perempuan', '2019-08-12', '2019', '9', 'Aktif', 1, 56, '2023-07-25 03:12:36', '2023-07-25 03:17:37'),
(19, '1917011059', 'Maudi Cahya Muslimah', '2001-10-10', 'Metro', '085832057872', 'Pasar 2 Kotagajah, Lampung Tengah, Lampung', 'Perempuan', '2019-08-19', '2019', '8', 'Aktif', 1, 57, '2023-07-25 03:12:44', '2023-07-25 03:17:27'),
(20, '1957011005', 'Hilda Priharyati', '2001-02-26', 'Natar , Lampung Selatan', '085709225630', 'Bumi Dipasena Utama, Kec.RawaJitu Timur. Kab.Tulang Bawang', 'Perempuan', '2019-08-19', '2019', '8', 'Aktif', 1, 58, '2023-07-25 03:12:51', '2023-07-25 03:26:48'),
(21, '1957011002', 'Jihan Nafisa Salsabila', '2001-06-25', 'Jakarta', '082181522626', 'Jl. Teuku Umar, 15 B Barat Imopuro, Metro, Metro Pusat', 'Perempuan', '2019-08-19', '2019', '8', 'Aktif', 31, 59, '2023-07-25 03:12:56', '2023-07-25 09:34:26'),
(22, '1917011051', 'Fatma Dita Budiarti', '2002-04-27', 'OKU Timur', '085839209619', 'Jl. Gumawang, Purwodadi RT. 2 RW. 3, Kec. Belitang Mulya, Kab. OKU Timur, Sumatera Selatan', 'Perempuan', '2019-08-19', '2019', '8', 'Aktif', 1, 60, '2023-07-25 03:13:02', '2023-07-25 03:19:10'),
(23, '1917011034', 'Dian Rifani Muthia', '2002-01-25', 'Marga Jaya', '082181022203', 'Jl. Gambir Sawit, Marga Jaya Kec. Gunung Agung, Kab. Tulang Bawang Barat, Lampung.', 'Perempuan', '2019-08-19', '2019', '8', 'Aktif', 1, 61, '2023-07-25 03:13:07', '2023-07-25 03:17:28'),
(24, '1917011090', 'Adiya Raihan Mubarok', '2001-04-16', 'Bandar Lampung', '082284505652', 'Jl.pulau damar gg cempaka no 37a. Kel. Way dadi baru. Kec. Sukarame. Bandarlampung', 'Laki-laki', '2019-08-19', '2019', '9', 'Aktif', 1, 62, '2023-07-25 03:13:08', '2023-07-25 03:19:40'),
(25, '1917011040', 'Rizky Hadiwijaya', '2001-02-27', 'Sukamarga', '083160717971', 'Jl. Raya Kedondong No.23 RT/RW 001/005 Dusun Sukamarga Desa Gedongtataan Kecamatan Gedongtataan Kabupaten Pesawaran', 'Laki-laki', '2019-08-19', '2019', '8', 'Aktif', 1, 63, '2023-07-25 03:13:08', '2023-07-25 03:17:49'),
(26, '1917011029', 'Triana Puji Astari', '2001-01-03', 'Bumisari', '085609442423', 'Jl SMK Swadhipa 2 , Desa Bumisari Kecamatan Natar Kabupaten Lampung Selatan', 'Perempuan', '2019-08-12', '2019', '9', 'Aktif', 1, 64, '2023-07-25 03:13:17', '2023-07-25 03:21:00'),
(27, '1957011014', 'Novita Darmastuti', '1999-11-12', 'Astra Ksetra', '085381451113', 'Astra Ksetra, RT 002/RW 003, Desa Astra Ksetra, Kecamatan Menggala, Kabupaten Tulang Bawang, Kode Pos 34613, Lampung', 'Perempuan', '2019-08-19', '2019', '8', 'Aktif', 1, 65, '2023-07-25 03:13:37', '2023-07-25 03:27:04'),
(28, '1917011037', 'Wailhaq Sahara', '2001-06-06', '06/06/2001', '0895620143289', 'Jl.kalingga raya no.37', 'Laki-laki', '2019-08-19', '2019', '8', 'Aktif', 1, 66, '2023-07-25 03:13:58', '2023-07-25 03:20:07'),
(29, '1917011063', 'Alya Maghfira', '2001-07-13', 'Bukittinggi', '081366774720', 'Perum Tj. Raya Permai Blok R No 11 Tj. Senang Bandar Lampung', 'Perempuan', '2019-08-19', '2019', '8', 'Aktif', 5, 67, '2023-07-25 03:13:58', '2023-07-25 12:34:55'),
(30, '1917011086', 'Marcella Indriani', '2001-03-04', 'Depok', '087864170757', 'Perumahan Pesona Laguna Blok F2 No. 27 RT 06 RW 20 Cilangkap, Tapos, Depok', 'Perempuan', '2019-08-19', '2019', '8', 'Aktif', 1, 68, '2023-07-25 03:15:48', '2023-07-25 03:36:01'),
(31, '1917011096', 'Arifah Rara Afiria', '2002-04-20', 'Teluk Betung Bandar Lampung', '082153800700', 'Jl. RE Martadinata Gg MK Putra, Bandar Lampung', 'Perempuan', '2019-08-14', '2019', '9', 'Aktif', 1, 69, '2023-07-25 03:15:59', '2023-07-25 03:26:24'),
(32, '1917011010', 'Rifdah Kamilah', '2001-09-03', 'Jatibaru', '088970609904', 'Desa Serdang, Kecamatan Tanjung Bintang, Kabupaten Lampung Selatan', 'Perempuan', '2019-08-19', '2019', '8', 'Aktif', 1, 70, '2023-07-25 03:16:04', '2023-07-25 03:32:51'),
(33, '1917011058', 'Muhammad Fadhil Ramadito', '2000-12-25', 'Tangerang', '082122852748', 'Gotong Royong Residence, Kota Tangerang, Banten 15154', 'Laki-laki', '2019-08-19', '2019', '8', 'Aktif', 1, 71, '2023-07-25 03:16:26', '2023-07-25 03:25:02'),
(34, '1917011077', 'Sulfiany Nuralifah', '2001-09-12', 'Bekasi', '081219163522', 'Jl. Aran No.103, RT/RW 004/003, Kecamatan Jatiasih, Kota Bekasi, Jawa Barat, 17423.', 'Perempuan', '2019-08-19', '2019', '8', 'Aktif', 1, 72, '2023-07-25 03:16:28', '2023-07-25 03:20:13'),
(35, '1917011057', 'Astin Vidyasani', '2000-12-02', 'Semarang', '081223505300', 'Jl. Kencana Timur 1 A2 No.11 VTB 2 Tangerang, Banten', 'Perempuan', '2019-08-19', '2019', '8', 'Aktif', 1, 73, '2023-07-25 03:16:43', '2023-07-25 03:22:07'),
(36, '1957011016', 'Fira Amelia', '2001-07-25', 'Cilegon', '089674660885', 'Perumahan Puri Krakatau Blok. C1 No.46', 'Perempuan', '2019-08-19', '2019', '8', 'Aktif', 1, 74, '2023-07-25 03:16:59', '2023-07-25 03:29:45'),
(37, '1917011023', 'Devy Yuliyanda', '2001-07-11', 'Jatibaru', '081539366383', 'Jl. Raya Serdang, Desa Serdang, kec. Tanjung Bintang, Lampung Selatan', 'Perempuan', '2019-07-19', '2019', '8', 'Aktif', 1, 75, '2023-07-25 03:16:59', '2023-07-25 03:32:15'),
(38, '1917011048', 'Quntum Ramadhina', '2001-12-15', 'Tangerang', '081387684844', 'Tangerang', 'Perempuan', '2023-07-25', '2019', '8', 'Aktif', 1, 76, '2023-07-25 03:17:02', '2023-07-25 03:49:39'),
(39, '1917011054', 'Diah Indah Pratiwi', '2000-09-29', 'Jakarta', '085809156015', 'Kost Gitocost', 'Perempuan', '2019-08-19', '2019', '8', 'Aktif', 1, 77, '2023-07-25 03:17:30', '2023-07-25 03:43:57'),
(40, '1917011084', 'Zahra Luthfiyyah', '2002-03-23', 'Tambak Sari', '085738861037', 'Jl. Ki Hajar Dewantara No. 30A RT/RW 007/001, Desa Pasir Sakti, Kecamatan Pasir Sakti, Kabupaten Lampung Timur, Lampung', 'Perempuan', '2019-08-19', '2019', '8', 'Aktif', 1, 78, '2023-07-25 03:17:31', '2023-07-25 03:41:06'),
(41, '1917011013', 'Ayu Aulia Putri', '2001-02-01', 'Kota Metro', '089506364049', 'Jl. Anggrek I, Margodadi, Metro Selatan, Kota Metro, Lampung', 'Perempuan', '2019-08-19', '2019', '8', 'Aktif', 1, 79, '2023-07-25 03:17:58', '2023-07-25 03:28:36'),
(42, '1957011021', 'Partini', '2000-06-26', 'Way kanan', '085840355781', 'Way kanan', 'Perempuan', '2019-08-19', '2019', '8', 'Aktif', 1, 80, '2023-07-25 03:18:10', '2023-07-25 03:23:37'),
(43, '1917011043', 'Ahmad Barep Prayogo', '2001-02-11', 'Kotagajah', '088772151483', 'Tanjung Perak, Kota gajah, Lampung Tengah', 'Laki-laki', '2019-08-19', '2019', '8', 'Aktif', 1, 81, '2023-07-25 03:19:17', '2023-07-25 03:22:11'),
(44, '1917011007', 'Ayu Ranja Saputri', '2001-07-17', 'Prabumulih', '081366135561', 'Jl. Ababil Blok D.6 No.7, Kepodang Indah, Prabumulih, Sumatera Selatan', 'Perempuan', '2019-08-19', '2019', '9', 'Aktif', 29, 82, '2023-07-25 03:19:25', '2023-07-25 10:07:36'),
(45, '1917011006', 'Dony Ega Utama', '2000-12-07', 'Pagar Jaya', '085266702607', 'Bumi Dipasena Utama blk. 03.02.05, Kec. Rawa Jitu Timur, Kab. Tulang Bawang, Provinsi Lampung', 'Laki-laki', '2019-08-19', '2019', '9', 'Aktif', 1, 83, '2023-07-25 03:19:38', '2023-07-25 03:24:43'),
(46, '1957011011', 'Dwiky Ihwan Ma\'ruf', '2000-07-07', 'merbau mataram', '085219720914', 'lampung selatan', 'Laki-laki', '2019-08-19', '2019', '8', 'Aktif', 1, 84, '2023-07-25 03:20:07', '2023-07-25 06:51:22'),
(47, '1917011073', 'Melati Danty Imelda Adray', '2001-08-18', 'Jakarta', '085156504946', 'Griya Indah Serpong blok G1', 'Perempuan', '2019-08-19', '2019', '9', 'Aktif', 1, 85, '2023-07-25 03:20:28', '2023-07-25 03:22:50'),
(48, '1917011097', 'Ahda Bayani Awaliyah', '2001-06-04', 'Tangerang', '085654647848', 'Jl.KH.Hasyim Ashari no 2 Kota Tangerang', 'Perempuan', '2019-08-19', '2019', '9', 'Aktif', 1, 86, '2023-07-25 03:20:40', '2023-07-25 03:25:49'),
(49, '1917011016', 'Lousanja Dira Sa\'uddah', '2000-09-06', 'Way Jepara', '08994265558', 'Jalan Katamso, Braja Sakti II, Way Jepara, Lampung Timut', 'Perempuan', '2019-09-19', '2019', '8', 'Aktif', 1, 87, '2023-07-25 03:20:51', '2023-07-25 06:40:41'),
(50, '1917011087', 'Mohammad Rizky Arpan Zein', '2001-09-07', 'Samarinda', '082180232295', 'Desa Krayan Bahagia, Kec. Long Ikis, Kab. Paser, Kalimantan Timur.', 'Laki-laki', '2019-08-19', '2019', '8', 'Aktif', 1, 88, '2023-07-25 03:20:58', '2023-07-25 03:28:03'),
(51, '1957011013', 'Unggul Sulistio Satrio Utomo', '2001-07-24', 'Pringsewu', '081278441337', 'Gadingrejo, Pringsewu', 'Laki-laki', '2019-08-19', '2019', '8', 'Aktif', 1, 89, '2023-07-25 03:21:48', '2023-07-25 03:26:47'),
(52, '1917011033', 'Kania Nur Aisyah', '2001-04-14', 'Bandar Lampung', '087748193628', 'Jl. Blora Gg.Mulia No.10', 'Perempuan', '2019-08-19', '2019', '8', 'Aktif', 1, 90, '2023-07-25 03:21:51', '2023-07-25 03:36:40'),
(53, '1917011068', 'Cindi Pebrianti', '2001-02-01', 'Bandar Lampung', '0895338872205', 'Jl. Soekarno Hatta Komplek Yuka No. 38 RT. 03 Lk. II Karang Maritim Kec. Panjang, Bandar Lampung', 'Perempuan', '2019-08-19', '2019', '8', 'Aktif', 1, 91, '2023-07-25 03:21:54', '2023-07-25 03:30:07'),
(54, '1917011027', 'Fitri Febriani', '2000-02-11', 'Cikampek', '088277568979', 'Jl. WR. Mongin sidi Gg.Hamim no.51, Durian Payung, Tanjung Karang Pusat, Bandar Lampung', 'Perempuan', '2019-08-19', '2019', '8', 'Aktif', 1, 92, '2023-07-25 03:22:22', '2023-07-25 03:28:06'),
(55, '1917011018', 'Yohana Rizky Nora Simatupang', '2001-03-19', 'Panjang', '089632269068', 'Dusun II Desa Bumisari, Natar, Lampung Selatan', 'Perempuan', '2019-08-19', '2019', '8', 'Aktif', 23, 93, '2023-07-25 03:26:18', '2023-07-27 07:08:04'),
(56, '1917011002', 'Wahidatun Nur Khasanah', '2001-01-15', 'Sidoharjo', '085269211305', 'Jl. Sayyid Ahmad, Jati Agung, kec. Ambarawa, kab. Pringsewu, Lampung', 'Perempuan', '2019-08-19', '2019', '8', 'Aktif', 1, 94, '2023-07-25 03:26:29', '2023-07-25 03:36:33'),
(57, '1917011074', 'Maulana Arya Nadhief', '2001-02-26', 'Serang', '0895613415793', 'Taman Puri Anggrek Blok E10. No. 02', 'Laki-laki', '2019-08-19', '2019', '8', 'Aktif', 1, 95, '2023-07-25 03:28:45', '2023-07-25 03:31:46'),
(58, '1917011012', 'Virginia Nuh Reza Amanda', '2001-04-27', 'Mengandung Sari', '085809232012', 'Kedung Ringin, Pasir Sakti, Lampung Timur', 'Perempuan', '2019-08-19', '2019', '8', 'Aktif', 1, 96, '2023-07-25 03:29:52', '2023-07-25 03:34:21'),
(59, '1917011061', 'Rangga Nanda Putra', '2001-10-17', 'Pasir Ukir', '085279931840', 'Pasir Ukir, Kec. Pagelaran, Kab. Pringsewu, Lampung', 'Laki-laki', '2019-08-19', '2019', '9', 'Aktif', 1, 97, '2023-07-25 03:29:58', '2023-07-25 03:41:07'),
(60, '1917011001', 'Happy Yunia Putri', '2001-06-13', 'Sindang Anom', '082289323833', 'Desa Sindang Anom, Kecamatan Sekampung Udik, Kabupaten Lampung Timur', 'Perempuan', '2019-08-19', '2019', '8', 'Aktif', 1, 98, '2023-07-25 03:33:38', '2023-07-25 03:39:53'),
(61, '1917011076', 'Bellia Annisa Violeta', '2001-04-01', 'Tangerang', '081286043109', 'Jl.Bona No.43', 'Perempuan', '2019-08-19', '2019', '8', 'Aktif', 28, 99, '2023-07-25 03:34:22', '2023-07-25 03:53:44'),
(62, '1917011062', 'Sabrina Ocha Felinda', '2002-02-01', 'Krui', '08137988163', 'Pasar Krui, Pesisir Tengah, Kab. Pesisir Barat', 'Perempuan', '2019-08-19', '2019', '8', 'Aktif', 1, 100, '2023-07-25 03:34:29', '2023-07-25 03:37:55'),
(63, '1917011049', 'Alinil Masruroh', '2001-03-04', '30 April 2001', '085709408100', 'kopi', 'Perempuan', '2019-08-19', '2019', '8', 'Aktif', 1, 101, '2023-07-25 03:36:47', '2023-07-25 03:49:41'),
(64, '1917011009', 'Shilvia Putri', '2001-01-29', 'Banjar Negeri', '082181558007', 'Banjar Negeri, Kecamatan Way Lima', 'Perempuan', '2019-08-19', '2019', '8', 'Aktif', 1, 102, '2023-07-25 03:38:18', '2023-07-25 07:35:35'),
(65, '1957011017', 'Niko Hilal Fazri', '2000-03-17', 'Bandar Lampung', '089613924774', 'Jl. Hayam Wuruk gg. Darul Ansor no.10\r\nTanjung Karang Timur, Bandar Lampung', 'Laki-laki', '2019-08-19', '2019', '8', 'Aktif', 1, 103, '2023-07-25 03:40:18', '2023-07-25 03:46:36'),
(66, '1917011069', 'Annur Valita Sindiani', '2001-04-10', 'Sri Gading, 10 April 2001', '089531688037', 'Kp.Pidada II LK II RT 14, Panjang, Bandar Lampung', 'Perempuan', '2019-08-19', '2019', '8', 'Aktif', 1, 104, '2023-07-25 03:41:38', '2023-07-25 03:45:30'),
(67, '1917011079', 'Novani Aludra Zafira', '2001-11-09', 'Bandar Lampung', '082279570842', 'Jl. Purnawirawan 7, No.44, Rajabasa, Bandar Lampung', 'Perempuan', '2019-08-13', '2019', '8', 'Aktif', 1, 105, '2023-07-25 03:44:16', '2023-07-25 10:44:40'),
(68, '1917011067', 'Nurul Ulfa Safitri', '2001-03-20', 'Bandar Lampung', '088267170400', 'Jl. Tamin No.23', 'Perempuan', '2019-08-19', '2019', '8', 'Aktif', 1, 106, '2023-07-25 03:52:10', '2023-07-25 03:57:06'),
(69, '2057051016', 'Putu Putra', '2023-07-19', 'Jakarta', '081234567890', 'Jombang', 'Laki-laki', '2023-07-12', '2020', '8', 'Aktif', 1, 107, '2023-07-25 04:04:11', '2023-07-25 04:05:58'),
(70, '1917011005', 'Munifah', '2002-07-07', 'Waringinsari Barat', '082279129566', 'Waringinsari Barat, Kec. Sukoharjo, Kab. Pringsewu', 'Perempuan', '2019-08-19', '2019', '8', 'Aktif', 1, 108, '2023-07-25 04:33:34', '2023-07-25 04:36:12'),
(72, '1917011041', 'Ibnu Fadilah', '2000-12-24', 'Tulang Bawang', '082178214813', 'Tulang Bawang, Lampung', 'Laki-laki', '2023-07-25', '2019', '9', 'Aktif', 2, 110, '2023-07-25 07:50:23', '2023-07-25 07:57:14'),
(73, '1917011022', 'Devi Liana', '2001-07-14', 'Gadingrejo', '082372042343', 'Jalan Administrasi,Desa Gadingrejo Utara, Kecamatan Gadingrejo, Kabupaten Pringsewu, Lampung 35372', 'Perempuan', '2019-08-19', '2019', '8', 'Aktif', 14, 111, '2023-07-25 07:58:19', '2023-07-25 08:05:26'),
(74, '1917011089', 'Wahyu Indah Silvi Budyanti', NULL, NULL, NULL, NULL, 'Perempuan', NULL, '2019', NULL, 'Aktif', 28, 112, '2023-07-25 08:39:41', '2023-07-25 08:39:41'),
(75, '1917011093', 'Syangap Diningrat Sitompul', NULL, NULL, NULL, NULL, 'Laki-laki', NULL, '2019', NULL, 'Aktif', 28, 113, '2023-07-27 12:19:46', '2023-07-27 12:19:46');

--
-- Dumping data for table `litabmas_dosen`
--

INSERT INTO `litabmas_dosen` (`id`, `encrypt_id`, `nama_litabmas`, `kategori`, `sumber_dana`, `jumlah_dana`, `tahun_penelitian`, `anggota_external`, `anggota_mahasiswa`, `url`, `created_at`, `updated_at`) VALUES
(3, 'eyJpdiI6IkVCTVN6L3JYOVJRM1Zqa2NhRGVTT0E9PSIsInZhbHVlIjoiMWhpaG92TWJqbDRwNUE2d3pLNWo3QT09IiwibWFjIjoiZDk0MDZiZTkyM2U5OGE0NDQzZWRhZGM1NTJjNThlYTk1NDdkMWEyZDQxNWVlNmIyMWRjOWJiYTIyM2ZjNDFhYyIsInRhZyI6IiJ9', 'Penelitian Dasar Unggulan Perguruan Tinggi (PDUPT) Tahun ke-2', 'Penelitian', 'Kemendikbud-Ristek DIKTI', '236557000', 2023, '1. Dr. Bambang Irawan, M.Sc \r\n2. Dr. Wisnu Ananta Kusuma, M.Kom', NULL, '', '2023-07-25 10:58:58', '2023-07-25 10:58:58'),
(4, 'eyJpdiI6ImJQR3RJWlQ4L2hhZXQzTE1XTDlxUmc9PSIsInZhbHVlIjoieC9zanYxZC9JUEhwMVNTamxlODF0dz09IiwibWFjIjoiOTE1ZmM1YzIwNjdmNTkxNTNhNmRmZGM3NTkwOGRhMWM3M2ZiZGEwNDgzMTM2YzViODY1ZjMyNTVkOWM2YmQ3NSIsInRhZyI6IiJ9', 'Penelitian Dasar (BLU Unila)', 'Penelitian', 'DIPA-BLU Unila', '25000000', 2023, NULL, NULL, '', '2023-07-25 11:00:23', '2023-07-25 11:00:23'),
(5, 'eyJpdiI6IkFrWlNDbCtWN1RacC83dmZIdGN4UkE9PSIsInZhbHVlIjoiZzdtZjV1Z0x0TFJOSVlBZ2NJRitUdz09IiwibWFjIjoiYTM4ZGJhZDc4MDFlNDQwNjliODU0NzJkNDhlNjMwNzMxNTg2YzA5ZjI1ZjY1YjZiMmQyZDU5N2E5YmI1YTY4ZCIsInRhZyI6IiJ9', 'Penelitian Pascasarjana (PPS)', 'Penelitian', 'Kemendikbud-Ristek DIKTI', '28500000', 2023, 'Dr. Mohamad Rafi, M.Si', NULL, '', '2023-07-25 11:02:29', '2023-07-25 11:02:29'),
(6, 'eyJpdiI6Im9IUGRGYTN6eFhDejM1WC9Gb0dCbGc9PSIsInZhbHVlIjoidDRKcFBFKzVTaWZLMUtqWWtydndyZz09IiwibWFjIjoiZDg5MGUzOTljYjc4ZGQ2MjQ4Y2ZhYTk5MzFmYjUwM2M0MDcxODQzMGU0ZjI0OTQyODc0M2ZjNzEyMjhmOTJkNiIsInRhZyI6IiJ9', 'PDUPT Tahun ke-1', 'Penelitian', 'Kemendikbud-Ristek DIKTI', '210000000', 2022, '1. Dr. Bambang Irawan, M.Sc\r\n2. Dr. Wisnu Ananta Kusuma, M.Kom', NULL, '', '2023-07-26 02:18:58', '2023-07-26 02:18:58'),
(7, 'eyJpdiI6Im1wUU13OWlITFBGdGNpVFRwcUROTXc9PSIsInZhbHVlIjoieUxIUGVkam5VSWI2TG9oUkNaa3g3dz09IiwibWFjIjoiZDFhZGJkMmI0NzU2NDhhNTAyMzk1OWE2NzkxZWUxNDI3YzU2Zjc5NmEwYmJmYjUwY2FjOTljMzI0MjU5NTBmMyIsInRhZyI6IiJ9', 'Penelitian Inovasi Dan Kerjasama Domestik', 'Penelitian', 'HETI Project-ADB', '215000000', 2022, '1. Dr. dr. Jhons Fatriyadi Suwandi, M.Kes\r\n2. Prof. Dr. Dra. Nanik Siti Aminah, M.Si', NULL, '', '2023-07-26 02:20:55', '2023-07-26 02:20:55'),
(8, 'eyJpdiI6ImlsY1h6aWd4b284MzIyeGx2Uyt4cVE9PSIsInZhbHVlIjoiUVhJZjhlSHJKcTlPZ1I0VjhNaFAvQT09IiwibWFjIjoiMGFjNjczZjMzNDdmYjc3NTE3OWVkNDhlMmZhZGQxMTYzNjc5M2JmZTgxMzU1OGNlOTk4ZWI4MmFjZTBlZWFiYyIsInRhZyI6IiJ9', 'Penelitian Terapan', 'Penelitian', 'DIPA BLU Unila', '40000000', 2022, NULL, NULL, '', '2023-07-26 02:23:13', '2023-07-26 02:23:13'),
(9, 'eyJpdiI6ImFXSnlYTVQ2SGh2dHh6NGNpMjBWTXc9PSIsInZhbHVlIjoieExaWExzZUdCUFQ1TmFWZ296TzUvQT09IiwibWFjIjoiMDZiMjRkOTQzMmZkODk3MzQyMDdiMjU4YjExYjlmZDI4NTY1MTQ0YzgwNTc0NTE3YTZkOTg3MWQ4Y2Y2ZjZjNiIsInRhZyI6IiJ9', 'PDUPT tahun ke-3', 'Penelitian', 'Kemendikbud-Ristek DIKTI', '187447000', 2021, 'Risa Nofiani, Ph.D', NULL, '', '2023-07-26 02:25:16', '2023-07-26 02:25:16'),
(10, 'eyJpdiI6ImY5WUZCUTYyZmM3TTBRamFzckxUb3c9PSIsInZhbHVlIjoiT29pNVErZW9wOFFnNmk5RDFkUU41QT09IiwibWFjIjoiZGNmMDg0MWQzZTk5NTg1MzUzZGU5Y2QxNTEzOTViZmRlZjg4NTQzZDk4ODFiNTNmNjU5ODU0MTY4ZTA5NjljYSIsInRhZyI6IiJ9', 'Penelitian Tesis Magister (PTM)', 'Penelitian', 'Kemendikbud-Ristek DIKTI', '37977000', 2020, 'Arif Nurhidayat, S.Si.', NULL, '', '2023-07-26 02:34:30', '2023-07-26 02:34:30'),
(11, 'eyJpdiI6Ik9OdnZuSFljckdYZjhoQmN3SU1NTGc9PSIsInZhbHVlIjoiSDFOa3dnMEZDbW1pVm1jeG5PbUxVdz09IiwibWFjIjoiNmNhYTk1MmQ0ZGZhYTQ5ZGMyODg0YTE4ZTVhYjI5MTIzZGU5MzYyMWFjYWQxNjE3ZWExODVlM2YwYTA4OTVjYiIsInRhZyI6IiJ9', 'PDUPT Tahun Ke-2', 'Penelitian', 'DIKTI', '200358000', 2020, 'Risa Nofiani, Ph.D', NULL, '', '2023-07-26 02:37:21', '2023-07-26 02:37:21'),
(12, 'eyJpdiI6IkNtTExETG9jR1JMT0FZYUp4SzhjUmc9PSIsInZhbHVlIjoiNWtIVEZzUUFLZDQwR0x5VDVVcmNGQT09IiwibWFjIjoiMzkyMTJhNGZiZmUyYTE4ZDQwZWY2NDg2N2E2YWMwODY5ZjM5M2E5YjEyOGFkODQ3M2U0N2ViNGZkNGM0ZjE0ZCIsInRhZyI6IiJ9', 'Penelitian Kerjasama Antar Perguruan Tinggi (PKPT)', 'Penelitian', 'DIKTI', '308000000', 2020, '1. TARSO RUDIANA, S.Si., M.Si (Ketua TPP)\r\n2. YUSRANSYAH, S.Farm, M.Sc\r\n3. NANI SURYANI, S.Si, M.Si', NULL, '', '2023-07-26 02:41:56', '2023-07-26 02:41:56'),
(13, 'eyJpdiI6IjVTQ1pyamt3T1Blc1lUeEYzclhkMFE9PSIsInZhbHVlIjoiY1JMaFQ0N1BKTVhCY2hpaEo0NkFnQT09IiwibWFjIjoiMTFkZTY4Yjg1MDY5ZmRjNjI5ODQ4MzU5NzhmNDUwODZhZDI4MjI1ODI5NmY3NWZhMDUyYTczMzA0OWVhODkwYyIsInRhZyI6IiJ9', 'Penelitian Kerjasama Internasional (PKSI)', 'Penelitian', 'DIPA BLU Unila', '75000000', 2019, '1. Dr. Bambang Irawan, M.Sc\r\n2. Dr. Mohamad Nurul Azmi Mohamad Taib (USM)', NULL, '', '2023-07-26 02:44:16', '2023-07-26 02:44:16'),
(14, 'eyJpdiI6IlFBYzJiMVpONTVlRlFCWW5hckFZelE9PSIsInZhbHVlIjoid0k4N043bU1sL0dDRnJhTG9WdHFYZz09IiwibWFjIjoiYjA3Nzg3MTQ1ZDc1YjIxOTI2ZThhNmExMTFhMTk1MjIzODM5OTNiYjg4ZDZhM2I0N2U0NzI2YzI3OWQwOGYxOCIsInRhZyI6IiJ9', 'PDUPT tahun ke-1', 'Penelitian', 'DIKTI', '182593000', 2019, 'Risa Nofiani, Ph.D', NULL, '', '2023-07-26 02:45:46', '2023-07-26 02:45:46'),
(15, 'eyJpdiI6ImFEci9JM1o1S2t6ZEwyZUpEMmtYSEE9PSIsInZhbHVlIjoiV2l4VlVtallUK2U2RVRzVnJqNHZSQT09IiwibWFjIjoiMDdlZmJkMTQwNGQyN2JjOGY2Nzk3ZTdiZTk5ZDNlMDMxZTdkNjc5NjdkYzM4NDFiZWEzMjBhNDY4NzIxYzcxZiIsInRhZyI6IiJ9', 'Penelitian Strategi Nasional (PSN) Tahun ke-3', 'Penelitian', 'DIKTI', '193600000', 2019, 'NENY PURWITASARI, S.Farm, Apt, M.Sc.', NULL, '', '2023-07-26 02:48:15', '2023-07-26 02:48:15'),
(16, 'eyJpdiI6InM1UStzazRGT0N1TUFFMDRzRTY3MFE9PSIsInZhbHVlIjoiSmxyZ3hDWnc3eGp4eWhPVUJJdldEUT09IiwibWFjIjoiNmFhYzMzNDgwMjU4ZjFjM2QzODU0NmExNDFkM2Q5MWU2MGE5YjRlMTQ4ODU3MmZjOGI3MGI5MzU4MDBmZTAyYyIsInRhZyI6IiJ9', 'Penelitian Kerjasama Antar Perguruan Tinggi /PKPT Tahun ke-1', 'Penelitian', 'DIKTI', '232636000', 2019, '1. TARSO RUDIANA, S.Si, M.Si (Ketua TPP)\r\n2. YUSRANSYAH, S.Farm, M.Sc\r\n3. NANI SURYANI, S.Si, M.Si', NULL, '', '2023-07-26 02:50:30', '2023-07-26 02:50:30'),
(17, 'eyJpdiI6ImJDdnVxZFJvV3c0RU9wNXhyT0doZ1E9PSIsInZhbHVlIjoia3hEODJTNmhvTlJKbElESTF2VzJkZz09IiwibWFjIjoiY2RkZjY3YjFkNzUzNDgzMTAwOTNlYzMzMmU5ZjAwNTYwNTA0YjhmNzEwMmE4ZTBlZjhmZjA3NGU2ZjIzNTZlMCIsInRhZyI6IiJ9', 'World Class Professor (WCP)', 'Penelitian', 'DIKTI', '297000000', 2018, 'Prof. Taifo Mahmud', NULL, '', '2023-07-26 02:52:30', '2023-07-26 02:52:30'),
(18, 'eyJpdiI6IkFyS2I3WlRBdEtEWE9BZmp1YWdocXc9PSIsInZhbHVlIjoiekpGcE5UbW5wT2JGZXM3SG10WG5XUT09IiwibWFjIjoiMjdlNjRhY2ViNDliNGJkNWM4ODhlNjVmZTVkZmNlN2NmMDVlYjlhYWZjNzU1ZGE2ODgyNzAzOTI3MTk2OGI5OSIsInRhZyI6IiJ9', 'Penelitian Strategi Nasional (PSN)Tahun ke-2', 'Penelitian', 'DIKTI', '140000000', 2018, 'NENY PURWITASARI, S.Farm, Apt, M.Sc.', NULL, '', '2023-07-26 02:54:29', '2023-07-26 02:54:29'),
(19, 'eyJpdiI6IndQeng4ck1BS1VNMWwya3JLbHNQMWc9PSIsInZhbHVlIjoiUVNlN09sUUREMzVoRGMxUTJaWUtRZz09IiwibWFjIjoiNGFmM2MyOTU5ODRhNWEyMTg2ZTJmMGUxZjY4ODE5OWNiYzdlNzhjMmI2MWJlNzM2MWI3YTI5NGZmZmEzODdjNSIsInRhZyI6IiJ9', 'Penelitian Produk Terapan (PPT) Tahun ke-1', 'Penelitian', 'DIKTI', '49393000', 2017, 'NENY PURWITASARI, S.Farm, Apt, M.Sc.', NULL, '', '2023-07-26 02:56:06', '2023-07-26 02:56:06'),
(20, 'eyJpdiI6Imx5bVlVWURyMVdxZ1VBU3pOTFJxd3c9PSIsInZhbHVlIjoibDI3K3pxd1pxUXU0dkc2aXJPZnA1Zz09IiwibWFjIjoiZWQ2ZTk2NzM3YjlhZGQ2ZmUwMjczZmFhOGMwNzdiOTk1NGJmMDczZTg1ZmRkYTg0YzU1Y2JiYzNhMjA2NmI5MCIsInRhZyI6IiJ9', 'Penelitian Pascasarjana (PPM)', 'Penelitian', 'DIPA Unila', '40000000', 2016, NULL, NULL, '', '2023-07-26 02:57:00', '2023-07-26 02:57:00'),
(21, 'eyJpdiI6ImE5bHJYeWhkdFBuNDQ2VWZXbzFQY0E9PSIsInZhbHVlIjoiWG1oN3prZmFiSlpNTEowcjZ6U29kdz09IiwibWFjIjoiN2YxNzBlMmI0ZWExNTExNDM4MjNkYzJlMDU3Njk3MjI5MTcwNzBlMzNlZmU1ZDU4NzVhNmU4NjJiNTUwYTU5YSIsInRhZyI6IiJ9', 'PENGABDIAN KEPADA MASYARAKAT UNGGULAN (PKMU)', 'Pengabdian', 'DIPA BLU', '20000000', 2022, NULL, NULL, '', '2023-07-26 03:00:26', '2023-07-26 03:00:26'),
(22, 'eyJpdiI6ImtCbjk3OTUxcXgvZzQxTi9BSzVFb3c9PSIsInZhbHVlIjoibFhHVVUwd3kwajZNeGF2RHFGV1orUT09IiwibWFjIjoiZDVkYWFmMDk0YTQ1ZjY2M2UyYWI1YmNmZTBmMTcwNmYyMTZhYmFlZGFmYTc0MGFkZDFmYzc4ZjU4NWY1NWQwMiIsInRhZyI6IiJ9', 'Penelitian Hibah Kompetensi', 'Penelitian', 'DIKTI', '110015000', 2016, NULL, NULL, '', '2023-07-26 03:33:07', '2023-07-26 03:33:07'),
(23, 'eyJpdiI6IjZWWUN2TjdaVVV2TFJIeVlHL25YMWc9PSIsInZhbHVlIjoiWHFqa0RwTDZJRitPRjNXOVdBL0hIQT09IiwibWFjIjoiZGJhNDAzZTYyYjA4NjVkMTc5YzNjYzFmNWE4ODUyN2ZjMmM4MmE3NDBjODU2MDQzZDg1YTlmODZkNjBmODRhYyIsInRhZyI6IiJ9', 'PENGARTIH KONSENTRASI KATALIS DALAM SINTESIS SENYAWA ANALOG KURKUMIN DENGAN METODE SONOKIMIA', 'Penelitian', 'BLU UNILA', '15000000', 2020, NULL, NULL, NULL, '2023-07-27 04:05:37', '2023-07-27 04:10:10'),
(24, 'eyJpdiI6IktXVDlVbVI0ZUF4YW5VV3A2NDJiL0E9PSIsInZhbHVlIjoiVjdieXBYVGoyMDlNQy81TDIrUEc1Zz09IiwibWFjIjoiZmM2YjBmMGQ3OTNjNjViYzZmM2FiNDg0NmM2OTkwZTVjZTA4YWY3YTAzZDE4MjI0N2Y4ZWIwMzczNmJjNDRiNyIsInRhZyI6IiJ9', 'PENGARUH PENAMBAHAN KATALIS TERHADAP SINTESIS SENYAWA ANALOG KURKUMIN MONOKETON BERBAHAN DASAR ASETON', 'Penelitian', 'BLU UNILA', '15000000', 2021, 'Gamilla Nuri Utami', NULL, NULL, '2023-07-27 04:28:09', '2023-07-27 04:28:09'),
(25, 'eyJpdiI6InY1M3Zud0czMzYxUnRRbkFTMDVsM1E9PSIsInZhbHVlIjoielM1cGtsekpESEZFVGZpR1pDaGxmdz09IiwibWFjIjoiMzAwODliM2U5MDJjOWRkOWZhNDIxZDY4MDRmOTk1OGU1N2U1ZDY5NzIyNTJlZThjYzAyMGI1ZmQwODRiNzZhNSIsInRhZyI6IiJ9', 'litabmas', 'Pengabdian', 'unila', '2000', 2020, 'jhon doe,\r\nasep,\r\ndodo.', '2017051033 - Rian - S1,\n2017051033 - Rian - S1,\n2017051033 - Rian - S1.', 'https://chat.openai.com/', '2023-07-28 13:26:34', '2023-07-28 13:26:34');

--
-- Dumping data for table `organisasi_dosen`
--
INSERT INTO `organisasi_dosen` (`id`, `encrypt_id`, `nama_organisasi`, `tahun_menjabat`, `tahun_berakhir`, `jabatan`, `dosen_id`, `created_at`, `updated_at`) VALUES
(2, 'eyJpdiI6ImdYblhFaTNWOFVUL3p6enU2MldKSVE9PSIsInZhbHVlIjoiVGkzM3BqQ001MVZLU2dUc3NORTdIdz09IiwibWFjIjoiN2FlYjY4YmQ2ZjllODk1ODBlMDZlMTI3OGRjOTU2ZDIxYmUwZGFmMjYwZmE3ZDAwNmFlNjE5NmQ0OGMyOTU2MCIsInRhZyI6IiJ9', 'Moslem Student Association of University of Queensland, Brisbane, Australia', 1999, 2000, 'President', 1, '2023-07-26 03:35:18', '2023-07-26 03:35:18'),
(3, 'eyJpdiI6InNhOTA4R3hsNjl4UGNlZnI1UzNidlE9PSIsInZhbHVlIjoiQ0x1SXBpWXdRVVdlSS9HdnJWZUd2QT09IiwibWFjIjoiYjIyZDg2ZjY2NWQxMjBjY2Y1NTgyMjA5NzM2ZGFhMjhhN2FjMDkwODI2OThkYTM1MmQyYTBjMzAyNjljYjg0YiIsInRhZyI6IiJ9', 'Himpunan Kimia Indonesia', 2021, 2023, 'Ketua Bidang 2 HKI Cabang Lampung', 1, '2023-07-26 08:05:48', '2023-07-26 08:05:48'),
(4, 'eyJpdiI6IjdiK2xtSTN0UTVIeGpxRDg2bTRqb1E9PSIsInZhbHVlIjoiWUF4L0pLV3ZPd05wRklUYXMxbU9tdz09IiwibWFjIjoiNjQ1ZmM3ZmJlOWNmY2NkNjgzY2IwNzhhYzdjOTE1MTY3ZjJiNzE0OGM0NjliOWEzNzM1NDJiNDYwYjQ1NWZhMSIsInRhZyI6IiJ9', 'Himpunan Kimia Indonesia Pusat', 2023, 2024, 'Anggota Bidang 2', 1, '2023-07-26 08:06:40', '2023-07-26 08:06:40'),
(5, 'eyJpdiI6InZwL2FRZU05eXl3MmN4THRwWlgxN3c9PSIsInZhbHVlIjoiQnRMTW5PM2hQWmk2dHdIdkxtZy9BQT09IiwibWFjIjoiZGExYTRkYjU4MDEwYmQwODExZTMzZmQ2ODRkYTM0NzhjZDdkZjIxY2I0NmUwZTJjZjVlY2M3NGZiOTFjZjFiMyIsInRhZyI6IiJ9', 'Masyarakat Komputasi Indonesia', 2019, 2023, 'Bendahara', 1, '2023-07-26 08:07:18', '2023-07-26 08:07:18'),
(6, 'eyJpdiI6Im1PK2IxUExGeS9hc0ZvS1ZLV3RBVFE9PSIsInZhbHVlIjoieTFNelBYaTcwREh3dkpuTE4wT1pGdz09IiwibWFjIjoiYTllMjA4NDZmZGJiODcyMThlYTc1MDNhY2NiYzdhMTFhZjEzY2E0NGQ4MzVhNjkzMDdiNGFhMGM5OGM3MDIxZiIsInRhZyI6IiJ9', 'Dewan Riset Daerah Provinsi Lampung', 2019, 2023, 'Anggota Bidang 4', 1, '2023-07-26 08:08:11', '2023-07-26 08:08:12');

INSERT INTO `pendataan_alumni` (`id`, `encrypted_id`, `tahun_akademik`, `sks`, `ipk`, `tgl_lulus`, `masa_studi`, `periode_wisuda`, `toefl`, `berkas_pengesahan`, `transkrip`, `berkas_toefl`, `status`, `komentar`, `mahasiswa_id`, `created_at`, `updated_at`) VALUES
(1, 'eyJpdiI6IjJmR3NneG1VY2RQMEQvZVJ4UTNkMEE9PSIsInZhbHVlIjoiNXJUU2Y2dHJ3cUJLTjZ0RjVFVFBGQT09IiwibWFjIjoiM2U5ZTc3NzVkMDQyYWFhMjM3M2FhMDU2OTk0ZmE3YmNkMDYyZDM0MjFkYWJlNWMyNTk3YzNiNGE5MGQyZjUzOCIsInRhZyI6IiJ9', '2023/2024', '146', '3.77', '2023-07-27', '4', 'February 2023', '500', '913GmnkesgLnfzIe21PS3vJelBCO6VJToGjchc7U.pdf', 'w1Bw3Qs7IL5KiN2AjwQdHy7mtt0nBkA5ruwaIJJX.pdf', '4ZFen6AdVWwIF18p9LXo6uKT6BYqRJFgy9BIbKBP.pdf', 'Valid', NULL, 1, '2023-07-25 04:14:16', '2023-07-25 04:16:23'),
(2, 'eyJpdiI6InhUQ05rUElORm1Nb2tkLzFrMDJmeFE9PSIsInZhbHVlIjoiY2l2bG1icktlRmQ4NnIrRFF6eTJlZz09IiwibWFjIjoiZGE1N2RkNmVlODBiZTUyYmZhOGJjMzQ0YWM0ZDNiYmI5NTJjMWQ3YmQ2ZWI1ZjcwMThiYmQzZmI3YmEwMWVlNSIsInRhZyI6IiJ9', '2022/2023', '144', '3.85', '2023-05-30', '3.78', 'July 2023', '453', 'NKOqYmZ4afScOiepiZx6PFZos9gFAU6uCOMCSF0i.pdf', 'hi8e7HhBxQlmav9YdCdxikneoMMyeeAWhgQ4XyQf.pdf', 'wgsKXqn5WJdZqNvFCYoH8w54f7gOUrmRcrr52Kfu.pdf', 'Pending', NULL, 25, '2023-07-25 04:18:00', '2023-07-25 04:18:00'),
(3, 'eyJpdiI6Im5WTGlIM05yRmRHcllrY1k5Y0JpaUE9PSIsInZhbHVlIjoiaXRhQmQ2UUNwOUtHTGFEdHd5TERrUT09IiwibWFjIjoiNWQ1ZTIzMWY1OTc4ODdiOWQ4NTQ0MDQwNDBiMmFlZTExY2MxMTUyYjY4OTY5NWIzZWQ1NzZlMDFiN2I4ZjA0MCIsInRhZyI6IiJ9', '2023/2024', '146', '3.87', '2023-05-25', '3.78', 'July 2023', '480', 'wDZF3z9MYRSLfVu84UErF3cNzttevPZ0ooVMCiML.pdf', '0BtRPCeim1qZ7Gm46MkWWwzK30COJHtso40Hd4g8.pdf', 'R0POB8xrPV0dnDBJP0XEVOvEFnZyErWy8JA6LVsh.pdf', 'Pending', NULL, 18, '2023-07-25 04:18:24', '2023-07-25 04:18:24'),
(4, 'eyJpdiI6ImhyVkJCWm9GcnpxWTZjT0VSNFoyMEE9PSIsInZhbHVlIjoiWXNzMi8wZGdFWkwyNVo0QXB1Z3FOUT09IiwibWFjIjoiNTQ1MjIxYmQxOGJlYjFiOWU5YTZlYmMxNDE4MjJmODAxMTkzMWQ4ZmYyMGU5NjQ0OGRhZjdmNmMzODVjZjQ3NyIsInRhZyI6IiJ9', '2023/2024', '144', '3.59', '2023-05-24', '3.7', 'July 2023', '457', 'nu9eJlzdot9EG3L5ZPenFpqPFyt3rMY3rgBntqc1.pdf', 'vH7EqMpgkAsosPj5Op7BM2EIewtNVt8O3ZADS0VS.pdf', 'HMKDOxTrw19ArZ9Dm9iqN8JLcM9wIv6rhW1UIQB7.pdf', 'Pending', NULL, 51, '2023-07-25 04:20:34', '2023-07-25 04:20:34');
INSERT INTO `prestasi_mahasiswa` (`id`, `encrypt_id`, `nama_prestasi`, `scala`, `capaian`, `tanggal`, `file_prestasi`, `mahasiswa_id`, `created_at`, `updated_at`) VALUES
(2, 'eyJpdiI6Iis0VU5PNnZoaGsvdVJNbEZoS0g5dmc9PSIsInZhbHVlIjoiQ1lrRW85U1FPSUR1WGRraDlOdmVUQT09IiwibWFjIjoiMTI0N2ZjN2VhNzI1MmUwOTk3ZWFkN2JlYmFhNzc4NTE2YjU0MGMwYjdhNzZmOGUxNTNiNzM3M2YyNDQzMGE5MiIsInRhZyI6IiJ9', 'Juara Harapan 1 Lomba Esai Nasional', 'Nasional', 'Harapan 1', '2021-06-10', 'Mp4GwWJax8tEcvAOYObnQuSoOVOOfrM0GOIZItPs.pdf', 30, '2023-07-25 04:12:56', '2023-07-25 04:12:57'),
(3, 'eyJpdiI6Ii9MNG9DWk1BcTBObXA4Y1J2Y29QMkE9PSIsInZhbHVlIjoibzRjRzMrQzNKMHB5VUVodVM2NHN0QT09IiwibWFjIjoiZmVlODdiOWQ1OTQ1NWFlNjY1YTRiMThjMzMzMzQ3NGU1MTdlZGU0NzUxMzIyMGI1NmUzNDNhOGIzODNjZDliNCIsInRhZyI6IiJ9', 'Peraih Pendanaan PKM-RE', 'Nasional', 'Peserta', '2022-10-01', 'OZIsFlgSQUt72C8EaZ20JIOtokCQ8R2N9rcsGaDs.pdf', 30, '2023-07-25 04:18:00', '2023-07-25 04:18:00');
INSERT INTO `publikasi` (`id`, `encrypt_id`, `nama_publikasi`, `judul`, `tahun`, `vol`, `halaman`, `scala`, `kategori`, `kategori_litabmas`, `url`, `anggota_external`, `created_at`, `updated_at`) VALUES
(2, 'eyJpdiI6IkM0NldKMHlYTTVzZnFYR3pyUW82V3c9PSIsInZhbHVlIjoicmVUZElldmdrV20zWW9JVngvSGVZQT09IiwibWFjIjoiNGVlNGQ1NDc4ZDI1MTkwNzY1OTAxYTQ3ZWIxNjU3YjQwZDNlMTRmOTczMGJmMmQzM2M4ZjVjYjYwMjJkMzI2NiIsInRhZyI6IiJ9', 'Adv. Nat. Sci.: Nanosci. Nanotechnol.', 'The effect of Vanadium addition in Ni1-xVxFe2O4. nano photocatalysts on remazol golden yellow degradation under visible light irradiation', '2022', 13, '035014 (9pp)', 'Internasional', 'Artikel Internasional Bereputasi', 'Penelitian', 'https://doi.org/10.1088/2043-6262/ac8d8f', 'Romiyati Romiyati, Posman Manurung, and Simon Sembiring', '2023-07-26 02:39:01', '2023-07-26 02:56:02'),
(3, 'eyJpdiI6IlNmT3RNVGhNZFp6akZKKzB1WjI3VEE9PSIsInZhbHVlIjoiM01ZbkorZGZmY21KZ3lqVEtpS0ppdz09IiwibWFjIjoiNDViYTljYWNiOTI3NmFmMjQzMTI3ZjI2OTYwZmFlYTBlNGUxNTk1OTI4ZTQxNGFjOGM3NDAzNTg5MTRkNDRkZCIsInRhZyI6IiJ9', 'Ceramics-Silikty, 2022', 'STRUCTURE AND PROPERTIES OF SILVER-SILICA COMPOSITE PREPARED FROM RICE HUSK SILICA AND SILVER NITRATE', '2022', 66, '167 - 177', 'Internasional', 'Artikel Internasional Bereputasi', 'Penelitian', 'https://www.ceramics-silikaty.cz/index.php?page=cs_detail_doi&id=1535', 'AGUS RIYANTO, IQBAL FIRDAUS, JUNAIDI, RUDY SITUMEANG', '2023-07-26 02:47:07', '2023-07-26 02:56:42'),
(4, 'eyJpdiI6IlNTMHRlRGtodjVaV1RYVngvVlRrcmc9PSIsInZhbHVlIjoiNGE4bkdlZTlORlpmd2xKN003YTB5dz09IiwibWFjIjoiNmY0ZGU2NjQ1MGQzZWVkZWExODdjYjYxYTNmMDI3MmFlYzRjZjY4YTE2NjNkMDgyOGIxZDYwMDBhMTMzMmIwYyIsInRhZyI6IiJ9', 'Ceramics-Silikty, 2022', 'PREPARATION OF SILVER-DOPED RICE HUSK SILICA COMPOSITES USING THE SOL-GEL METHOD', '2022', 66, '365 - 373', 'Internasional', 'Artikel Internasional Bereputasi', 'Penelitian', 'https://www.ceramics-silikaty.cz/index.php?page=cs_detail_doi&id=1582', 'SIMON SEMBIRING, IQBAL FIRDAUS, RUDY SITUMEANG, SURIPTO DWI YUWONO', '2023-07-26 02:53:26', '2023-07-26 02:57:03'),
(5, 'eyJpdiI6IlpsRWhDbnhMaktucStNWVJjaGlhcXc9PSIsInZhbHVlIjoiNGhZcDRMbjFYZitNMm96cTkxSmZkdz09IiwibWFjIjoiOTc4MTEzZTBkMWNiZmY2ZDAwMTIyYTYxMjczZmYzN2U2ZjQzNDhlYjkyOGIzNWE4MDFkMzUwMjlkMWNlNzQ0YiIsInRhZyI6IiJ9', 'Sains Malaysiana', 'FTIR-Based Metabolomics for Characterization of Antioxidant Activity from Different Plant Parts of Sesbania grandiflora', '2023', 52, 'Sains Malaysiana', 'Internasional', 'Artikel Internasional Bereputasi', 'Penelitian', 'http://doi.org/10.17576/jsm-2023-5201-13', '1. M. Hanif Amrulloh,S.Si, \r\n2. Dr. Mohamad Rafi, \r\n3. Dr. Bambang Irawan, \r\n4. Dr. Wisnu Ananta Kusuma, \r\n5. Risa Nofiani, Ph.D\r\n6. M. Hazwan Hussin, Ph.D', '2023-07-26 03:06:00', '2023-07-26 03:06:00'),
(6, 'eyJpdiI6IjZUT0JVVmtZWlJlTUtvdGd1N0EzRWc9PSIsInZhbHVlIjoiRnlzdEx5a2Y5aElldmtFbEYwSHlUZz09IiwibWFjIjoiZTgxODcxODk1NjVhMDFmNjcyNDQ5Zjk3ZWYxZTZlZmY1MDBiNmFiZjQwMWQ5MGMyMWZjMjA4ODNiMmU4ODVhZCIsInRhZyI6IiJ9', 'Colloids and Surfaces A: Physicochemical and Engineering Aspects', 'Highly efficient removal of Pb(II) and Cd(II) ions using magnesium hydroxide nanostructure prepared from seawater bittern by electrochemical method', '2021', 631, '127687', 'Internasional', 'Artikel Internasional Bereputasi', 'Penelitian', 'https://doi.org/10.1016/j.colsurfa.2021.127687', 'Yehezkiel Steven Kurniawan , Chairul Ichsan , Jelita Jelita , Wasinton Simanjuntak , Rudy Tahan Mangapul Situmeang , Philip Anggo Krisbiantoro', '2023-07-26 03:14:33', '2023-07-26 03:14:33'),
(7, 'eyJpdiI6IlpnT0xzRFFzMHdJbnZUZkJVc05heVE9PSIsInZhbHVlIjoiSkxCM1FEbkNpSXdMM05nTWlQdDdRQT09IiwibWFjIjoiY2NmMWI4Y2JkYmMyODgwMDgyN2NkYjcxNWJlNzEzMDVlODkxMjkzOGFjYzI2OWZlMThmYjJjNGRiNDAxZDdhMCIsInRhZyI6IiJ9', 'Ceramics-Silikty', 'STRUCTURAL CHARACTERISATION OF ASPHALT-RICE HUSK SILICA COMPOSITES', '2021', 65, '215 - 223', 'Internasional', 'Artikel Internasional Bereputasi', 'Penelitian', 'https://www.ceramics-silikaty.cz/index.php?page=cs_detail_doi&id=1409', 'AGUS RIYANTO, IQBAL FIRDAUS, JUNAIDI, ENDAH AYU NINGTIAS, RUDY SITUMEANG', '2023-07-26 03:17:26', '2023-07-26 03:17:26'),
(8, 'eyJpdiI6ImEvS0l5VDRic2xnTXNxNElNNjhJVkE9PSIsInZhbHVlIjoiSzZ4Y2tyVkUwZmkzU2hMblNGd1IxZz09IiwibWFjIjoiZjRmZmVlZjRmMWYzODk3N2MzYmI3OTRjOTEwZDM5YmM3ZTI0MzU4ZDc0YTg5OWNlMWM2Y2Q3M2M3YTE2YzVkMSIsInRhZyI6IiJ9', 'Journal of Physics : Conference Series, 2021', 'The effect of Vanadium dopant on bandage energy of Ni1-xVxFe2O4 nanospinel', '2020', 1751, '012104', 'Internasional', 'Artikel Internasional Terindkes', 'Penelitian', 'https://iopscience.iop.org/article/10.1088/1742-6596/1751/1/012104', 'A.A. Saputra, Y. Andayani, M.I. Imanudin, dan S. Sembiring', '2023-07-26 03:25:55', '2023-07-26 03:25:55'),
(9, 'eyJpdiI6IjBLczFsY0VlejJsU0kvVjN6bzVqekE9PSIsInZhbHVlIjoiQjJQQzN5VEtmaC93cXIxZno5QkdYUT09IiwibWFjIjoiNzFmYWE3NWRkOGFmYWM5OWNiY2FmNmVhZGRmNTFlOTNmNTEyNzFlNmUwMjZiYzRkZTAzYmE4YzZkZmVjM2U5MCIsInRhZyI6IiJ9', 'Journal of Physics : Conference Series', 'Preparation and Characterization of LaCr0.99Fe0.01O3 Nanomaterial', '2020', 1751, '012087', 'Internasional', 'Artikel Internasional Terindkes', 'Penelitian', 'https://iopscience.iop.org/article/10.1088/1742-6596/1751/1/012087', 'R. Erianti, S. Sembiring', '2023-07-26 03:29:14', '2023-07-26 03:29:14'),
(10, 'eyJpdiI6Inl2N0tzbC9RVHlCNkdhd0tBdjAzWEE9PSIsInZhbHVlIjoiaEt1UE1Sb2poSXZXclpBUEllcVEwUT09IiwibWFjIjoiZTNlMDMxY2RmMzAwYmMxMTljMjc4Njg3ZGZjOGFlZTE4NTJmN2I0ZTdjN2NkMDU5NDNlNTZkYzdlYTRhZjUxYyIsInRhZyI6IiJ9', 'journal of Physics : Conference Series', 'Comparative study of Cladophora sp. cellulose by using FTIR and XRD', '2020', 1751, '012075', 'Internasional', 'Artikel Internasional Terindkes', 'Penelitian', 'https://iopscience.iop.org/article/10.1088/1742-6596/1751/1/012075', 'P Manurung, S Sembiring, R Situmeang', '2023-07-26 03:32:05', '2023-07-26 03:32:05'),
(11, 'eyJpdiI6IlJ5RHNHeHRENysyVzdPYjdrajEyVlE9PSIsInZhbHVlIjoid1ViVmRJQlBML0tubi9Sa1orVWZTQT09IiwibWFjIjoiYWY0NTA2MDY3Yzg0ZTgwYzk3YzIzOGU2MmE0NmE5NzMyMzRjOTI0MzhkNDMyNWIzYWZmZWQ3ODFmYjI0MjM4NSIsInRhZyI6IiJ9', 'Physical Sciences Reviews. De Gruyter', 'Fabaceae: a significant flavonoid source for plant and human health', '2022', NULL, '2021-0224', 'Internasional', 'Prosiding Internasional Terindeks', 'Penelitian', 'https://doi.org/10.1515/psr-2021-0224', 'Risa Nofiani, Puspa Dewi Lotulung and Hasnah Osman', '2023-07-26 03:32:52', '2023-07-26 03:32:52'),
(12, 'eyJpdiI6ImxyNy94dDRheDd6VmpQS1VhVEdCOFE9PSIsInZhbHVlIjoiSHhEYS9CZ1QybHRLR1F3bUdiWkdwUT09IiwibWFjIjoiODU5Y2Y0MjlhMDkyOTg3YmY4MjhhMjIwMjIxMmViMDZkOTY4ZjJiMWFlODQ4NGNiMDY5N2M2YTA5ZDc4NDNkNiIsInRhZyI6IiJ9', 'Physical Sciences Reviews. De Gruyter', 'Antibacterial, antioxidant and cytotoxic activities of the stem bark of Archidendron jiringa ( Jack) I.C. Nielsen', '2022', NULL, '2021-0151', 'Internasional', 'Prosiding Internasional Terindeks', 'Penelitian', 'https://doi.org/10.1515/psr-2021-0151', 'Uswatun Hasanah, Puspa Dewi Lotulung', '2023-07-26 03:34:03', '2023-07-26 03:34:22'),
(13, 'eyJpdiI6IkdWZlRiZ0tUblNmb1N4UzRUVnNZOWc9PSIsInZhbHVlIjoiT0dZU1o0RzB0LzV4elI2cFhjVUtJdz09IiwibWFjIjoiYjQzODcxNTAzOTc3OTA2NDczNjJjMWQ1ZTI0NDJhN2RlMDRkNmQ5OTAzMjk4ZDk5NGFjYzkyMjMwY2E1MzYzYyIsInRhZyI6IiJ9', 'Asian Journal of Chemistry', 'Effect of Sulfur Doped Nanotitania for Degradation of Remazol Yellow and Phenol', '2019', 32, '3019 - 3023', 'Internasional', 'Artikel Internasional Bereputasi', 'Penelitian', 'https://asianjournalofchemistry.co.in/user/journal/viewarticle.aspx?ArticleID=32_12_13', 'RUDY SITUMEANG, PERDINAN SINUHAJI, and SIMON SEMBIRING,', '2023-07-26 03:35:20', '2023-07-26 03:35:20'),
(14, 'eyJpdiI6InNCLytRNHhUK0xNNTBQd3lSN2t3SWc9PSIsInZhbHVlIjoiaUVUMHRnb2cwbzl3NGRCdy9DQXd1QT09IiwibWFjIjoiZjI1Y2U4ZTczYWY5MGNhZDg2ODZjZjFmMDhiMGIyNTkzNTlmYmNhN2Q4OTU0MWNiMzY0NGExNWZjMTZmMDI4ZSIsInRhZyI6IiJ9', 'Journal of the Turkish Chemical Society', 'Bioassay-Guided Separation Approach for Characterization of New Antibacterial Fractions from the Stem Roots Extracts of Archidendron jiringa', '2021', 8, '393-404', 'Internasional', 'Artikel Internasional Bereputasi', 'Penelitian', NULL, 'Bambang Irawan, Mohamad Nurul Azmi', '2023-07-26 03:36:21', '2023-07-26 03:36:21'),
(15, 'eyJpdiI6IjZpd2FaTXFJWmpLVUJlZGl0Sy9vS0E9PSIsInZhbHVlIjoiSVhJaWE2SEtzMFdCSU5FV0t4STYvdz09IiwibWFjIjoiMjYyOGUwODMzZWI0ZWJhMmE0N2MyMTA0ZTZhNTQ1ZTRlYTYyMzZkYzQwMjQzYWU4ZWY1N2RlZmEzNmRiZTIyNyIsInRhZyI6IiJ9', 'Journal of Metals, Materials and Minerals', 'Effect of amorphous rice husk silica addition on the structure of asphalt composite', '2020', 30, '113 - 118', 'Internasional', 'Artikel Internasional Bereputasi', 'Penelitian', 'http://eresource.car.chula.ac.th/chula-ejournals/openpdf/openpdf.php?id=12895', 'Agus RIYANTO, Rudy SITUMEANG, Zipora SEMBIRING, Nita SUSANTI, and Iqbal FIRDAUS', '2023-07-26 03:42:04', '2023-07-26 03:42:04'),
(16, 'eyJpdiI6IlMvS2Vldno0TDV3SGUyOTVGUC83Y3c9PSIsInZhbHVlIjoiVmtDNldESitOakFkVFkxQTBIOEhyQT09IiwibWFjIjoiNDA5MGU5NWY1MzU2ZGFhZWU2Y2EyMzU4Njg2ZmQ0YmU1NGJkMzIyZTQ3ZjFlMTEzOTliZThmODYwMWYzMWFlNSIsInRhZyI6IiJ9', 'Key Engineering Materials', 'Ni0.5V0.5Fe2O4 Nanophotocatalyst:Preparation,Characterizationandits Activity on Remazol Golden Yellow Degradation under Sunlight Irradiation', '2019', 840, '71 - 78', 'Internasional', 'Artikel Internasional Bereputasi', 'Penelitian', 'https://www.scientific.net/KEM.840.71', 'Romiyati Romiyati, Ahmad Ammar Saputra, and Simon Sembiring', '2023-07-26 03:57:58', '2023-07-26 03:57:58'),
(17, 'eyJpdiI6IjVGNkFKOEM3UU5iSFVwemJydWFqV3c9PSIsInZhbHVlIjoieXV5d1ArOGpxTFNwWFhzaFVjaVFoQT09IiwibWFjIjoiN2E3NTNlMjhhMzNlNjQwMjRjYmNlYjY2MWY2MTNiZWUxYWIzMmQ0NTI2ZDEzODc2Njk4MDAxNDVlZGQxN2VjZSIsInRhZyI6IiJ9', 'Journal of Physics : Conference Series', 'Synthesis and characterization of LaCr(1-x)MoxO3', '2019', 1572, '012064', 'Internasional', 'Artikel Internasional Terindkes', 'Penelitian', 'https://iopscience.iop.org/article/10.1088/1742-6596/1572/1/012064', 'R T M Situmeang, W Simanjuntak3 and C R Ratri', '2023-07-26 04:02:00', '2023-07-26 04:02:00');
INSERT INTO `seminar_komprehensif` (`id`, `encrypt_id`, `tahun_akademik`, `semester`, `periode_seminar`, `judul_ta`, `sks`, `ipk`, `toefl`, `berkas_kompre`, `agreement`, `komentar`, `status_admin`, `status_koor`, `id_pembimbing_satu`, `id_pembimbing_dua`, `pbl2_nama`, `pbl2_nip`, `id_pembahas`, `id_mahasiswa`, `created_at`, `updated_at`) VALUES
(1, 'eyJpdiI6Im5aWEwxNEpQRXpBeUkreGpWdHM0SWc9PSIsInZhbHVlIjoidHNEQjNLSmozTTBRR1ZDa2dmcWJjQT09IiwibWFjIjoiYzUwZTk0NWQ5MmQwYzliM2U3NDI3N2QzNmMxMDZlNTY3YWQyNTNiYTZkMzIyYWY1NmQ4NGRjYjJjNjE0Yzk5YyIsInRhZyI6IiJ9', '2023/2024', 'genap', 'Mei 2022', 'Karakterisasi Ekstrak Kulit Batang Sungkai (Peronema Canescens Jack) Sebagai Antidiabetes Pada Mencit Jantan (Mus Musculus L.)', '140', '3.59', '457', '4cOFE809x8Sd6K95w2vh3ikz4N9Aksp2MSjFtu9d.pdf', 1, NULL, 'Valid', 'Selesai', 17, 13, NULL, NULL, 5, 51, '2023-07-25 04:08:06', '2023-07-25 04:15:14'),
(2, 'eyJpdiI6ImRNYVhkM25EdlZneHN1bk1wRUh6MWc9PSIsInZhbHVlIjoiNTFrZXVKL25IWjJjRlhnNC9SRnoyQT09IiwibWFjIjoiZjhiMGJhOTQyYmQ0ODM1YzIxODdkOTMwMmEzODA4NDZiM2E3NDM5NmQzMTQ0MzYzY2Y2MWU3YTVhNmY4NDgyNSIsInRhZyI6IiJ9', '2022/2023', 'ganjil', 'June 2023', 'Sintesis Dan Studi Mekanisme Proteksi Dimer 4-Vinilpiridin Sebagai Inhibitor Korosi Baja Lunak Dalam Brine Solution Yang Jenuh Co2', '148', '3.58', '443', 'NaszJTkWgTssXCRfmIJWKIc9zDSehnt2OWLb7KPg.pdf', 1, NULL, 'Valid', 'Selesai', 3, 13, NULL, NULL, 1, 33, '2023-07-25 04:09:10', '2023-07-25 04:13:24'),
(3, 'eyJpdiI6IkYwVUhVR3lxMG4yZUNjZGtGNHp4anc9PSIsInZhbHVlIjoiUTF5TVErbmE3YnIzSlNzY3BWWTBWdz09IiwibWFjIjoiZjc3OTZhMDhmY2E5YWVhNzY5OTVkNDE0ZDEyMzgyYWVlZjgwYWM3YjQ3NGExYjZkMWJmN2Y5ZWM0ZDQyYzU5MCIsInRhZyI6IiJ9', '2022/2023', 'ganjil', 'May 2023', 'Isolasi, Karakterisasi Senyawa Flavonoid Kayu Cabang Tumbuhan Kenangkan (Artocarpus Rigida), Dan Uji Bioaktivitas Antidiabetes Dan Antibakteri', '131', '3.84', '350', 'yQwGc7aBevDNKyicYn0Ktrng4emCNnYqZkHRkQc5.pdf', 1, NULL, 'Valid', 'Selesai', 24, 23, NULL, NULL, 27, 25, '2023-07-25 04:11:32', '2023-07-25 04:15:17'),
(4, 'eyJpdiI6Im5YY0g2SXpuRU1scGxEOEFNRHVpUkE9PSIsInZhbHVlIjoiMU9VNGVWUkJJaW9qNCs1QzBnMXlrdz09IiwibWFjIjoiNTg3NmE1NWRlOGMyZDA0MTZkMTI1NDFkNThjMTNjOTFjYmUwNmNiODUyYzM2OWEwZTY4N2NkYTE2YWI0NmEwMCIsInRhZyI6IiJ9', '2023/2024', 'genap', 'August 2023', 'Kyfky,V', '100', '4.00', '0', 'erHP2CjqiC8yYD6v3DxiErSnnw2762Aet6TwdOot.pdf', 1, NULL, 'Valid', 'Selesai', 1, 1, NULL, NULL, 1, 69, '2023-07-25 04:11:56', '2023-07-25 04:12:27'),
(5, 'eyJpdiI6ImlzczhJUko3REZrMDdJRGF2VlR0NXc9PSIsInZhbHVlIjoiU0xyeTdzVWYwZnpSOVdqelYrWUs5QT09IiwibWFjIjoiODEwMDRiNDE4NDhkZWRkYTU0NDAyM2ZjN2U3OTQ4ZWI0MjlhODk4Y2JjNDQ0YTE0Y2U3MmJmMjA3ZTdiNGU1YSIsInRhZyI6IiJ9', '2022/2023', 'genap', 'February 2023', 'Judul Tugas Akhir', '110', '3.79', '400', 'LO3Tp7cZsSTyhkGaBHVUY1bmoWjvEVJqDnHrhFux.pdf', 1, NULL, 'Valid', 'Selesai', 1, 2, NULL, NULL, 3, 1, '2023-07-25 04:12:25', '2023-07-25 04:12:52'),
(6, 'eyJpdiI6Ijh5dzVLMGUzbXV4VXFhT053NUliVmc9PSIsInZhbHVlIjoicG5Fby9yTi90eEJmWFFYZk1pTzB1dz09IiwibWFjIjoiMTJhNjk0OTBhZGY3ZDU2NzM1NmE1NzNhMTBkYTc1NGJhZDllMmJmMDY3NGY0NjFiYzAwMjVjZThkYmYzN2UxNyIsInRhZyI6IiJ9', '2022/2023', 'genap', 'May 2023', 'Sintesis, Karakterisasi, Dan Uji Bioaktivitas Sebagai Disinfektan Senyawa Difeniltimah(Iv) Di-(2-Hidroksibenzoat) Dan Difeniltimah(Iv) Di-(3-Hidroksibenzoat)', '146', '3.87', '480', 'H0Rk8MOPUwakWv5XWbYewW9qle5gbPuKmwDJN7yy.pdf', 1, NULL, 'Valid', 'Selesai', 27, 24, NULL, NULL, 31, 18, '2023-07-25 04:15:27', '2023-07-25 04:16:30'),
(7, 'eyJpdiI6InUxWGErdDA3UTdMSnd0QXpWeGZnWHc9PSIsInZhbHVlIjoidUtxWk4wT2QzS1hrZkR2ajZkcForZz09IiwibWFjIjoiOTM2NzJmMWZlZDQ1YzFmYWExYWQ3MWZjZDMxYzgxOTkwOTQ2OTRjNWVkZGVhN2U1ZmRiZTExYjQ1ZTljMzgwOSIsInRhZyI6IiJ9', '2022/2023', 'ganjil', 'Juli 2023', 'Modifikasi Karbon Dari Cangkang Buah Karet (Hevea Brasiliensis) Dengan Magnetit Dan (3-Aminopropyl)-Triethoxysilane (Aptes) Untuk Menyerap Zat Warna Kristal Violet Dan Anion Fosfat Dalam Larutan', '131', '3.84', '383', 'QTbGJq2OHg1etXYi3OESlUiS52hECIo5oej5IZdF.pdf', 1, NULL, 'Valid', 'Selesai', 4, 11, NULL, NULL, 12, 60, '2023-07-25 04:25:00', '2023-07-25 04:29:09'),
(8, 'eyJpdiI6ImJQZ05VbXNlUkNGUmluMzZxaDAvK0E9PSIsInZhbHVlIjoiWE1MT3NqTzlXbXVYQTZrcHFkeG8vdz09IiwibWFjIjoiNzdmZTE3MWIzMTMxZTFkZWM2N2QzMDA5Nzc4Yjk5OWE5ZDVhNjdlZjUyZTZlMzM1MTYwZGJjNmI4MWZlZmMzMSIsInRhZyI6IiJ9', '2022/2023', 'ganjil', 'July 2023', 'Sintesis Dan Karakterisasi S/Cao/Ngo Dengan Bantuan Sinar Visible Sebagai Antibakteri', '148', '3.61', '513', 'lHVytA2nwPN1nH8FNOGMDBO7upBVZqMaP2WUgfZB.pdf', 1, NULL, 'Valid', 'Selesai', 26, 1, NULL, NULL, 7, 29, '2023-07-25 12:25:00', '2023-07-25 12:29:26');
INSERT INTO `seminar_kp` (`id`, `encrypt_id`, `judul_kp`, `semester`, `tahun_akademik`, `mitra`, `region`, `rencana_seminar`, `pembimbing_lapangan`, `ni_pemlap`, `toefl`, `sks`, `ipk`, `berkas_seminar_pkl`, `agreement`, `status_seminar`, `proses_admin`, `keterangan`, `id_dospemkp`, `id_mahasiswa`, `created_at`, `updated_at`) VALUES
(1, 'eyJpdiI6ImFzZVpsSXNYYlRlVHBNbU5OZm8xVUE9PSIsInZhbHVlIjoiK0Y3VTQveVZ5aHZiQWZPY09mbUZrQT09IiwibWFjIjoiYjY3NWQzODI0MWRmOGZmMjMyNTMxNTQ2MGE0MzYwNWYyYjk4Y2M1MmU5MzJlYzM0NGM1OTQxYzJhZmYxZTYwZSIsInRhZyI6IiJ9', 'Judul Tugas Kerja Praktik', 'Genap', '2022/2023', 'PT Sendiri', 'Luar Lampung', 'May 2023', 'asep', '123', 0, 110, 3.99, 'wgnqdd4jwpNby4X0Ihe0WxEOWgHRcCe22xJYPpPw.pdf', 1, 'Selesai', 'Valid', NULL, 2, 1, '2023-07-25 03:26:05', '2023-07-25 03:26:05'),
(2, 'eyJpdiI6IlowRUFZZmR1OGNONTRMNllBZVRyMGc9PSIsInZhbHVlIjoidVFpcXpLOUF0eE1DbGl0OGVaZWhyZz09IiwibWFjIjoiOWE4ZWM3Mjg1MzEzZmEzMWI5MWVmNTk5YzY2OTUxODcyMDBhZjY0ZTM2NzRlZjcxYTM2OTI4ZmRkMzNmMmEwZiIsInRhZyI6IiJ9', 'Sintesis, Karakterisasi, Dan Uji Bioaktivitas Sebagai Disinfektan Senyawa Difeniltimah(Iv) Di-(2-Hidroksibenzoat) Dan Difeniltimah(Iv) Di-(3-Hidroksibenzoat)', 'Genap', '2022/2023', 'Laboratorium Kimia Anorganik/Fisik Universitas Lampung', 'Unila', 'August 2022', 'Prof. Dr. Sutopo Hadi, S.Si, M.Sc.', '197104151995121001', 480, 146, 3.87, 'PKVdGfjx6aiRF0g3SB9wrgaTXM7yEI4zK7dgorKY.pdf', 1, 'Selesai', 'Valid', NULL, 27, 18, '2023-07-25 03:30:21', '2023-07-25 03:30:21'),
(3, 'eyJpdiI6ImNGTFIyVjh6WW9Mck4zREc3VmVud3c9PSIsInZhbHVlIjoiTnU2NXk2S2phUi9RZGpOQWFiM21BQT09IiwibWFjIjoiNzhlOTRlOGE2MjY1ZDM2NGY0OGMwYTk1YTU1NmE0NjdmMjU2NzY1YjVlNjYwOTA1MTJjNWQyYzZjNWFmMWQzZCIsInRhZyI6IiJ9', 'Uji Efektivitas Dekomposer Em4 Terhadap Penurunan Kadar \r\nBiological Oxygen Demand (Bod) Pada Limbah Cair Industri \r\nTahu', 'Genap', '2023/2024', 'Laboratorium Biokimia', 'Unila', 'July 2023', 'Dr. Dian Herasari, S.Si., M.Si.', '197406112000031002', 460, 145, 3.61, 'oRtmKKD0ekKwHkoF5J8hn497wuDHIAPQBvkCfhq7.pdf', 1, 'Selesai', 'Valid', NULL, 1, 22, '2023-07-25 03:34:09', '2023-07-25 03:34:09'),
(4, 'eyJpdiI6IlhITElwTWt1eS9xTFB5ejhEay9TV2c9PSIsInZhbHVlIjoiano0L1hlR29UalNjTGkyTC83Yklzdz09IiwibWFjIjoiMmUxMDI4ZmQ0MjFmMzY1ZmZhODhhYjMyNDlmZDNkNmJlYmU5OWU1MjFjM2YyNGVhZTJlMzQ1ZDM0MzYxMzNhYyIsInRhZyI6IiJ9', 'Pengaruh Penambahan Campuran Ekstrak Kulit Nanas (Ananas\r\nComosus) Sebagai Inhibitor Kerak Magnesium Karbonat\r\n(Mgco3) Menggunakan Metode Seeded Experiment', 'Ganjil', '2022/2023', 'Laboratorium Kimia Anor/KF, Jurusan Kimia', 'Unila', 'October 2022', 'Prof. Ir. Suharso, S.Si., Ph.D.', '196905301995121001', 457, 145, 3.69, '3AdK4BHs7iv8JdKgGZtaPxi0wjRHfJcBcnCcKVdZ.pdf', 1, 'Selesai', 'Valid', NULL, 5, 19, '2023-07-25 03:34:13', '2023-07-25 03:34:13'),
(5, 'eyJpdiI6InhYRlF2K0RtYXdUQi9obVhmZEdHcmc9PSIsInZhbHVlIjoibzJHOXZEY1ZZdFdrWTZSWDE0VkoyUT09IiwibWFjIjoiZTVmOTVjZjA5MjUzMTM2OWY5MmMzMTRlNDhhZWE1OGVkMTFlNWVjNmM0MmM2ZGQ1MjZmNDU2OWU0NTVhMjEzMyIsInRhZyI6IiJ9', 'Pengaruh Dekomposer Biotama Terhadap Penurunan Bod Pada Limbah Tahu', 'Ganjil', '2023/2024', 'Laboratorium Biokimia- jurusan Kimia', 'Unila', 'June 2023', 'Mulyono, S.Si., M.Si., Ph.D', '197406112000031002', 0, 141, 3.51, 'r4Ar7bqRoNaH1Fe5E8diRC1x8Bf6AZMM7Tfbvz8T.pdf', 1, 'Belum Selesai', 'Valid', NULL, 8, 24, '2023-07-25 03:34:24', '2023-07-25 03:34:24'),
(6, 'eyJpdiI6IitCNHFsSnU0bWh5dnNkdmtxR0FzVXc9PSIsInZhbHVlIjoiYkVhZmVGSFFBSDB1Y1dTbkJ0L3pXUT09IiwibWFjIjoiZTg5ZDZmYmZjM2RkMzRlZWVmZmQzNGVjMzFkZWE4N2U5OTA1NzIzMDM5YzRlNzE3OGQzNTQ2ZTQyYzkwZjRjOCIsInRhZyI6IiJ9', 'Sintesis Zeolit Zsm-5 Pori Hirarki Berbasis Silika Komersil Menggunakan Pati Jagung Sebagai Biomesoporogen', 'Genap', '2023/2024', 'Universitas Lampung', 'Unila', 'November 2022', 'Dr. Mita Rilyanti, S.Si., M.Si.', '197205302000032001', 417, 3, 3.73, 'TnV73CkwYnCMZe1FvCYf9Ws4j8J81WrZxGXmgKtf.pdf', 1, 'Selesai', 'Valid', NULL, 11, 12, '2023-07-25 03:35:39', '2023-07-25 03:35:39'),
(7, 'eyJpdiI6ImZnTGtoWThFRW1KRGFxZkoyWDliRnc9PSIsInZhbHVlIjoiZWxPVU82Z0ZFV1JiSkpPRWsyWjBBdz09IiwibWFjIjoiYTkxYzJiZDczZmNkZDc2YjY3MmUyYmU5NjRjOGIzM2U4OWIyNDBmNzA0N2ZmMjQ0ZmIzMDI3NTc0YTBjMjNmMiIsInRhZyI6IiJ9', 'Sintesis Dan Karakterisasi Ago/Ngo Serta Uji Antibakteri Di Bawah Irradiasi Sinar Uv', 'Genap', '2022/2023', 'Laboratorium Anorganik/Fisik Jurusan Kimia dan Laboratorium Mikrobiologi Jurusan Biologi Fakultas Matematika dan Ilmu Pengetahuan Alam', 'Unila', 'Terlampir di file berita acara (3 Oktober 2022)', 'Prof. Dr. Sumardi, M.Si.', '196503251991031003', 513, 148, 3.61, 'uLHi2sK7mlNwv6zqw4YtHvVHVc2KC0cb7yDw9x3D.pdf', 1, 'Selesai', 'Valid', NULL, 26, 29, '2023-07-25 03:36:34', '2023-07-25 03:36:34'),
(8, 'eyJpdiI6Ii9qdk9KZnZpUmxsMkZ3WWc2RFdIaGc9PSIsInZhbHVlIjoiN3dDVEhCMmE2YjlUcDYySTMzT3Vydz09IiwibWFjIjoiN2I2YjEzMGQxZjNiYWVkM2I2ZjYxYmYzZjJhYTc4NzMzOWJlODJmZDFkMTNkYjVhNDNiMzU2M2JjMWExOWEwZiIsInRhZyI6IiJ9', 'Uji Bioaktivitas Antidiabetes Terhadap Ketiga Fraksi Ekstrak Kayu Cabang Tumbuhan Kenangkan (Artocarpus Rigida)', 'Ganjil', '2022/2023', 'Laboratorium Kimia Organik Jurusan Kimia FMIPA Universitas Lampung', 'Unila', 'September 2023', 'Prof. Dr. Tati Suhartati, M.S.', '195405101988032001', 0, 131, 3.84, 'arXJ24DyhhxiTqSiwVwkmyIcbI0dCnlAGNGxH31W.pdf', 1, 'Selesai', 'Valid', NULL, 24, 25, '2023-07-25 03:36:35', '2023-07-25 03:36:35'),
(9, 'eyJpdiI6IkRJb01RbFhKQ0syajlYdXFuNnhFcGc9PSIsInZhbHVlIjoiOVQ2M2M5UGhmNXhQQnJaNGpxSCtWZz09IiwibWFjIjoiZWQzODZhMDA3ODE0YTdhYWE3M2RmMTQwMjc3YjNhOGUyMWY0MGE0NmMxZGRmMjliMTQ5ZmQzN2QzNDJlMTU4YyIsInRhZyI6IiJ9', 'Analisis Pengujian Mutu Produk Adhesive Berbasis Air Dan Pelarut Organik Di Pt Asian Chemical Industry', 'Ganjil', '2023/2024', 'PT Asia Chemical Industry', 'Luar Lampung', 'August 2022', 'Sarah Sarlina', '0000123', 0, 3, 3.58, 'H9F7ePgwrEhdnw9bKq07lNKcKYYH8f1VOUp4xiDy.pdf', 1, 'Selesai', 'Valid', NULL, 3, 33, '2023-07-25 03:37:27', '2023-07-25 03:37:27'),
(10, 'eyJpdiI6IkV4YXR0N1ZZRnQwR0JiQk44R3R6Y1E9PSIsInZhbHVlIjoibG9MU3ZiUndVa1J4bVJseVppMXZDZz09IiwibWFjIjoiMDhjMzU2MzkzM2NiODUxZWFjMTI5ZDNjYjViMTQxNjY0ODgxNDlkYWVlMjc2ZTM1MWMxM2E3NjZkYWE5ZGZmMSIsInRhZyI6IiJ9', 'Analisis Kualitas Sungai Way Sekampung Di Kota\r\n Metro Menggunakan Metode Indeks Pencemaran\r\n (Ip)', 'Genap', '2022/2023', 'Dinas Lingkungan Hidup Kota Metro', 'Dalam Lampung', 'September 2022', 'Dr. Eng Sugiyono, ST, MT, M.Sc.', '197901062005011009', 0, 139, 3.53, 'wse0cxEYFCSjJjevJ3YukmhDY1y44tyEAZVqb2Ec.pdf', 1, 'Belum Selesai', 'Valid', NULL, 10, 26, '2023-07-25 03:38:56', '2023-07-25 03:38:56'),
(11, 'eyJpdiI6IlJsUzZmREN2N0RCa05sa3JXck1PR3c9PSIsInZhbHVlIjoiYlRxeWVtZjZrOG9LOHFobmhmOGZuZz09IiwibWFjIjoiNmViNDA1NjAzZjk1NDg2ZDM4NWQzNGEzNDAwNDY4NTRhNjBkMTM1NDJiNzMwMTU2ODUyYzhhNWU5Mzk4N2U0OSIsInRhZyI6IiJ9', 'Uji Antibakteri Dan Uji Kualitatif Senyawa Metabolit Sekunder Dari Ekstrak Metanol Bunga Turi Merah (Sesbania Grandiflora (L.) Pers)', 'Ganjil', '2022/2023', 'Laboratorium Kimia Ogranik FMIPA Unila', 'Unila', 'June 2023', 'Prof. Noviany, S.Si., M.Si., Ph.D.', '197311191998022001', NULL, 144, 3.64, 'lvYboQNRT1RP1SvcLofjTOuvaUYuIecGoTiSGILg.pdf', 1, 'Selesai', 'Valid', NULL, 14, 6, '2023-07-25 03:39:09', '2023-07-25 03:39:09'),
(12, 'eyJpdiI6ImxxYW1DU1JJSnlDZVlLZko2YkZLb3c9PSIsInZhbHVlIjoiMjBRVzQ3d1I5TEU1TTJMQW1FcFY3QT09IiwibWFjIjoiNDQ4MjgxNjM2NjY4OGEzMDM3NjY4NjgxYTM4NzI0MTUxODEwNjg2YmU4ODA0MTQ3Y2JiMDUwYzNmZjRhMjAzMyIsInRhZyI6IiJ9', 'Uji Aktivitas Antioksidan Dari Ekstrak Cyclotella Striata Dengan Medium Kultivasi Limbah Cair Tahu', 'Genap', '2023/2024', 'UPT LTSIT Universitas Lampung', 'Unila', '20 Juli 2023', 'Dr. Ni Luh Gede Ratna Juliasih, S.Si., M.Si.', '197707132009122002', 347, 3, 3.73, 'X2FYSpDIeVYIKJLgh1iuFD4QeXoGP4sbzep0Zd94.pdf', 1, 'Selesai', 'Valid', NULL, 19, 16, '2023-07-25 03:40:57', '2023-07-25 03:40:57'),
(13, 'eyJpdiI6IkRTcHlWU1BsZ21DTmNweXFNYVFWRFE9PSIsInZhbHVlIjoiVmk3aGtFNWdHcDZNN1M1VHNyNHpQZz09IiwibWFjIjoiMzc0ZjY2MzNiZDE2MGY2OWM5NmUxZmU4NDJhYmRhY2NmOGZhZDI1ZDcyYmNlZWU1YThmYWUzZGFlNmFlNDIwZCIsInRhZyI6IiJ9', 'Isolasi Dan Uji Aktivitas Isolat Actinomycetes Dari Mangrove Yang Memiliki Kemampuan Degradasi Selulosa', 'Genap', '2023/2024', 'Laboratorium Biokimia Jurusan Kimia FMIPA Unila', 'Unila', 'March 2023', 'Dr. Eng. Heri Satria, S.Si., M.Si.', '197110012005011002', 477, 136, 3.78, 'aKzH8arch1uIbw0VefPGBNddkprBQeYP0H7kATC2.pdf', 1, 'Selesai', 'Valid', NULL, 9, 30, '2023-07-25 03:42:12', '2023-07-25 03:42:12'),
(14, 'eyJpdiI6IlE0dVFNN2o5cFZpelpXVFpJcTJpVUE9PSIsInZhbHVlIjoiNkhWQW52QVJVcVdvbE0rNnVUOUI5dz09IiwibWFjIjoiNDhiZTc5NjlhZmUyYTYwZmZkZjdhNjM0ZTZhNTA1ODI3MWRlZjFlNWQzMzk3ZmYwMGEyMjllOTU4ODBmMzZkMiIsInRhZyI6IiJ9', 'Analisis Pengujian Berbagai Produk Cat Berbasis Air Dan Pelarut Di Pt. Asia Chemical Industry', 'Ganjil', '2023/2024', 'PT. Asia Chemical Industry', 'Luar Lampung', 'August 2022', 'Marzaqimal', '0123456789', 470, 144, 3.61, 'FbSeO6rZgskMVoSrDwVWBm9NJxizPlVCVs6oxcG3.pdf', 1, 'Belum Selesai', 'Valid', NULL, 3, 57, '2023-07-25 03:42:45', '2023-07-25 03:42:45'),
(15, 'eyJpdiI6ImY2eXowenBINGllZ2l0dHErV1QyYmc9PSIsInZhbHVlIjoiNTdZSnlySU9aTTl3T3p3YnJZL0h2UT09IiwibWFjIjoiMWQ3OWMxODFiMTk3OTE1Zjk1YmIwYmUzZWVmMjg5ZGJmZmU4MDg4YWE0MmViYjE0ODcxYzZjZmEwYWQ5N2RlYyIsInRhZyI6IiJ9', 'Analisis Padatan Tersuspensi Total (Tss) Pada Air Limbah Secara Gravimetri Berdasarkan Sni 6989.3:2019 Di Uptd Laboratorium Lingkungan Hidup Provinsi Lampung', 'Ganjil', '2022/2023', 'UPTD Laboratorium Lingkungan Hidup Provinsi Lampung', 'Dalam Lampung', 'September 2022', 'Wulandari, S.Si', '008', 0, 133, 3.7, 'WoycbDC72PnyhwCSuJhpas5UNUTkjJgZCuMk8yOA.pdf', 1, 'Belum Selesai', 'Valid', NULL, 7, 15, '2023-07-25 03:45:42', '2023-07-25 03:45:42'),
(16, 'eyJpdiI6IlVyMzIxMmI4dmdiOTJ1SlgxdzRMRnc9PSIsInZhbHVlIjoiYUo5SEJ5QXJsaEk1TDdXVHFiWUZOUT09IiwibWFjIjoiMTY2ZWIwYjhkYTZjYzFmNTM4NWNiZjk2YmY1ZDAzYTE5NmY3ZWMxNmU0OTNhNmYzMGMwMDQxNTc2MGJlZmNmMyIsInRhZyI6IiJ9', 'Investigasi Pengaruh Derajat Deasetilasi Kitosan Hasil Isolasi Limbah Kulit Udang Terhadap Ukuran Nanopartikel', 'Genap', '2022/2023', 'Laboratorium Kimia Dasar Universitas Lampung', 'Unila', 'July 2023', 'Dr. Ni Luh Gede Ratna Juliasih, S.Si., M.Si.', '197707132009122002', 443, 136, 3.6, 'ENjcdxed5VLNNpG3Z8bA6J5wNYPRdoT48qffWTK2.pdf', 1, 'Selesai', 'Valid', NULL, 19, 34, '2023-07-25 03:46:03', '2023-07-25 03:46:03'),
(17, 'eyJpdiI6InhJSzBCb0VteGE1azBzRDlGSVBZQnc9PSIsInZhbHVlIjoiaGlVaEF6M2RZMWVMSWptbmlnVzZSdz09IiwibWFjIjoiYzY0MDgwYTc0ZDNiNDg0NTU3NmM3MjZmMzM3Y2QxN2ZhMjA3NjFkMmRhMWZhZTAxZGY0NTA5MzE3ODdlMTBjYSIsInRhZyI6IiJ9', 'Pengaruh Logam Cr(Iii) Dan Cu(Ii) Sebagai Antidiabetes Pada Mencit Jantan', 'Genap', '2023/2024', 'Laboratorium Jurusan Kimia FMIPA Unila', 'Unila', 'July 2022', 'Dr. Yuli Ambarwati, S.Si., M.Si.', '197407172008122003', 457, 144, 3.59, 'uCAwmOjq6B2R58V6nQGFPmAJcOk25aGLGZbnQNFO.pdf', 1, 'Selesai', 'Valid', NULL, 17, 51, '2023-07-25 03:46:25', '2023-07-25 03:46:25'),
(18, 'eyJpdiI6Ii8yQmFkbEpCK1gwZE9zamlLZkJhRUE9PSIsInZhbHVlIjoiSW56aHZZUC9BVzJuMXFBTVdTOGNKZz09IiwibWFjIjoiYTE5NzYwZGYwNGZhOGYwNjQ0NGNmNWM2NjFmMWFmMTY5ZmRhZWZlMTg5MmUyMWVmZWNiZTU1NzI3ZDM1ZmZlZCIsInRhZyI6IiJ9', 'Penentuan Kondisi Optimum Aspergillus Fumigatus Menghasilkan Enzim Alfa Amilase Pada Media Beras (Oryza Sativa)', 'Ganjil', '2023/2024', 'Laboratorium Biokimia Jurusan Kimia FMIPA Unila', 'Unila', 'December 2022', 'Prof. Dr. Ir. Yandri AS., M.S.', '195609051992031001', 0, 129, 3.54, 's9jPt1BmJbv3Z1TSo1V9PLQwy780yeAB18eVF4Te.pdf', 1, 'Selesai', 'Valid', NULL, 23, 44, '2023-07-25 03:46:30', '2023-07-25 03:46:30'),
(19, 'eyJpdiI6IjB1ajJVMHVYdHFPdU5jYU9JbG9hTWc9PSIsInZhbHVlIjoiZHpaRDVvcVNZc21vNm1rUjE1MTY4UT09IiwibWFjIjoiOTUzMjkxNWVhYTAwNmNiYzE3MjIwNjRlMTA4Zjg1NTJlMjEzODk1ZDBjODUzMzdhYWI1OThmMmEyMjFlN2RjNSIsInRhZyI6IiJ9', 'Distribusi Ukuran Partikel Silika Sekam Padi Yang Dihasilkan Dengan Metode Sol Gel Menggunakan Asap Cair Grade 3', 'Ganjil', '2022/2023', 'Laboratorium Anorganik dan Kimia Fisik', 'Unila', 'September 2022', 'Prof. Wasinton Simanjuntak, M.Sc., Ph.D.', '195907061988111001', 543, 139, 3.54, 'DlIIloDLP6WKZXilwYNt5IZaTC842hAEWQZNKZSw.pdf', 1, 'Selesai', 'Valid', NULL, 25, 50, '2023-07-25 03:46:51', '2023-07-25 03:46:51'),
(20, 'eyJpdiI6ImZUallKVjJUanN1bEJ4ajNmUld0SlE9PSIsInZhbHVlIjoiQXJzSUlScmVUZEFtdjdoTGNDaFYyUT09IiwibWFjIjoiZmY1YzE0YmMyNmI0YTE3Yjc3YWYwNmZmZjU5YjNjNTQ4NTBlYzJmYThiODdhNGExODFkZGVhNWIwNTdhYWZhMyIsInRhZyI6IiJ9', 'Analisis Kadar Total Fosfor (Tpo4-P) Pada Air Sungai Dengan Metode Spektrofotometer Uv-Vis Berdasarkan Acuan Sni 06-6989.31-2021 Di Uptd Laboratorium Lingkungan Hidup Provinsi Lampung', 'Ganjil', '2023/2024', 'Dinas Lingkungan Hidup Provinsi Lampung', 'Unila', 'September 2022', 'Wulandari, S.Si.', '008', 453, 110, 3.64, 'Th80QYCqItJ1XxToXL53Q0UouEi49tMre9C0GVdm.pdf', 1, 'Selesai', 'Valid', NULL, 1, 23, '2023-07-25 03:49:03', '2023-07-25 03:49:03'),
(21, 'eyJpdiI6Ik1NWnhFSzZIN1dOSjlrS1hTWnZPbVE9PSIsInZhbHVlIjoiL2JmVXN6NkRqSXlySk4vaWdOUE0yZz09IiwibWFjIjoiZWQxMzQyNzU0ZWY2NjNkY2Q1OWEwZDM4ZDI3YmFjODgzYjQyMWU3OTY5YzZkYzYzM2Y3NzNkYTA2OTRhMDUxOSIsInRhZyI6IiJ9', 'Uji Bioaktivitas Antidiabetes Terhadap Beberapa Fraksi Ekstrak Kayu Akar Tumbuhan Kenangkan (Artocarpus Rigida)', 'Genap', '2023/2024', 'Laboratorium Organik', 'Unila', 'September 2023', 'Prof. Dr. Tati Suhartati, M.S.', '195405101988032001', 0, 22, 3.78, 'q6Rb4C7EVUWL0lHkCYjweE7BdLvZxAqA3s4Z5gXW.pdf', 1, 'Selesai', 'Valid', NULL, 26, 52, '2023-07-25 03:52:41', '2023-07-25 03:52:41'),
(22, 'eyJpdiI6IkN0STI2eTFCNU0yNFlrQ1hYTjQwTmc9PSIsInZhbHVlIjoiQ2pEbWlsNGdZNVo5bEhpUHM2emVEUT09IiwibWFjIjoiZjg3MGY2Y2JiNzQ2ZDU5NjcyMGFhNGE4ZGUwMDE3NmFlOWY2OWVlNjY3NDA4ZDZmOWI2YTVhMjQ4ZThhNzE3OCIsInRhZyI6IiJ9', 'Pengaruh Penambahan Limbah Cair Tempe Sebagai Inhibitor Kerak Magnesium Karbonat (Mgco3) Menggunakan Metode Seeded Experiment', 'Ganjil', '2022/2023', 'Laboratorium Kimia Anorganik/Fisik', 'Unila', 'October 2022', 'Prof. Ir. Suharso, S.Si., Ph. D.', '196905301995121001', 470, 145, 3.73, 'DlCF6dn7Z1liYC0xdsZGWVgWnFKez9Sz9Sc27sHG.pdf', 1, 'Belum Selesai', 'Valid', NULL, 5, 13, '2023-07-25 03:52:42', '2023-07-25 03:52:42'),
(23, 'eyJpdiI6IlQ0R0xpck45aW1UN2ZKT2VHQ1J5WVE9PSIsInZhbHVlIjoieFBnVkQ2SlNSNnpkZEhMcmU5cWsvUT09IiwibWFjIjoiODQ1YzhlZDQzYjhhZGNlNTQ3YzBhNjc5NWIyOTU2OGI2ZjE2NDhlZWIzMjExZWQxNGMzYjJiNzE5N2Q0MTI2NiIsInRhZyI6IiJ9', 'Penurunan Kekeruhan Dari Air Limbah Laundry Menggunakan Pemanfaatan Karbon Aktif Cangkang Biji \r\nKaret (Hevea Brasiliensis) Hasil Metode Pirolisis Sebagai \r\nAdsorben', 'Ganjil', '2022/2023', 'Universitas Lampung', 'Unila', 'September 2022', 'Prof. Dr. Kamisah Delilawati Pandiangan, S.Si., M.Si', '197212051997032001', 452, 129, 3.48, 'okPWzcVlzzTMgmNzKoxc9ZHVUOXdIfmpuq3jYuTK.pdf', 1, 'Selesai', 'Valid', NULL, 12, 59, '2023-07-25 03:53:06', '2023-07-25 03:53:06'),
(24, 'eyJpdiI6IkdldDFpd0pSL3pzTEd2SFZCMXk2MUE9PSIsInZhbHVlIjoiL0hhVTRwMXlLRGIxbnZSeHA4Y3Vqdz09IiwibWFjIjoiODQwZDNjZmQwOWIzM2VhOTk1ZWJmYTY5YjI4ZWNiZTg4ZjlhMTA2MWYxMzAzOTY4ZTI1YjdhYTkxMzNkOGYwMiIsInRhZyI6IiJ9', 'Penentuan Kondisi Optimum Aspergillus Fumigatus Menghasilkan Enzim -Amilase Pada Media Pati Kentang (Solanum Tuberosum)', 'Genap', '2022/2023', 'Laboratorium Biokimia', 'Unila', 'December 2022', 'Prof. Dr. Ir. Yandri A.S., M.S', '195609051992031001', 493, 133, 3.42, 'BVwcHxmPRojMYr9ez8K8mWHYiySGjJqiPJx0yvYC.pdf', 1, 'Selesai', 'Valid', NULL, 1, 39, '2023-07-25 03:53:53', '2023-07-25 03:53:53'),
(25, 'eyJpdiI6IlBZWVZWYnhKVlhqblBhT2FzTW90aXc9PSIsInZhbHVlIjoiMkZEdWdMa0ZDTlhSRE5kalhqdTlHdz09IiwibWFjIjoiYjUwZTY4MTNhZTllMTI1NjZhOTRlNjQwODdmNDBiNmIwNWJmZWM2MzQyOTFiODZjNmZlMjRjOWJlMDkzMzkxMyIsInRhZyI6IiJ9', 'Isolasi Dan Uji Aktivitas Isolat Actinomycetes Dari Kompos Yang Memiliki Kemampuan Mendegradasi Selulosa', 'Genap', '2022/2023', 'Laboratorium Biokimia FMIPA Unila', 'Unila', 'March 2023', 'Dr. Eng. Heri Satria, S.Si., M.Si.', '197110012005011002', 460, 137, 3.73, 'aaO9xQjadwIljRtM4VRRH58iHw484JhRKjNUsUb6.pdf', 1, 'Selesai', 'Valid', NULL, 9, 5, '2023-07-25 03:54:29', '2023-07-25 03:54:29'),
(26, 'eyJpdiI6IjFGUVJUbGsxNUJlUTF2ZkpDMGFrTGc9PSIsInZhbHVlIjoiQ1ZlaE9sQnpzSlBPVEp6N0xvMHpsQT09IiwibWFjIjoiNGU0ODZmMDMwNjEyZDJjOTQ4NzlkYTAyZWM3MDYwM2JhOGJlZDM4Njg2NDdiYTFjZDcyZDdlYTM2MTEyN2Y5MiIsInRhZyI6IiJ9', 'Ekstraksi Titanium Dioksida (Tio2) Dari Pasir Besi Banten Dengan Agen Pelindi Asam Asetat', 'Ganjil', '2022/2023', 'Pusat Riset dan Teknologi Pertambangan-BRIN', 'Dalam Lampung', 'September 2022', 'Yayat Iman Supriyatna, S.T., M.T', '198504272009121003', 0, 131, 3.84, 'Pllu0YuaEB3lyggVJZumqJCh589Fsyfg80lAog2m.pdf', 1, 'Selesai', 'Valid', NULL, 4, 60, '2023-07-25 03:54:34', '2023-07-25 03:54:34'),
(27, 'eyJpdiI6IlpwRnp6VUg4MDlhSkptTVgwVldyWUE9PSIsInZhbHVlIjoielJQaytMQ3JPbStOVDBhNCt4WEdQQT09IiwibWFjIjoiNTZiMGI0ZjIyNWIzNDA4ZTY3NjI4NzA1N2FkNDNkNjI4Njk5OGUwNGE1ZDc1MmQzZTgyYzNkYTEwM2ZjMDA1MCIsInRhZyI6IiJ9', 'Isolasi Dan Uji Aktivitas Isolat Actinomycetes Dari Tanah Kompos Yang Memiliki Kemampuan Mendegradasi Xilan', 'Genap', '2022/2023', 'Laboratorium Biokimia FMIPA Unila', 'Unila', '20 Maret 2023', 'Dr. Eng. Heri Satria, S.Si., M.Si.', '197110012005011002', 500, 141, 3.65, 'IvkT0tVPV9UJ4Q9ogn6dqBXLe5NRYMvVh9pgwtoP.pdf', 1, 'Selesai', 'Valid', NULL, 9, 31, '2023-07-25 03:57:18', '2023-07-25 03:57:18'),
(28, 'eyJpdiI6InE2RGxGQ0VkbFVGN1Vad1JjTnRneHc9PSIsInZhbHVlIjoiREd0cVBMU0RoalI1ckh5UG1Vc05Sdz09IiwibWFjIjoiMzY2MjAwNDI2OTNiY2JmNjM0ZGExMTlmM2JjNWEwY2Y4ZmJjMzMyZTg2OGMzMTU2Yzg2YWIyODJlYTgyMDdmMSIsInRhZyI6IiJ9', 'Perbandingan Metode Pengukuran Kadar Air Pada Lada Hitam Menggunakan Sni 01 2891:1992 Dengan Sni 0005:2013', 'Genap', '2023/2024', 'Balai Pengawasan Sertifikasi dan Mutu Barang (BPSMB)', 'Unila', 'August 2023', 'widiyantoro, A. Md.', '198210192010011013', 353, 3, 3.38, '1VojI3TbiCJH3lt4z2fjFEKawG2R1qjeunPdCLTc.pdf', 1, 'Selesai', 'Valid', NULL, 1, 36, '2023-07-25 03:58:41', '2023-07-25 03:58:41'),
(29, 'eyJpdiI6IklUWU5WblR2R1RNbllPN2RqSHdoS1E9PSIsInZhbHVlIjoic3BKUW5PUGZvSnFiKzVSMng2QjU4UT09IiwibWFjIjoiYWEyYjRiMTJkZjRhOTMwY2FjYzM1YmZmMTA4ZjBkMmU1NTU5YzhhYWY0MzA4YWIyMjAxOGEwMDQ2NGUxMWNmNyIsInRhZyI6IiJ9', 'Pembuatan Sabun Mandi Cair Berbasis Virgin Coconut Oil (Vco) Dengan Penambahan Variasi Konsentrasi Ekstrak Bunga Rosella (Hibiscus Sabdarijfa) Dan Bunga Telang (Clitoria\r\nTernatea)', 'Genap', '2023/2024', 'Kimia Unila', 'Unila', 'January 2023', 'Dr. Yuli Ambarwati, S.Si, M.Si.', '197407172008122003', 0, 134, 3.72, '9JmDWCBVHEvqqGL6chKHFRMRn0t16K794sDEV17e.pdf', 1, 'Selesai', 'Valid', NULL, 17, 54, '2023-07-25 03:59:23', '2023-07-25 03:59:23'),
(30, 'eyJpdiI6ImxPWTRuYm9xTWNMb0FNd0pSWXhYSkE9PSIsInZhbHVlIjoiVlFjT0VtODhmTmhNVXZuZDljR0JQUT09IiwibWFjIjoiM2ZkNTJjNjgwMTk4MDE1YThhYzFkNTNjOGY5OTA2NzIzNzJmOGIwZTQ0YjYxNDBmOTFhMjQzMzc4ZDI2NTFmMyIsInRhZyI6IiJ9', 'Pengawasan Mutu Penerimaan (Incoming) Palm Kernel (Pk) Dan Crude Palm Oil (Cpo) Pada Sampel Kebun Di Pt. Sumber Indahperkasa', 'Genap', '2021/2022', 'PT. Sumber Indah Perkasa', 'Dalam Lampung', 'August 2022', 'Restu Yulia Tribawati', '12000210', 0, 144, 3.58, 'DscKBWVuBFraywjTLczrwhfX6BlJI5wy5KuQJs8S.pdf', 1, 'Selesai', 'Valid', NULL, 6, 66, '2023-07-25 04:04:55', '2023-07-25 04:04:55'),
(31, 'eyJpdiI6IkxOSTlDVEc4a284RWRvN1Z2dXIrcnc9PSIsInZhbHVlIjoiRVVmbC9mZVZET3BIVHRRaGlvOUpIdz09IiwibWFjIjoiMjE2ODU1YWY2ZmFlODZlMDBhMTIwMjE5MDdmN2FkMTI4NTY5ZTE3NDBlNTBhMzYzOGNkYzA0MDg4NDI2NGIyNCIsInRhZyI6IiJ9', 'Jfjyhj,', 'Genap', '2023/2024', 'wqtfw', 'Unila', 'May 2023', 'kloik', '123456789', 0, 100, 4, 'iKbR2nn0FeERfvQrxYLq0lVaBzECLSx5JBl4t6ge.pdf', 1, 'Selesai', 'Valid', NULL, 1, 69, '2023-07-25 04:07:21', '2023-07-25 04:07:21'),
(32, 'eyJpdiI6IlV1SjBWTVRFRVVtLzRrcWpUeHJqbnc9PSIsInZhbHVlIjoiWFExNDFYSnJ6NEhTMWNXTXlvczR2UT09IiwibWFjIjoiZTJmNjk4M2JlMmJhOGYyY2Y3YmFhMTU0NGYxOGRhMDk0MjRjNDBmZTA3YzQ1YjIyODFlYjYzMmM5MWM3NGYwZiIsInRhZyI6IiJ9', 'Pengaruh Kadar Piperin Pada Lada Hitam (Pipe Nigrum L.) Terhadap Uji Minyak Atsiri', 'Genap', '2023/2024', 'Balai Pengawasan dan Sertifikasi Mutu Barang (BPSMB)', 'Luar Lampung', 'August 2022', 'Widiyantoro, A.Md.', '198210192010011013', 0, 145, 3.64, 'ACdqRZf82CGZ9Tl7ZHiqbxIECMySyjtz7Eq4y00b.pdf', 1, 'Belum Selesai', 'Valid', NULL, 15, 10, '2023-07-25 04:12:44', '2023-07-25 04:12:44'),
(33, 'eyJpdiI6InBqbEdOU0M0TlVkeDNWblc0UDJRaWc9PSIsInZhbHVlIjoiRDlFUE1wWWZLV1R6TXZkUVM5UGJmQT09IiwibWFjIjoiMmRlZGNmYzc5Nzc4ZDY3OWNmMGU1NmY1Zjg2ODg5NWZkNThkYWRlZDk3OGNjYTEwMDIwZjcxM2E2Y2FjNzM5NCIsInRhZyI6IiJ9', 'Sintesis Dan Karakterisasi Senyawa Dibutiltimah(Iv) Dibenzoat Dan Dibutiltimah(Iv) Di-(2-Asetilbenzoat)', 'Ganjil', '2022/2023', 'Laboratorium Kimia Anorganik-Fisik FMIPA', 'Unila', 'December 2022', 'Prof. Dr. Sutopo Hadi, S.Si., M.Sc.', '197104151995121001', 463, 135, 3.8, 'tyMLZFPFfQ1D1Q069mx0CwKLkGIkCL5PgdGj8xuZ.pdf', 1, 'Selesai', 'Valid', NULL, 27, 62, '2023-07-25 04:15:04', '2023-07-25 04:15:04'),
(34, 'eyJpdiI6IjVyY0l5cUxoalBoTW1ERVpYNC9uUGc9PSIsInZhbHVlIjoiOGF6UVdEb1BhY09uay82MEE2LzBBQT09IiwibWFjIjoiM2EwMjJhMWIzZWNhMDAwNWUwMTdiZTYyMmFjNGI1MmQwODhkYzk0MTA2OTJhZWVjOTFiYTI3ZTllYTEyYjdlNCIsInRhZyI6IiJ9', 'Skrining Fitokimia Dan Uji Aktivitas Antidiabetes Terhadap Ekstrak Aseton Pada Daun Sungkai (Peronema Canescens Jack.) Secara In Vitro Melalui Penghambatan Enzim Alfa-Amilase', 'Ganjil', '2022/2023', 'Jurusan Kimia FMIPA UNILA', 'Unila', 'September 2022', 'Prof. Noviany, S.Si., M.Si, Ph.D.', '197311191998022001', 423, 129, 3.48, 'MA1qHx3CyOO42vLud5IW7CVjFRiqHIu1NrmyAjlQ.pdf', 1, 'Belum Selesai', 'Valid', NULL, 14, 21, '2023-07-25 09:03:56', '2023-07-25 09:03:56'),
(35, 'eyJpdiI6InV6QXRFdHZMb3BRTmhIRXBDaTZERmc9PSIsInZhbHVlIjoibWlWLzc1bjNnUDRhSjN1M2FReVROZz09IiwibWFjIjoiMjEyOWNjY2NiYWRkMzAxMGNlMjI0ZDZjYmIxMmQzMzk2NDEyODRiYzhiNDQ3ODgwYjhkZmZmNzQ0MDExMGI3YSIsInRhZyI6IiJ9', 'Pembuatan Karbon Aktif Dari Batang Pisang (Musa Paradisiaca)', 'Ganjil', '2022/2023', '---', 'Unila', '22 September 2022', 'Dr. Agung Abadi Kiswandono, S.Si., M.Sc.', '197007052005011003', NULL, 132, 3.59, 'nfFH8ElrZkyvlYTFaCCjUqFzfovbxhW7nSGyqTUm.pdf', 1, 'Selesai', 'Valid', NULL, 6, 41, '2023-07-25 14:40:54', '2023-07-25 14:40:54'),
(36, 'eyJpdiI6Ijd4SG9tM3VvZHFKbVcyMFh0Vmp4K0E9PSIsInZhbHVlIjoicHVFaDhrQUx3UVlkOTFnZG81VGd4UT09IiwibWFjIjoiZjRjMDhhYjFmN2Y3MDhmYjI4MWUwYjNhMDJiNzM3ZGI1MWE2MzM1Y2NhZDI1ZmQ0M2I0NTNkZjFhODkwMjM5MyIsInRhZyI6IiJ9', 'Karakterisasi Kitosan Dari Fungi Endofit Dengan Kode Sampel 19A15-Rf Menggunakan Media Potato Dextrose Broth', 'Genap', '2023/2024', 'UPT LTSIT UNILA', 'Unila', 'August 2022', '---', '---', 0, 110, 3.44, 'tckrjZmFNYoxnXF94NX3PWQ4HWEn7vyB02HZSFnp.pdf', 1, 'Belum Selesai', 'Valid', NULL, 28, 56, '2023-07-26 02:00:59', '2023-07-26 02:00:59'),
(37, 'eyJpdiI6InRZZHFRNmpzK21JWFFCWEVqajcvN1E9PSIsInZhbHVlIjoiK2ZPVW5ZSnNmZVpuNVZPa1YvTGZsUT09IiwibWFjIjoiN2ExMjFiMGRhYTQ3ZmEwMjIxODlhYmZmYjdlNDk3NDM1MGQ0OWQ2OTk5NGI1ZDE2NTE2OTUyMTk0YjUzNTg5ZSIsInRhZyI6IiJ9', 'Pengoptimalan Pengolahan Limbah Batu Bara', 'Genap', '2023/2024', 'PT Bukit Asam', 'Dalam Lampung', 'January 2023', 'Yanto, M.si', '91874891294', 0, 120, 4, '95n9cwxmFob0cbYT4WkHMjiyq6Pa5OaBeSgze8uP.pdf', 1, 'Belum Selesai', 'Valid', '', 1, 2, '2023-07-27 02:47:22', '2023-07-27 03:50:34');

--
-- Dumping data for table `seminar_ta_dua`
--

INSERT INTO `seminar_ta_dua` (`id`, `encrypt_id`, `tahun_akademik`, `semester`, `periode_seminar`, `judul_ta`, `sks`, `ipk`, `toefl`, `berkas_ta_dua`, `komentar`, `agreement`, `status_admin`, `status_koor`, `id_pembimbing_satu`, `id_pembimbing_dua`, `pbl2_nama`, `pbl2_nip`, `id_pembahas`, `id_mahasiswa`, `created_at`, `updated_at`) VALUES
(1, 'eyJpdiI6Ims5aXM5d3JwZ2c2K3FoY0N5Z044MVE9PSIsInZhbHVlIjoiemhTMWJYZHdsSVozQ1NjQVpZdXNvUT09IiwibWFjIjoiMzBiOTc3ODI5MzAxOWEwODJiODE4Y2QzOTQ5ZmMxYWQ4ZjY4MTU0MjlkMTQ0ZDMzMGIxYzhmNDU3YTA0OTRmNCIsInRhZyI6IiJ9', '2022/2023', 'Genap', 'May 2023', 'Judul Tugas Akhir', '110', '3.79', '400', 'HCU28NuGGsfcz6QoOXLvzby1UkGfTidkfJS65Cee.pdf', NULL, 1, 'Valid', 'Selesai', 1, 2, NULL, NULL, 3, 1, '2023-07-25 03:57:14', '2023-07-25 03:57:48'),
(3, 'eyJpdiI6ImdTOGRCSjUzdERXdDlWdGVRSmRFK0E9PSIsInZhbHVlIjoiOU00b1RMZjVncHBuZ0s2Qm1heDRXUT09IiwibWFjIjoiZWQ2ODZkYzJjZGJhNzMwYzlmODZiMDhjODVlOWE4NGY0NjAxYzAyYmE0NjM2NjMwODQ0ZjViYjg4NzIyNmYwMSIsInRhZyI6IiJ9', '2022/2023', 'Ganjil', 'May 2023', 'Isolasi, Karakterisasi Senyawa Flavonoid Kayu Cabang Tumbuhan Kenangkan (Artocarpus Rigida), Dan Uji Bioaktivitas Antidiabetes Dan Antibakteri', '131', '3.84', '350', '8dsyExS6Gi8gNQVlbJkAqjdIJPxbRsBq7QdcQZi3.pdf', NULL, 1, 'Valid', 'Selesai', 24, 23, NULL, NULL, 27, 25, '2023-07-25 03:58:49', '2023-07-25 04:10:32'),
(4, 'eyJpdiI6Ims3U0l1aGNvMnJlZkE4b1RqaElONHc9PSIsInZhbHVlIjoiM3VuK0tSMHQxdVYwTkdTZ3ltMjR3dz09IiwibWFjIjoiYWZkMGY1OThmNDlkNjA1ZjEzNDhlYThmZWMyYTg4ZDJmMmZjMDc5NjUxZDhiMmJlYjliNmNkZTQyYzVlZmFhZiIsInRhZyI6IiJ9', '2023/2024', 'Genap', 'April 2022', 'Karakterisasi Ekstrak Kulit Batang Sungkai (Peronema Canescens Jack) Sebagai Antidiabetes Pada Mencit Jantan (Mus Musculus L.)', '140', '3.59', '457', 'EgWxbnBhCCZ4HM5LFUJKXZWIeJuqQXSZt1uFrqTu.pdf', NULL, 1, 'Valid', 'Selesai', 17, 13, NULL, NULL, 5, 51, '2023-07-25 04:04:01', '2023-07-25 04:07:08'),
(5, 'eyJpdiI6IlYzVzZDUDhVOGNSY0wrakhvOTNTMXc9PSIsInZhbHVlIjoiZ1hqWnUzOTBhWWxGYUxhcDFzNjBBQT09IiwibWFjIjoiZGYxN2JhODM0OGVmMTUxOTI5ODkzNTg3OWJlZWQ1ZmEyNDk4YTVjYmY4ZGFiODliZGQ2YzVmNGI1YTJkYjM2MSIsInRhZyI6IiJ9', '2022/2023', 'Ganjil', 'May 2023', 'Sintesis Dan Studi Mekanisme Proteksi Dimer 4-Vinilpiridin Sebagai Inhibitor Korosi Baja Lunak Dalam Brine Solution Yang Jenuh Co2', '148', '3.58', '443', 'hjf2AqdbWibkIs4HJ5xe0NeogXslRFFWl4mkjClI.pdf', NULL, 1, 'Valid', 'Selesai', 3, 13, NULL, NULL, 1, 33, '2023-07-25 04:04:59', '2023-07-25 04:06:32'),
(7, 'eyJpdiI6InByeXFnVWJlNy9maXNtMWZDYkxBZ2c9PSIsInZhbHVlIjoidVY0WGx5Q1dLeUE1c1BrNm9ZUlBuZz09IiwibWFjIjoiZWMzZWE0Njg3ZWEwZDllYzgxYjE0NGJkZDEwZWQwODdjYjZiMzUwNTgyNWY2MzA3YWUxYTUyMTk5MWViMTg5YSIsInRhZyI6IiJ9', '2023/2024', 'Ganjil', 'October 2022', 'Analisis Fraksi Antioksidan Dari Ekstrak Etanol Cyclotella Siriata Menggunakan Lc-Ms/Ms', '139', '3.73', '347', 'N6cNgEHisslBpsqylRk7XqQIjbX88ApHVLK1kyWH.pdf', NULL, 1, 'Valid', 'Selesai', 19, 29, NULL, NULL, 7, 16, '2023-07-25 04:07:40', '2023-07-25 04:09:57'),
(8, 'eyJpdiI6Ik1qZGJxU0ZxKytsWDh0M1BqaHNVckE9PSIsInZhbHVlIjoibDhQRFNiQzdxQkhzdmt4NDBvK1Zudz09IiwibWFjIjoiNDkyMTk1N2M5NWMzMTJjOWFiZWVhNzk0YjA4OGI3NDcwYjkzMTI2YWJmNGE3NjBkMmIzMDYzYmRmYTAyMDg2MCIsInRhZyI6IiJ9', '2023/2024', 'Ganjil', 'April 2023', 'Uji Aktivitas Antidiabetes Turunan Senyawa Tanin Dari Ekstrak Kulit\r\nBatang Kelor (Moringa Oleifera) Secara In Silico Terhadap Protein 3Kc0 Dan In Vivo Terhadap Mencit (Mus Musculus)', '140', '3.60', '453', 'MQ0QdTOZnt3JahXfRFcv5bA4IHvdT9dq5UvySCc2.pdf', NULL, 1, 'Valid', 'Belum Selesai', 17, 1, NULL, NULL, 20, 54, '2023-07-25 04:09:28', '2023-07-25 04:09:28'),
(9, 'eyJpdiI6Ild4cHZkeHl3UGZMYlNvSjVBWEVvY1E9PSIsInZhbHVlIjoiaXQ4Mi80dnB2anB1a3Q3Z2Y4Y0RJUT09IiwibWFjIjoiNGMyY2EwNjdhZjEyNjQyY2JkYTRhZjc3YzIyZWI5Y2Y3YmRiY2QyOGJkOWQyYzVhMDU0ZTRhNmE4YzU0NDhmZSIsInRhZyI6IiJ9', '2022/2023', 'Ganjil', 'July 2023', 'Ekstraksi Dan Isolasi Kulit Batang Tanaman Turi Putih ((Sesbania Grandflora (L.) Pers) Menggunakan Pendekatan Network Pharmacology Untuk Pengobatan Penyakit Covid-19', '127', '3.59', '547', '90CakzffUxXZ2cqRNw9VfS1jhhWQNCw4EqwVt6gY.pdf', NULL, 1, 'Valid', 'Selesai', 14, NULL, 'Dr. Wisnu Ananta Kusuma, St., Mt.', '197111102005011005', 7, 6, '2023-07-25 04:09:54', '2023-07-25 04:13:11'),
(10, 'eyJpdiI6IlkyR0RNVUd6M0R1a0F1Z3FMakhBd3c9PSIsInZhbHVlIjoiTW05TnM4UTJpK21yQTVaMmtlR25PZz09IiwibWFjIjoiOGU4M2Y3ZTJiZTI1ZDJlMzkxNmFlYzE1YjhkYjE3YjQ3ODQwNTg1NzczYmNkMTcyMWVlNjVkZDcxZGI3ZTcxYyIsInRhZyI6IiJ9', '2023/2024', 'Genap', 'August 2023', 'Kyfky,V', '100', '4.00', '0', 'KEcWg54GSe7o7UVT353nQPxX4cbW3RbPP4PXbLub.pdf', NULL, 1, 'Valid', 'Selesai', 1, 1, NULL, NULL, 1, 69, '2023-07-25 04:10:34', '2023-07-25 04:11:19'),
(11, 'eyJpdiI6InpwUzVuMHVrL1BCcTF6SXZ4T3B4UUE9PSIsInZhbHVlIjoiN1RqRnc5SDNvU0NWSzNiaUdURWFIUT09IiwibWFjIjoiZWI0MTY3Y2FhNzk5ZmFiOTNhZWE3MmU4NzBlNGJlYTRiNzgyMTYzM2M3NjE4MzA2MTIxZWI5NjNiNTkyMTg2MiIsInRhZyI6IiJ9', '2022/2023', 'Genap', 'April 2023', 'Sintesis, Karakterisasi, Dan Uji Bioaktivitas Sebagai Disinfektan Senyawa Difeniltimah(Iv) Di-(2-Hidroksibenzoat) Dan Difeniltimah(Iv) Di-(3-Hidroksibenzoat)', '146', '3.87', '480', 'HyQUmpChWxKMqkdTMqu10tHIzuW7bjPF3rJaThm9.pdf', NULL, 1, 'Valid', 'Selesai', 27, 24, NULL, NULL, 31, 18, '2023-07-25 04:11:59', '2023-07-25 04:13:04'),
(12, 'eyJpdiI6InZxSitsZi9wWlBxaVAzSkdaT08xclE9PSIsInZhbHVlIjoibWdHZURlN2QrSko0OVdTbDc2U0ZwUT09IiwibWFjIjoiOTAyNmRmN2I0ZDVmNDA2ZmJmYTJmOGRhYWY3YjA0YTQzZjg1MmIyZDViY2UxZmE3YzgyOWI0YzYzM2UyZDI0ZCIsInRhZyI6IiJ9', '2022/2023', 'Genap', 'Juli 2023', 'Pengaruh Penambahan Xilitol Terhadap Kestabilan Enzim -Amilase Dari Aspergillus Fumigatus', '133', '3.42', '493', 'gVz9bmmWynane41UXQg1DNGuRTFvMelRcwELrAd8.pdf', NULL, 1, 'Valid', 'Selesai', 23, 24, NULL, NULL, 27, 39, '2023-07-25 04:15:03', '2023-07-25 04:18:40'),
(13, 'eyJpdiI6InA1dk43NnlWZHVGTG1ZZ0FpRDhxN3c9PSIsInZhbHVlIjoiSGpVRzdOZEdhL21yZ2pFdS85ZTNnUT09IiwibWFjIjoiMGNiZWE3NTA0OWQzMjQ2YjAwZmQ1MTAwN2FlNWU4OWVjNjMwMzRmOTUzOWEwOWMwMDE1NTI4ODE3NGRjMTA2NCIsInRhZyI6IiJ9', '2022/2023', 'Ganjil', 'Juni 2023', 'Modifikasi Karbon Dari Cangkang Buah Karet (Hevea Brasiliensis) Dengan Magnetit Dan (3-Aminopropyl)-Triethoxysilane (Aptes) Untuk Menyerap Zat Warna Kristal Violet Dan Anion Fosfat Dalam Larutan', '131', '3.84', '383', 'n0y0tWuqlmbrq1FeFGBnpaS6CVb9ngHYPWkSARB8.pdf', NULL, 1, 'Valid', 'Selesai', 4, 11, NULL, NULL, 12, 60, '2023-07-25 04:18:29', '2023-07-25 04:23:15'),
(14, 'eyJpdiI6IklGM21rVmZZaUcyWS83S3Q0d0U5SkE9PSIsInZhbHVlIjoiQzh2L2hkWU0rOXYwNWw3RnJhbS9FZz09IiwibWFjIjoiYWE5YzNlZGRkNThlYmY4MjY2YzVhYjcyZGVmZmM5M2Y2YTg1YWM5MGU1M2FlZTM0MzhkNGEzMTk0MTYyY2QwYSIsInRhZyI6IiJ9', '2022/2023', 'Ganjil', 'June 2023', 'Sintesis Dan Karakterisasi S/Cao/Ngo Dengan Bantuan Sinar Visible Sebagai Antibakteri', '148', '3.61', '513', 'HoF24K863VZ3ixTFGP78metSJVDH9Cp1pSiUftgv.pdf', NULL, 1, 'Valid', 'Selesai', 26, 1, NULL, NULL, 7, 29, '2023-07-25 08:20:58', '2023-07-25 08:31:41');

--
-- Dumping data for table `seminar_ta_satu`
--

INSERT INTO `seminar_ta_satu` (`id`, `encrypt_id`, `tahun_akademik`, `sumber_penelitian`, `semester`, `periode_seminar`, `judul_ta`, `sks`, `ipk`, `toefl`, `berkas_ta_satu`, `agreement`, `komentar`, `status_admin`, `status_koor`, `id_pembimbing_satu`, `id_pembimbing_dua`, `pbl2_nama`, `pbl2_nip`, `id_pembahas`, `id_mahasiswa`, `created_at`, `updated_at`) VALUES
(1, 'eyJpdiI6IlJ5STNJNjU3NFdnZmJSMXpZZ0hYZlE9PSIsInZhbHVlIjoiSXNLYXJucmJ4WGJYVEdhSmxaS1A2Zz09IiwibWFjIjoiODJiNzMwMzYyNDU5Mjc3Njk3N2E4ZmRjMDU3NzhhYTJkODg1YzhlYTY3M2Q5ZjE0ZjA4N2VmODkyZDE0ZTQzMiIsInRhZyI6IiJ9', '2023/2024', 'Dosen', 'Ganjil', 'October 2023', 'Uji Aktivitas Antidiabetes Turunan Senyawa Tanin Dari Ekstrak Kulit\r\nBatang Kelor (Moringa Oleifera) Secara In Silico Terhadap Protein 3Kc0 Dan In Vivo Terhadap Mencit (Mus Musculus)', '140', '3.60', '453', '7EEBY6gTkhTh5GpZw2RI9s5VIwpxexqzmCdu6ict.pdf', 1, NULL, 'Valid', 'Selesai', 17, 1, NULL, NULL, 20, 54, '2023-07-25 03:33:48', '2023-07-25 04:07:54'),
(2, 'eyJpdiI6IkRVd1JMaWlsUGptUlgyQXZmMStVZlE9PSIsInZhbHVlIjoiT0hzMTZQTTExMDl6S2NVMDFxNUJsQT09IiwibWFjIjoiOGU5MDg5Y2U2ZmNlZWJmODU0YjJkZjdjMjA4NTYyZDA3ODljMDg1MDliOWZiNWYyMGZlMTEyZTI1ZmE4N2QxNiIsInRhZyI6IiJ9', '2022/2023', 'Dosen', 'Genap', 'October 2022', 'Sintesis, Karakterisasi, Dan Uji Bioaktivitas Sebagai Disinfektan Senyawa Difeniltimah(Iv) Di-(2-Hidroksibenzoat) Dan Difeniltimah(Iv) Di-(3-Hidroksibenzoat)', '146', '3.87', '480', 'ZcCwg04bv0ZHV8lg2uhAMZ29tc0pTRtH4lpjXbo9.pdf', 1, NULL, 'Valid', 'Selesai', 27, 24, NULL, NULL, 31, 18, '2023-07-25 03:36:36', '2023-07-25 04:10:13'),
(3, 'eyJpdiI6IjVTaDliZWNaSHJOeUJCVzVPdjg5YXc9PSIsInZhbHVlIjoidTVHNmJZYjZQNTc2YnBVSXoyRG93dz09IiwibWFjIjoiNmYxMzM2OTkxM2ZjNDY3YjhlMDYwMTNkNmJjNGU2OGYzMjI2ZjVlM2JjOWU4M2FjN2NlZjk0NWIzOTg4OTg3OCIsInRhZyI6IiJ9', '2022/2023', 'Dosen', 'Genap', 'May 2023', 'Judul Tugas Akhir', '110', '3.79', '400', 'FbiTspiCnAEsYKykmAtvLmgcQmdYbc2czylnfZVS.pdf', 1, NULL, 'Valid', 'Selesai', 1, 2, NULL, NULL, 3, 1, '2023-07-25 03:36:46', '2023-07-25 04:28:07'),
(4, 'eyJpdiI6InZoOHFoTTNSZUNNMVF2bThrSWN5MGc9PSIsInZhbHVlIjoieHJoL1gvdGd2Z3ZlV3l4QzNPZlhTUT09IiwibWFjIjoiYjRmM2Y1MDQ4MTE2OGQxZTEyYTU2NTFhNzkzMjgzYzM4MTllY2JkMDE1ZWZkZmNiMjcxYzcwNDFiMWJmNjljZiIsInRhZyI6IiJ9', '2023/2024', 'Dosen', 'Genap', 'October 2022', 'Uji Katalitik Zeolit Mor Pori Hirarki Menggunakan Bio-Mesoporogen Pati Jagung Pada Reaksi Hidrolisis Selulosa Kulit Singkong', '141', '3.73', '450', 'LQCNdLcaUMyiVm3BA5R11vu72tc149prDCKrspBt.pdf', 1, NULL, 'Valid', 'Selesai', 11, 4, NULL, NULL, 26, 12, '2023-07-25 03:45:14', '2023-07-25 04:06:21'),
(5, 'eyJpdiI6IkJnWWNMLzJvZnlLVzlCejNIbjcvc2c9PSIsInZhbHVlIjoieTl0a2xDb2ROdU9MTkhzRGJxcVl3dz09IiwibWFjIjoiZjIzYTNhMjg4YzBhNGQ0ZjZkNGNiMTliZDZlZjY1ZGFlMDExYmI3YTMwYzU4MWU1ZDY3ZjFhNWI5ZjlkNGYyZSIsInRhZyI6IiJ9', '2022/2023', 'Dosen', 'Ganjil', 'October 2023', 'Isolasi, Karakterisasi Senyawa Flavonoid Kayu Cabang Tumbuhan Kenangkan (Artocarpus Rigida), Dan Uji Bioaktivitas Antidiabetes Dan Antibakteri', '131', '3.84', '350', 'kOV68Wo4BHKsEO6CjwsUxHszcuDqHl6eJRMW7pQB.pdf', 1, NULL, 'Valid', 'Belum Selesai', 24, 23, NULL, NULL, 27, 25, '2023-07-25 03:45:42', '2023-07-25 03:50:35'),
(6, 'eyJpdiI6InpuS0FSUnNmSGhzMGowY1dob0RNNUE9PSIsInZhbHVlIjoiOUZuR3U1Qkg5b2ZjSEIxT0Z6UURsdz09IiwibWFjIjoiMzFhMWNjN2VjODg4YzVhOTY1OTI5MzQ2ZmUzZmI2M2Y5MDYzY2Y5M2Y4N2I0Njk0NzE5NTc1MjY2ODU0YTY3YiIsInRhZyI6IiJ9', '2022/2023', 'Dosen', 'Ganjil', 'October 2022', 'Studi Penambahan Campuran Ekstrak Kulit Nanas (Ananas Comosus) Dan Asap Cair Tempurung Kelapa Grade 2 Sebagai Inhibitor Kerak Magnesium Karbonat (Mgco3) Menggunakan Metode Seeded Experiment', '145', '3.69', '157', 'MUOU2Rm4RbAdVjL6mFU22PhPAGQhHScNzHsmU2cI.pdf', 1, NULL, 'Valid', 'Belum Selesai', 5, 6, NULL, NULL, 11, 19, '2023-07-25 03:47:47', '2023-07-25 03:54:35'),
(8, 'eyJpdiI6ImdiNTVjMG9nQ3k2dE93YXRlYXNlZ2c9PSIsInZhbHVlIjoiQjFmUkw0VGRmb2R4YkZLUFRYbFZxQT09IiwibWFjIjoiMGJjNzAwNGJjMzNmZWZjOWIyYjAyNmYyMTI2ZWVmM2M0Yzk3ZjU0MzcxYzM0OTA2ODk0YzA5OGExNDM1NjkwMSIsInRhZyI6IiJ9', '2022/2023', 'Dosen', 'Ganjil', 'November 2022', 'Optimasi Kondisi Kultur Produksi Bacterial Nanocellulose (Bnc) Oleh Isolat Kc-T-1 Dari Limbah Cair Industri Tebu', '145', '3.61', '460', 'gDxW19UfPMFMY6HvmsSKQear8ZqiXfN3b8OR0ZVi.pdf', 1, NULL, 'Valid', 'Belum Selesai', 1, 8, NULL, NULL, 11, 22, '2023-07-25 03:48:09', '2023-07-25 03:51:43'),
(9, 'eyJpdiI6Ii9pVDB4ZXozeklxakYzWWZ2a2FpSGc9PSIsInZhbHVlIjoiVTJrRnhVTmhBYWhTa0xKY0FXUjVQdz09IiwibWFjIjoiNDFhOTFlZGQ0OGM4YTI5NzgxZTk1YTJlNzNmZWU5OTU5NzI1NTNjNTMwZTc5ZGFhMDc4OTNiYjI1M2NmZWJhMCIsInRhZyI6IiJ9', '2022/2023', 'Dosen', 'Ganjil', 'October 2022', 'Identifikasi Senyawa Antioksidan Pada Mikroalga\r\nNavicula Sp Dengan Pendekatan Autobiografi Lc-Ms/Ms', '134', '3.19', '323', 'qNDGiQo31ZIi1PMxA6sbFrzyqkTm8V5i12fUQ56O.pdf', 1, NULL, 'Valid', 'Belum Selesai', 19, 29, NULL, NULL, 13, 27, '2023-07-25 03:50:23', '2023-07-25 03:50:23'),
(10, 'eyJpdiI6IlJKUHA1eTVtZjBZNVR2dnJGb2xLY3c9PSIsInZhbHVlIjoicm9RNkI1WU5tWHRNTVVKS2FyVHRrQT09IiwibWFjIjoiZjFmODQyZWNiNjI4ZmQ4ZDg0M2U0ZGEyNDYyM2UwMDQzZWM0ZWQyY2Y1YjMxYzMxZDAxM2RhZWVlZTljNWFhNCIsInRhZyI6IiJ9', '2022/2023', 'Dosen', 'Ganjil', 'October 2022', 'Sintesis Dan Studi Mekanisme Proteksi Dimer 4-Vinilpiridin Sebagai Inhibitor Korosi Baja Lunak Dalam Brine Solution Yang Jenuh Co2', '148', '3.58', '443', 'KR0HZBrhpm0ZgWW3XdSdmDjeOVUrNWaE8Ol9QswE.pdf', 1, NULL, 'Valid', 'Belum Selesai', 3, 13, NULL, NULL, 1, 33, '2023-07-25 03:50:29', '2023-07-25 03:55:00'),
(11, 'eyJpdiI6Ik5FV1pPMHdjaDdrZHRiQjdleW5sWUE9PSIsInZhbHVlIjoiRjNsTkpOWHE0L2lpay9QbjYrYUZkZz09IiwibWFjIjoiODc1MmIyYTZjZDkxOTYyZjE4MzhlNjg2MmQwZDNjZjdkMGNlMDdiYzJiYjY2Yjg3ZjFkZjk5ZTUwNWZkYzMzOSIsInRhZyI6IiJ9', '2022/2023', 'Dosen', 'Ganjil', 'October 2022', 'Identifikasi Senyawa Antioksidan Pada Mikroalga\r\nNavicula Sp Dengan Pendekatan Autobiografi Lc-Ms/Ms', '134', '3.19', '323', 'M1ph39M9AxihC529lx20n5Knv9tGxQMF9Yww4tIV.pdf', 1, NULL, 'Valid', 'Belum Selesai', 19, 29, NULL, NULL, 13, 27, '2023-07-25 03:51:45', '2023-07-25 03:51:45'),
(12, 'eyJpdiI6IlVUWDdYZ0JpRjF2VU5VWWNzWHgzb2c9PSIsInZhbHVlIjoicUY2dnc0enZHK2QzcmtEZVl6TjRJQT09IiwibWFjIjoiMjAzOWE4MmM4ODFkYzZhOWM3YmQ4YTYxMDc1NTA3ODI3N2JkM2Q0YTEyYzk1NGJkYmE4NGQ5NTllYzMyNzI5ZiIsInRhZyI6IiJ9', '2022/2023', 'Dosen', 'Ganjil', 'October 2022', 'Ekstraksi Dan Isolasi Kulit Batang Tanaman Turi Putih ((Sesbania Grandflora (L.) Pers) Menggunakan Pendekatan Network Pharmacology Untuk Pengobatan Penyakit Covid-19', '127', '3.59', '547', 'eFTheRBrZ54Fe9hDdUdaEKheU6sqqc45jOS60lcQ.pdf', 1, NULL, 'Valid', 'Selesai', 14, NULL, 'Dr. Wisnu Ananta Kusuma, St., Mt.', '197111102005011005', 7, 6, '2023-07-25 03:52:07', '2023-07-25 04:05:34'),
(13, 'eyJpdiI6Ikp0TmZIZmhTY0ZhNzl3YjY0VFgyNWc9PSIsInZhbHVlIjoidjU0R2FQS0cvMVFrWDNtYjRxYVNHQT09IiwibWFjIjoiZWZjMmIzZjY2MWNhOGRmYTg2NmI2NTRmNmY4YTM5NTlmYTAwNzJhZTAxZWM2M2FlMTFiYzEzNWYzYWYxMGZhZiIsInRhZyI6IiJ9', '2022/2023', 'Dosen', 'Ganjil', 'October 2022', 'Sintesis Dan Karakterisasi S/Cao/Ngo Dengan Bantuan Sinar Visible Sebagai Antibakteri', '148', '3.61', '513', 'Uq09G8edIMqbwabwctROVDQPzn4nbUwVJ5z2G9ns.pdf', 1, NULL, 'Valid', 'Selesai', 26, 1, NULL, NULL, 7, 29, '2023-07-25 03:52:33', '2023-07-25 08:18:38'),
(14, 'eyJpdiI6IkppaE9GREI5c1NkdHhWYmM4S0NRdFE9PSIsInZhbHVlIjoiNTBzenBscFVpcjZJSlVYSDRnRldEQT09IiwibWFjIjoiYTNkMWI2MDliMzc3ODFiYmRlOGFlMjhmZTI1NmFjYjI0NTNjY2UxMzFiOGM4NjE1OWJkMjdiMWQ1NzcyNzIwZCIsInRhZyI6IiJ9', '2022/2023', 'Dosen', 'Ganjil', 'October 2022', 'Pengaruh Penambahan Polietilen Glikol (Peg) 4000 Terhadap Stabilitas Enzim -Amilase Dari Aspergillus Fumigatus', '129', '3.54', '443', 'Wl2Aah59Y0tbYDtSAVgsa1zec8JoTJs2uSbLUOir.pdf', 1, NULL, 'Valid', 'Belum Selesai', 23, 24, NULL, NULL, 27, 44, '2023-07-25 03:53:46', '2023-07-25 03:56:42'),
(15, 'eyJpdiI6IkthUWxqbHRGODB3VTFHNU5Sa3poVGc9PSIsInZhbHVlIjoia2NzK2NEWFJzWUtnNmNiSEFHNXROdz09IiwibWFjIjoiODdhNDA3ZDlhYTAyN2IxYjhiYzFkODdjMjZiMzVkMzY2ZTNkNDVlYTc3MjlmYzBiNmU5MjI3NGFjMjNhODFmNCIsInRhZyI6IiJ9', '2022/2023', 'Dosen', 'Ganjil', 'October 2022', 'Biokonversi Selulosa Dari Limbah Bromelin Nanas Menggunakan Isolat Actinomycetes Mangrove Terpilih Menjadi Asam Laktat Melalui Separate Hydrolisis And Fermentation (Shf)', '129', '3.79', '477', 'BljkCOT9J0aZ6nyTAmlAmpj0XgFotzHKGdS9q8Wh.pdf', 1, NULL, 'Valid', 'Belum Selesai', 9, 11, NULL, NULL, 8, 30, '2023-07-25 03:54:28', '2023-07-25 04:03:48'),
(16, 'eyJpdiI6IkhvVEthTEZXdzNDeUNLakxpRnBnQlE9PSIsInZhbHVlIjoiam1WT0k4MTFzcDc1V1ZXK2phbEt6dz09IiwibWFjIjoiZWYxMGQyNjdjYWIyYzkwMWQ0OWQ3NGM0MTViNGQ5ZmYyNzYzNDgxZjBmY2Q2YjA5NjgyNmVhMmQwNzFkOWU3MSIsInRhZyI6IiJ9', '2023/2024', 'Dosen', 'Genap', 'October 2022', 'Karakterisasi Ekstrak Kulit Batang Sungkai (Peronema Canescens Jack) Sebagai Antidiabetes Pada Mencit Jantan (Mus Musculus L.)', '140', '3.59', '457', 'Kt8lkkBfRjqbcCpjL6lIy0y8MskYtlsDyzfNm76o.pdf', 1, NULL, 'Valid', 'Belum Selesai', 17, 13, NULL, NULL, 5, 51, '2023-07-25 03:57:42', '2023-07-25 04:01:18'),
(17, 'eyJpdiI6InRoaTREMjI2YUJSRGdnSisvWUx1ZGc9PSIsInZhbHVlIjoiN3R0TWhUdlJTZGVKRUNDanpyenZIQT09IiwibWFjIjoiY2VjZjU5ZjRhY2ZhYmE0YWUwY2ZjNWNkYzkwNTcxZmU4Yjc3NTU2ZTljYTg0NGJhNGJiYzY2Y2ZlNzlhNWJhYiIsInRhZyI6IiJ9', '2023/2024', 'Dosen', 'Ganjil', '20 October 2022', 'Analisis Fraksi Antioksidan Dari Ekstrak Etanol Cyclotella Siriata Menggunakan Lc-Ms/Ms', '139', '3.73', '347', 'bhlJfhZ9V8AbFtIKliu6YZtBUcRoro9jvBIGH1an.pdf', 1, NULL, 'Valid', 'Belum Selesai', 19, 29, NULL, NULL, 7, 16, '2023-07-25 03:58:28', '2023-07-25 04:02:49'),
(18, 'eyJpdiI6IkpvN0l0ZGk4dVdTRnhjRk9PSGZCOWc9PSIsInZhbHVlIjoiL2dabUorUWlIZVl1c091TU00NzUyZz09IiwibWFjIjoiMGFlNTQ3OWExOTMxMGQyNDExZWQxMTg5ZTQ1MzVlNGFjMDcwODlmZWZiNzUwNzA5NDFlOWQyZjcyYTU3MjExOSIsInRhZyI6IiJ9', '2022/2023', 'Dosen', 'Ganjil', 'October 2022', 'Sintesis Dan Karakterisasi Senyawa Dibutiltimah(Iv) Dibenzoat Dan Dibutiltimah(Iv) Di-(2-Asetilbenzoat) Serta Uji Bioaktivitasnya Sebagai Disinfektan', '135', '3.80', '463', '27RZSxuBgkFDxmVz4nskHU6JoXFxWnqLzFx0p606.pdf', 1, NULL, 'Valid', 'Belum Selesai', 27, 23, NULL, NULL, 10, 62, '2023-07-25 03:58:57', '2023-07-25 04:03:09'),
(19, 'eyJpdiI6Ildzb0hNeWpEU2x1a3FOSUh6REVGakE9PSIsInZhbHVlIjoiMG9vNXQ0NW1JQTZPU0pwZlJOUGN4UT09IiwibWFjIjoiZjhmMDQxMTRkN2UyZjIxN2M5N2MyMjYxNzM0Y2QzNWIyMDNhMjdmYTgyMDBjN2MyOTI4Zjk4OTMwMGJjYzdmNiIsInRhZyI6IiJ9', '2022/2023', 'Dosen', 'Ganjil', 'October 2022', 'Aplikasi Graphene Oxide Dari Limbah Tongkol Jagung (Zea Mays) Untuk Ekstraksi Antibiotik Ceftriaxone', '133', '3.62', '370', 'Lw1Xu4kXn4s91okW6KJkjZdXw3v9oYn5Gaftt2wf.pdf', 1, NULL, 'Valid', 'Selesai', 7, 6, NULL, NULL, 14, 23, '2023-07-25 04:00:11', '2023-07-25 04:25:13'),
(20, 'eyJpdiI6IllnMGJaOGplU0NLc3puMXFubGlWemc9PSIsInZhbHVlIjoiN3Izc25DS3llejY1OXJpd1pRSmtFQT09IiwibWFjIjoiZDM2MTlmODM2NTdmZTJjNTg1NWIwOTk2NzNhNjgyZGI3YzJlMDBhMjE4MTg5N2I2MmViYzIzYTg5MWMzZmFjZSIsInRhZyI6IiJ9', '2022/2023', 'Dosen', 'Ganjil', 'October 2022', 'Pengaruh Suhu Kalsinasi Cao/Sio2 Yang Disintesis Dari \r\nBatu Kapur Dan Batu Apung Terhadap Aktivitas \r\nKatalitik Dalam Transesterifikasi Minyak Biji Karet', '142', '3.57', '452', 'ZRaMaNQJFQL7z7nPXcSl4Aksn0jFly3XmDX5FFBk.pdf', 1, NULL, 'Valid', 'Selesai', 12, 31, NULL, NULL, 2, 59, '2023-07-25 04:04:14', '2023-07-25 04:16:11'),
(21, 'eyJpdiI6Im5ONUR3ejIvbGZVVDJjT0RlYkhKZEE9PSIsInZhbHVlIjoiMmJtMzdKNHVvQXJSVEk1K2tORzkrdz09IiwibWFjIjoiNjdiNDRhMDcxNWI5Y2Q4YjdmZWRkNWI1MjJhNDUxZTk0YmUxMjkzMjM3YjUwODE0NGIxNDc3ZjNiZmE1ZDU3MCIsInRhZyI6IiJ9', '2022/2023', 'Dosen', 'Genap', 'October 2022', 'Pengaruh Penambahan Xilitol Terhadap Kestabilan Enzim -Amilase Dari Aspergillus Fumigatus', '133', '3.42', '493', 'v8keCj0Gms4IpAHN5wanJV48tpNfNLZrgrdRxArU.pdf', 1, NULL, 'Valid', 'Selesai', 23, 24, NULL, NULL, 27, 39, '2023-07-25 04:08:17', '2023-07-25 04:12:45'),
(22, 'eyJpdiI6Ikw3ZW9kM1JKcFRrQUlLWmtOUE5IY1E9PSIsInZhbHVlIjoiOVlYdmExUkxqRjNWa2VkNE5IaHp0Zz09IiwibWFjIjoiZjFhY2Q0YzIwODI2OGQ1NmJhYWE4ODJhODJjYWQ1MWNlNmU4MjAzMzM5Mzk4Zjc1Nzc3MzBmY2I5Nzg2Y2JlNSIsInRhZyI6IiJ9', '2022/2023', 'Dosen', 'Ganjil', 'October 2022', 'Modifikasi Karbon Dari Cangkang Buah Karet (Hevea Brasiliensis) Dengan Magnetit Dan (3-Aminopropyl)-Triethoxysilane (Aptes) Untuk Menyerap Zat Warna Kristal Violet Dan Anion Fosfat Dalam Larutan', '131', '3.84', '383', 'moxsBKlQrlrabkq756z3OZ27GR1WPxXNUuWnreTx.pdf', 1, NULL, 'Valid', 'Selesai', 4, 11, NULL, NULL, 12, 60, '2023-07-25 04:09:11', '2023-07-25 04:16:17'),
(23, 'eyJpdiI6IllYanFRS1lOQ1VRT0RpMXQwMjg5d3c9PSIsInZhbHVlIjoiQUszMFVNZmVQa2YzQWlaMGNQTjRIZz09IiwibWFjIjoiMTJmNDZjMjNkODUxNzkyMzJlMzRkZmEzMzMxZjI4YTQ2ODI1ODI1ZTRiOWEzMzhiOWVhNzY0NzVjOTc0YTNkMiIsInRhZyI6IiJ9', '2022/2023', 'Dosen', 'Ganjil', 'October 2022', 'Pemanfaatan Limbah Bromelin Nanas Dalam Produksi Nanokomposit Hidrogel Melalui Biokonversi Menggunakan Isolat Actinomycetes', '141', '3.65', '500', 'RH4QgzAsYoXSjDBi6cpJgn3giuQ8BMGkJMNTcEzK.pdf', 1, NULL, 'Valid', 'Selesai', 9, 8, NULL, NULL, 3, 31, '2023-07-25 04:09:14', '2023-07-25 04:13:12'),
(24, 'eyJpdiI6IjlKQmpkTzd5Rk9ZV0Z5djlYYVB5WUE9PSIsInZhbHVlIjoiaE5GbTNqaTVGS2dJSFNNRHRnNk9GQT09IiwibWFjIjoiZWEzNjJmMzJmNGRhYTYyNTdjOWNiOWQ2OWUxY2I0ZDE1ZGUzNWE3NzgwZWQ3NGJiZmNhZGE2NzRiOWRlMTk2ZCIsInRhZyI6IiJ9', '2023/2024', 'Dosen', 'Genap', 'April 2023', 'Kyfky,V', '100', '4.00', '0', 'cnIBiOWF3KhtNbV9GEa37zUkV1THwFOjx1To3Ua0.pdf', 1, NULL, 'Valid', 'Selesai', 1, 1, NULL, NULL, 1, 69, '2023-07-25 04:09:24', '2023-07-25 04:09:53'),
(25, 'eyJpdiI6IkNUY1JoMHpsdlA2REVRVk56ZjlCVUE9PSIsInZhbHVlIjoiMmRubmFiNFBTTWp3UENCaks3eXV5UT09IiwibWFjIjoiZmRhODBhZWZmN2Y0YTAzZjI2NGI4ZGFhMTNmNDI5YTM2NTI5NzhlYmM5NmY2ZDVmY2YwYzRlYjZmZTQ3OWYxYyIsInRhZyI6IiJ9', '2022/2023', 'Dosen', 'Ganjil', 'October 2022', 'Biokonversi Selulosa Pada Limbah Bromelin Nanas Menjadi Nanokomposit Hidrogel Dengan Pemanfaatan Indigenous Marine Actinomycetes', '132', '3.73', '460', 'rcyAYFq7yNJNV1Gsylpf6Efp3v6aWMLrkTuQ3Iwm.pdf', 1, NULL, 'Valid', 'Belum Selesai', 9, 12, NULL, NULL, 30, 5, '2023-07-25 04:11:46', '2023-07-25 04:11:46'),
(26, 'eyJpdiI6ImNQQ1ZINEhGSTRSZ2NrMHdITnptVXc9PSIsInZhbHVlIjoiam5QOHcyZGN5QkRaYjhtLzdMdllvQT09IiwibWFjIjoiODU1MDBhMTVjNTM4YzFlYmRiNWMyYzhmZDIwN2NmN2JhYzIzZDljNTk1Y2VjYzlkZjRmMjQ3YTFhZGU0YzE4NyIsInRhZyI6IiJ9', '2021/2022', 'Dosen', 'Ganjil', 'December 2022', 'Enkapsulasi Dan Karakterisasi Kurkumin Menggunakan Nanopartikel Kitosan Sebagai Antibakteri Pada Staphylococcus Aureus', '135', '3.60', '443', 'LVIFLdZfcUJdHUff7DgvEWRBH7gmW012qizUCQpQ.pdf', 1, NULL, 'Valid', 'Belum Selesai', 19, 29, NULL, NULL, 28, 34, '2023-07-25 04:24:06', '2023-07-25 04:24:06'),
(27, 'eyJpdiI6InpzYVpOSWNwZXlLYlIxbnZ1S1hnSkE9PSIsInZhbHVlIjoiRXMwSzNQQmw3clhtRnpxajZRT0dMQT09IiwibWFjIjoiYWRhZDk5ODg1YjRhMzBhYjViNzNjNTk5NjczMzdiN2EzMzYyYTA3ZTQyZDdlYmY5YTJmZWNlOWQwZWVmMDYxNiIsInRhZyI6IiJ9', '2023/2024', 'Dosen', 'Genap', 'September 2022', 'Studi Transpor Malachite Green (Mg) Menggunakan Metode Polymer Inclusion Membran (Pim) Dengan Polyeugenol Sebagai Senyawa Pembawa', '144', '3.58', '483', 'WDmRMtg2lXkQviH4OkdfEQjMQNr2dovNdvYDIAdg.pdf', 1, NULL, 'Valid', 'Belum Selesai', 6, 7, NULL, NULL, 9, 66, '2023-07-25 05:32:04', '2023-07-25 05:32:04'),
(28, 'eyJpdiI6Ik83WldadjNRa1VaVXVMSmlWRUFJYVE9PSIsInZhbHVlIjoicmV2d3NMa0haYmtJNkthUEw4cmRkdz09IiwibWFjIjoiYTgxMWExNzUwMWU3YzIxY2ZjMjBkYjg3ZTA2ZmMyMDMzNjk4NDQzNDRiNDcxMjI1MTQyZGUxMmUyZWE0N2JmNSIsInRhZyI6IiJ9', '2022/2023', 'Dosen', 'Ganjil', 'October 2022', 'Isolasi Dan Identifikasi Senyawa Metabolit Sekunder Dari Ekstrak Daun Sungkai (Peronema Canescens Jack.) Serta Uji Aktivitas Antidiabetes', '129', '3.47', '423', 'zpPicKAJoIgeE0g65ByR9f9iy6pT6Jwu0EnC8bex.pdf', 1, NULL, 'Valid', 'Belum Selesai', 14, 24, NULL, NULL, 17, 21, '2023-07-25 09:30:44', '2023-07-25 09:30:44'),
(29, 'eyJpdiI6IldqRnZNRlhETDBwdEc4NFJ6R20zWEE9PSIsInZhbHVlIjoiS05sbFRhTlhIZytnQkFyRmpHalhIUT09IiwibWFjIjoiZTc3OGVhMGJhZTVlN2U2MDc1YWM3MjUxNDQ3ZTNkMGRkZjYzOTViYmI2MmRjMGQzNmI4OWFlMmUxOGY0NDhhZSIsInRhZyI6IiJ9', '2022/2023', 'Dosen', 'Ganjil', 'October 2022', 'Studi Transpor Malachite Green Menggunakan Metode Polymer Inclusion Membrane (Pim) Dengan Poly-Bisphenol A Diglycidyl Ether\r\n(Poly-Badge) 1:1 Sebagai Senyawa Pembawa', '132', '3.59', '400', 'EenJpWcdsUEZ3Vk7eJUnz6YINdeWcYIIcOUgaztJ.pdf', 1, NULL, 'Valid', 'Belum Selesai', 6, 7, NULL, NULL, 3, 41, '2023-07-25 16:14:19', '2023-07-25 16:14:19'),
(30, 'eyJpdiI6Ik52cEpmVmhnZEtzZmVQc2RneW9FTFE9PSIsInZhbHVlIjoiQXU1Vmp6ck54WkJqcTVmRC84MEFaQT09IiwibWFjIjoiZWY2ZTVjYjU3NWZhMDhmMTAyMmNjODRmYjU4ODk4NGRiMmMxZTI3NzIzZjE1MzgzZGRiNjU1ZWQ0MTkwN2Y4ZiIsInRhZyI6IiJ9', '2022/2023', 'Dosen', 'Ganjil', 'October 2022', 'Karakterisasi, Kinetika, Dan Uji Aktivitas Antimikroba Kitosan Dari Isolat Fungi 19A15-Rf', '127', '3.42', '0', 'lYgJkHdVZ2lQE3RNmEbQ9wQHOvzqfsSIH4KVfswY.pdf', 1, NULL, 'Valid', 'Belum Selesai', 28, 29, NULL, NULL, 19, 56, '2023-07-26 02:08:30', '2023-07-26 02:08:30');

--
-- Dumping data for table `sop_lab`
--

INSERT INTO `sop_lab` (`id`, `encrypt_id`, `nama_sop`, `id_lokasi`, `file_sop`, `created_at`, `updated_at`) VALUES
(1, 'eyJpdiI6IjI3bDBmSVRZdTUrWkl3elRycDdQVkE9PSIsInZhbHVlIjoidmh5MzhSVkUrdmdDVWFBcnoxcjcwZz09IiwibWFjIjoiNzIwZWJhZTE2NmI5NzAzYmJlNzQ0YjRmODRlYTU4MTA3NjgxNTUyMGY5NDFiMTUxZGRlOGYyZjk5MjViODQ0NCIsInRhZyI6IiJ9', 'POS AP 01 Manajemen Laboratorium', 2, 'GNxPwR7BMMwTr3Psf5nXxj8qOzPWG9UpC5aVHwn5.pdf', '2023-07-25 08:32:47', '2023-07-25 08:32:47'),
(2, 'eyJpdiI6ImJjbUVMSnF6TWNKRmlyRXBrRUlTUmc9PSIsInZhbHVlIjoiRVNPK1Q3ZkxFSjMyYUdPN0N3NklUZz09IiwibWFjIjoiY2NiMDdhMjllYmU4ZmU3OWI1YjJlZGEwMmE4MTRhNTkxOTczYjljMzAwZTViYWU5NDI3N2MyY2Q5NDY1MDBiOSIsInRhZyI6IiJ9', 'POS AP 02 Penggunaan Laboratorium Untuk Praktikum', 2, 'qLRKOnnKKBJrLWu2pfJPWsDO4uOb37vSlSMJSRtx.pdf', '2023-07-25 08:36:10', '2023-07-25 08:36:10'),
(3, 'eyJpdiI6IkFia1IyVnJreTgrWUdaZVVHOHhUd0E9PSIsInZhbHVlIjoicEprUmtDYXhPRGp0bUJ5N2FmZ2gwQT09IiwibWFjIjoiY2IzOGE0YjM3MTUyOTU3NDQxMDIyNzU2ZThjYjAzZGEyZTc5ZGNhMTRlODNhNmI0ZDczZThiZDkxZjM2OTg2MCIsInRhZyI6IiJ9', 'POS AP 03 Penggunaan Laboratorium Untuk Penelitian', 2, 'MFn1CrOyexsOpwh9NC1lO3f56DMY8rqiBxSXPwWk.pdf', '2023-07-25 08:37:08', '2023-07-25 08:37:08'),
(4, 'eyJpdiI6IlA4T3hUWWpaSWV3Y2J0VldQNVJoR3c9PSIsInZhbHVlIjoiMm5YL3VIKzA2TENtYVVtSENkYXJoUT09IiwibWFjIjoiNDRmMzliMmQ3ZGViMjIzYWVlNzdjYzkwMDYyNjc5NjdjZTNlY2U0Zjk5YmU1NTU4OGEyNTY0NTU3YzFkYjZiMCIsInRhZyI6IiJ9', 'POS AP 04 Penggunaan Laboratorium Untuk Pengabdian', 2, '3YwrfwSu4uYLKQUTj8cbQLXf5RluzcSEtJe6yK4B.pdf', '2023-07-25 08:38:23', '2023-07-25 08:38:23'),
(5, 'eyJpdiI6IjNERm1ocWlGVzRWSUpHOCt4TWphbWc9PSIsInZhbHVlIjoiQldyRkNiYlczNEJ3Qmp0MTRMMFREQT09IiwibWFjIjoiOWUyNDhlZjE2N2ZkYTM2Yzk3YmI2NGZiNzVmNmE3MzVkZGFhZjM5MDQ1ODRlZGNmZGZmYWJmZjQxNDA0NTJmNSIsInRhZyI6IiJ9', 'POS AP 05 Layanan Pengujian', 2, 'yxGSHbwYDYO8e1nflXnLpEBXFpNL0uFS0OrZAXRk.pdf', '2023-07-25 08:39:08', '2023-07-25 08:39:08'),
(6, 'eyJpdiI6IkNKMjU1ZHRxTUpmQmlGc1dXSk4zaEE9PSIsInZhbHVlIjoiMjFGOFhaOGJQVUl3RW1VKzIxWjUvUT09IiwibWFjIjoiMjdiZjhhMmM5MjM5OGIwNGQyYjg5YjBiMDA5NWM2OGY4MDlkYzY5N2FkODI4MTMwYzhmMThjNDJjMjU3ZDgzZCIsInRhZyI6IiJ9', 'POS AP 01 MANAJEMEN LAB.', 1, 'ao43mnzal1jGSFDOKak7yRzxCLiV9mBKoun2jEjp.pdf', '2023-07-26 02:37:33', '2023-07-26 02:37:33'),
(7, 'eyJpdiI6IlVibjhxVG9DeHV4NEduaWc1MVZxMEE9PSIsInZhbHVlIjoiYTgrM3l6SmdhcFJZTkgzSGVTT1l0dz09IiwibWFjIjoiN2M2Y2Q0YTExMzkwMWI1Mjc3YjdiYWJkNDIxOTFjMjcyZWYyNTlhYjM2ODVlYjZjNmQ5MGEwNWYzYjI2MmI4MyIsInRhZyI6IiJ9', 'POS AP 02 PENGGUNAAN LABORATORIUM UNTUK PRAKTIKUM', 1, 'ZAb2ghJOM8ZQorCuIrPoXrXbxGwIwqJQJexN0pGo.pdf', '2023-07-26 02:38:20', '2023-07-26 02:38:20'),
(8, 'eyJpdiI6Ik1JdWZaYjJUVVcrUU45dTBzeWZyT0E9PSIsInZhbHVlIjoibGJDZkRENDFEVnBnb2NuTThwR0E0dz09IiwibWFjIjoiZGZlNjcwYWY0MWRiMmM3MTg5NjEwODZkZWJmMDRmNTQ2ODE1YzMzM2Q4MDY1OTM5ZGEzNGRiZTU1ZGNmNDllZCIsInRhZyI6IiJ9', 'POS AP 03 PENGGUNAAN LABORATORIUM UNTUK PENELITIAN', 1, 'gOg1LCVtsHe2I5JURgOD84P76ZDW7PIQu9G13LJo.pdf', '2023-07-26 02:38:54', '2023-07-26 02:38:54'),
(9, 'eyJpdiI6Ik9qRkFYUDhxN2FQYWlQVHBENC96bHc9PSIsInZhbHVlIjoiQlRpTHQ1L0F2dWFML1VBbU5JZ3JZdz09IiwibWFjIjoiYmY3OTQzNjNjZjEwYjlhMmEzNjVlMDhjOGNmY2UyZWM4OTJiZWVhNmJmZmYzYTAyNjc2MjFkZjRhMTkxMzFjMCIsInRhZyI6IiJ9', 'POS AP 04 PENGGUNAAN LABORATORIUM UNTUK PENGABDIAN MASYARAKAT', 1, 'cQlBdQRoPQioAdppiqc6smI1CAwUFRv5vxz26e2B.pdf', '2023-07-26 02:39:50', '2023-07-26 02:39:50'),
(10, 'eyJpdiI6Im9ZVEpQbmlZWC83SnVHWFlQRkZMOUE9PSIsInZhbHVlIjoiMzZ0bUZrcU1HWWVhYmFQMHJKVWpjQT09IiwibWFjIjoiMmFjZTdjN2Q2NjdlZjYzODk2Y2ZlZjQ1ZDA0N2RkMzA0MjQyZmZhZDJjYjRjNmNjMWJkMjY1ZmRhZmMwNjllZSIsInRhZyI6IiJ9', 'POS AP 05 LAYANAN PENGUJIAN', 1, 'qMriOoyPYnD5pmnf0GWGsi0NccPLngAv8MoQaqW3.pdf', '2023-07-26 02:40:18', '2023-07-26 02:40:18'),
(11, 'eyJpdiI6IkRQdDZXaTV4aEoremNOaXF3ckROWnc9PSIsInZhbHVlIjoic0xpZ1ZBQ3l4bUFFTEVLMU5UdzV6UT09IiwibWFjIjoiODE1NDI0NGM5MTE1MTFiMDM3NDc3YWNlYWEyNDE2YmFmMmZmMTFhYWY0ZjQ5NmM1ODQ1ZGM3NDcyZTBhNTNjNSIsInRhZyI6IiJ9', 'POS AP 06 PENGUSULAN PENGADAAN ALAT DAN BAHAN LABORATORIUM', 1, 'BX9wuMOoqULcWJGQ6b0Vg3XBZu47gx8rpd9cyzOH.pdf', '2023-07-26 02:40:54', '2023-07-26 02:40:54'),
(12, 'eyJpdiI6Ik4ySnNXUjFIOHVaWjdWcFMvNEMrM2c9PSIsInZhbHVlIjoiNXh0eHNac01oZWdJTGk0aWJBMS9kdz09IiwibWFjIjoiNzI0OTI0OTA0NGVmMmI3ZGEzMGRmM2MwNzNlYzdjZmRlYmQ2ZTI1YTcxZDQwYWVjZWZkN2IzNTQ5Yzk2MDJkNSIsInRhZyI6IiJ9', 'POS AP 07 PENGGUNAAN DAN PEMINJAMAN ALAT', 1, 'Ah78rbx3EJNQPNjSP7EuQg1eC4ZkrLTXdvoSAMLK.pdf', '2023-07-26 02:41:23', '2023-07-26 02:41:23'),
(13, 'eyJpdiI6IlhBREkxWnlkTVhLZWkyVzJuaHJ6b1E9PSIsInZhbHVlIjoiZFlFOUJSTDVqN0VaRWtkS3VKQnc1QT09IiwibWFjIjoiMTMxNmE1NGIzYzQ1YTdiNDdjZGYzZWEwMGY3ODA5NGE3MjRkOTA3Y2FjMzFjMTAzM2ZiYzMyNDFiNzkyNGY4YiIsInRhZyI6IiJ9', 'POS AP 08 PERAWATAN, PERBAIKAN DAN KALIBRASI', 1, 'xcu7Ydw8KJMIMgycjTzaJhWOG0Y7yEGva8QFjE2c.pdf', '2023-07-26 02:41:57', '2023-07-26 02:41:57'),
(14, 'eyJpdiI6InI4VG1FcW5BL2tTRU1Ubk4wa3RKZ0E9PSIsInZhbHVlIjoicEd3eDJaTFkxNEdkWldlc1lNaXY1UT09IiwibWFjIjoiNGRmYjEwNWYzOGFiMzhjZGEyZjRiYzBiYmVjMzYxZWEyY2IwNjY0NmE3YmUwMGIzOWM5ZTFkYTY5NGE2MGQwMyIsInRhZyI6IiJ9', 'POS AP 09 PENGELOLAAN LIMBAH', 1, 'FEDBnNKMZZC1jvrYWYuj6A2sn7TZ2Mc8pIdQLnlv.pdf', '2023-07-26 02:42:27', '2023-07-26 02:42:27'),
(15, 'eyJpdiI6IkcrMlVxMmxYaE1zVUQ0RnZTbTNZVEE9PSIsInZhbHVlIjoiK09aeUZaaytGc251aDNZRVdDMXNJdz09IiwibWFjIjoiYWZjZDA4ZDM4NDcyNmE1ZDMyZDIxNWZjYmNiNjNjMDBhOTk1MDViNTQzYTg0NDczM2Q3OWMzYTViM2MxMGQzYiIsInRhZyI6IiJ9', 'POS AP 10 KESEHATAN DAN KESELAMATAN KERJA LAB', 1, 'eQNfdieWVey9rJACom3X1WkApmRxPdCof22UXDkH.pdf', '2023-07-26 02:42:55', '2023-07-26 02:42:55'),
(16, 'eyJpdiI6IlE0dG9NSXl2QndEV3FlREhYWjlqWUE9PSIsInZhbHVlIjoiL1hLeFROYlRvTkFZUjBRN2dWdGNOZz09IiwibWFjIjoiNDY1NTU0MTE3MWUzMzFmNTlkZjgxNDhkODM0NjQ1Y2IyOWEzZTYzNDc0ODFlZjViM2FlMjg4ODcwYmRiZmNiNyIsInRhZyI6IiJ9', 'POS AP 11 EVALUASI KEPUASAN PENGGUNA', 1, 'trBKh7JRxInvsGeUqUubyZxeqNS0F4N7Y5Z2eG7w.pdf', '2023-07-26 02:43:22', '2023-07-26 02:43:22'),
(17, 'eyJpdiI6ImNhTWVzMFd2bU11OHdWdzVCNFdmRVE9PSIsInZhbHVlIjoibTlFM1YvK3FFMS9tbm9KVWJBZE9uZz09IiwibWFjIjoiMTZkZTc5NmU3MzljYzBkYjI5MjljNzk2NmQzNWYyMjczYzk2YjAyNWZhNWExNzJmMmEzZTRjY2RkYTA5NGEzOSIsInRhZyI6IiJ9', 'Manajemen Lab', 3, 'PlX21I4h7sIdTnj4Ez0yI0PCjVWdokxklXSs4v9oA1oJi.pdf', '2023-07-26 04:25:39', '2023-07-26 04:34:46'),
(18, 'eyJpdiI6IjFyWUNoaytpUTNRckNKbVdoWDRzL3c9PSIsInZhbHVlIjoieFZqOVhnOWNiNnBnZkNkRzNnT1J6Zz09IiwibWFjIjoiOTE3MmYzNDExMmE4ZjMzNWRhYjExZmM2ZGZmZTc4MWRmNDI5NzdmMzRiMjcxMGM3NzNlMmNiZWE5MWE0OTY1OCIsInRhZyI6IiJ9', 'penggunaan lab praktikum lab organik', 3, 'oS5kMTyLo4YKQ617DMs44GkxEYNvfHJl6Nly1pTD.pdf', '2023-07-26 04:30:40', '2023-07-26 04:30:40'),
(19, 'eyJpdiI6Im5MbHpkNVhrYi8wUjRrOUR6MXQ5NXc9PSIsInZhbHVlIjoidzFPbjdCdVdrdGx3czVQNHBtV2lBQT09IiwibWFjIjoiZDE1MDIwZGJiNDJiOTAyYjBiMjk3NGEzMDlmMTM2ZTA0NmQ4YTExYmQxMjY2ODQ5OWQwYTQ1YjE2ZDdhMjEyOSIsInRhZyI6IiJ9', 'POS AP PENGGUNAAN LAB K ORGANIK UNTUK PENELITIAN', 3, 'aMdcYcXcDCl0QUQ0fg0iARTm5GmElyHV1qEZQMiC.pdf', '2023-07-26 08:24:07', '2023-07-26 08:24:07'),
(20, 'eyJpdiI6IitnUXpQWXZHVUFja2VCSU1qS0VSVnc9PSIsInZhbHVlIjoiZWl6NndMTWNpMm43TkM0amU5UDlNQT09IiwibWFjIjoiZjI5MDUwNDQ4Mjc4MjNmNjc2NTgzYzdiZWM2ODM1MmRhYTI5YjM2ZTM1ZTAxNzBkZDVkNWFlNTA3M2EwMGFhMSIsInRhZyI6IiJ9', 'POS AP PENGGUNAAN LAB ORGANIK UNTUK PENGABDIAN PADA MASYARAKAT', 3, 'hUBxhjjBY7oC69jl8W0CvATMobuHqDC1UX96odkg.pdf', '2023-07-26 08:25:43', '2023-07-26 08:25:43'),
(21, 'eyJpdiI6Im41SXgxbUFPZDNKcU9yYnVUZVZFYnc9PSIsInZhbHVlIjoiSTVDUituMUdoNEVBNXBUS1NpcjRrdz09IiwibWFjIjoiMGM2MTY1NjYwMjJmNzAwMjFiZDY1MmY5MjE1ZjI4YTQwNDYyMzAzYWQ2MWRiZThiMzk4ZDg2MWFlYjYwYjM0MiIsInRhZyI6IiJ9', 'POS AP LAYANAN PENGUJIAN DI LAB K ORGANIK', 3, 's76oVJ9vEUo74So5sUKX0d84mdLCAnn8mYEZcgwm.pdf', '2023-07-26 08:26:41', '2023-07-26 08:26:41'),
(22, 'eyJpdiI6ImhWanp2MzdKSEQ0RHhud1pEekFLc1E9PSIsInZhbHVlIjoiSWFmSXJtZHJoK3ZndjlRWXVvUXBLdz09IiwibWFjIjoiYmNmYTFmNDM3MzM0ZGJiM2FjZDk4ZGFlYjU5MTU3NjQxZjNlOWNiODk5OTYyZjc4MGUyOTNlNTkyMzlhMDJkMSIsInRhZyI6IiJ9', 'POS AP 06 Pengusulan Pengadaan Alat dan Bahan Laboratorium', 2, 'WHtZoVZ9rAOEH0YWt4ePqiq0ghOL7X4yy2sFq0Xj.pdf', '2023-07-27 07:13:43', '2023-07-27 07:13:43'),
(23, 'eyJpdiI6IkVad1UrcTFZbGZzeFJaU0Irck0xRWc9PSIsInZhbHVlIjoiczhReVROa21PSCt4ZkNNem9Gb0J1dz09IiwibWFjIjoiODY1YzkwNzUxYzEwZTcxOWQ1NjYzMWY5NzIxYmMxZjNlYmJmN2QzNDMxNGFlYzc0NzE1MWY1MmU0N2RiZmMyNyIsInRhZyI6IiJ9', 'POS AP 07 Penggunaan dan Peminjaman Alat', 2, '3dG2znhPRATXMptRwzexLYLvaQSENyoKN109I6ji.pdf', '2023-07-27 07:14:52', '2023-07-27 07:14:52'),
(24, 'eyJpdiI6IklhcCtncnA0YW5aQlZPMCtYVXRYRVE9PSIsInZhbHVlIjoiZklBWkpicUdxbW0vK3FVUUtMVG9QUT09IiwibWFjIjoiZDNkNzk4OTI1NTgxYjdhYzgyMDc5ODUzMTdmZjAyN2FiOTVmMjU3ZTBhOWQ5ZTkxZGQ2OTI1MGMwNTBlMGE3ZCIsInRhZyI6IiJ9', 'POS AP 08 Pemeliharaan Perbaikan dan Kalibrasi', 2, 'W1yXPuL6V2fSGu2LmJDktb5Fom8kf6cC10k8scKC.pdf', '2023-07-27 07:15:55', '2023-07-27 07:15:55'),
(25, 'eyJpdiI6Ik1vSDVBcE54U1E4WktjOVJFRzdvMGc9PSIsInZhbHVlIjoiNVoySUxqYXIzVWtRWlc0a3huMjhkUT09IiwibWFjIjoiOTVmZDFiZGI5MDAzOThkODdhMDkxMzMxMDFiZGFlMmQ5NjUwNzI3NTE5YTE4ODQxMDdmMDJjM2U3ZjgxN2I4NyIsInRhZyI6IiJ9', 'POS AP 09 Pengelolaan Limbah', 2, 'kPNz7BfEgnNGl7X2OwZSumoh8WpaKMfWpZe7yjJy.pdf', '2023-07-27 07:18:02', '2023-07-27 07:18:02'),
(26, 'eyJpdiI6ImswSFBHZWVPNlhGVDBwTFFHVWhQblE9PSIsInZhbHVlIjoiZEZqUGhnK2x5cVBKRnloVWFlQ0wxdz09IiwibWFjIjoiNDhlMmNlYWNiZjRhNjIxNGM4Y2RiMWYwMGE4ZTM2MzQ5YmRlMGQyMzY4MmFkMGY0Y2ExMDkxOTZiZmRlZmE1ZSIsInRhZyI6IiJ9', 'POS AP 10 Kesehatan dan Keselamatan Kerja', 2, 'HOgYnIYB82WJGJSxIbAnoUH7bjxkfGDyW6zXoWof.pdf', '2023-07-27 07:19:14', '2023-07-27 07:19:14'),
(27, 'eyJpdiI6IkxJK2QwZ2hmeHpDSU5JOHBXMFhES3c9PSIsInZhbHVlIjoiY2F2TkF5bktoUHFwdkdNWkszVG04Zz09IiwibWFjIjoiZjBjMDQyMDA1YjFjYWNiMzkxNmZlODU1YWU0NjEzYmRjNjJkMDI5ZDExMjc2OWVhOGY2NjUyNTlkMTBlODUyMiIsInRhZyI6IiJ9', 'POS AP 11 Evaluasi Kepuasan Pengguna', 2, 'GG3V2KN3qZ77wlVjCSIDWCMQGeRnLpnrSMog4NKN.pdf', '2023-07-27 07:20:16', '2023-07-27 07:20:16');

--
-- Dumping data for table `suggetion`
--

INSERT INTO `suggetion` (`id`, `fungsionalitas`, `kemudahan`, `tampilan`, `saran`, `kritik`, `user_id`, `created_at`, `updated_at`) VALUES
(1, 10, 10, 10, '-', '-', 68, '2023-07-25 04:20:27', '2023-07-25 04:20:27'),
(2, 8, 7, 7, 'Semoga lebih baik lagi', 'Slidesharenya kurang jelas', 69, '2023-07-25 04:21:00', '2023-07-25 04:21:00'),
(3, 9, 8, 9, 'semoga lebih maju', 'sangat baik dan bagus', 50, '2023-07-25 04:21:22', '2023-07-25 04:21:22'),
(4, 10, 9, 10, '-', '-', 58, '2023-07-25 04:21:30', '2023-07-25 04:21:30'),
(5, 8, 8, 8, 'Lebih baik', 'Lebih baik', 44, '2023-07-25 04:21:59', '2023-07-25 04:21:59'),
(6, 10, 10, 10, 'Good', 'Good', 77, '2023-07-25 04:22:11', '2023-07-25 04:22:11'),
(7, 10, 10, 10, 'Semoga data yg udh keisi bisa kesimpen gak ngulang lagi', 'Tidak ada, baikk', 55, '2023-07-25 04:22:13', '2023-07-25 04:22:13'),
(8, 10, 10, 10, 'Baik', 'Baik', 43, '2023-07-25 04:22:22', '2023-07-25 04:22:22'),
(9, 8, 9, 8, 'sebaiknya data bisa dilakukan pengeditan', 'sangat bermanfaat webnya', 54, '2023-07-25 04:22:38', '2023-07-25 04:22:38'),
(10, 8, 8, 7, 'Sudah cukup baik', 'Tidak ada', 53, '2023-07-25 04:23:03', '2023-07-25 04:23:03'),
(11, 10, 10, 10, 'Semoga cara aksesnya bisa lebih gampang dan mudah dijangkau lagi', 'Semoga dengan adanya web terbaru ini dapat memudahkan mahasiswa angkatan lainnya dalam mencari informasi terkait seminar dan yang lainnya', 64, '2023-07-25 04:23:46', '2023-07-25 04:23:46'),
(12, 8, 8, 8, 'Semoga lebih baik', 'Kurang kondusif dan sistematis', 98, '2023-07-25 04:30:52', '2023-07-25 04:30:52');


INSERT INTO `file_kelengkapan_seminar` (`id`, `encrypt_id`, `nama_file`, `path_file`, `created_at`, `updated_at`) VALUES
(1, 'eyJpdiI6Im9vZk15OENUbjY4ZUJZNWZmT3N6MGc9PSIsInZhbHVlIjoiMzlqUW8wQXlxYUU5b29PWGdodTY1dz09IiwibWFjIjoiNjJjMTFmNTlkODE2ZWYxNmQwZjc2NmVlMWNjNzM0YjRlZDE3NGQ2YjdkMzhiNDM3MGExMTljOTA2YjVmMGE3MiIsInRhZyI6IiJ9', 'Seminar Kerja Praktik', 'syarat_seminar_kp.pdf', '2023-07-25 01:34:41', '2023-07-25 01:34:41'),
(2, 'eyJpdiI6IlYrY0RiQXhib1dGUVZLRmxxTDVOalE9PSIsInZhbHVlIjoiclVnSzI3ODFqYjZPQmRIbEowdHlmZz09IiwibWFjIjoiNDA1ZjFkMzg2ZDBmMDVmOTdiMzE0YzM5MTdjYjI3ZGRmN2QzMDMzNWRkNmVjMWEyODBkYWI5YTcxN2E0YmRhNiIsInRhZyI6IiJ9', 'Seminar Tugas Akhir 1', 'syarat_seminar_ta1.pdf', '2023-07-25 01:34:41', '2023-07-25 01:34:41'),
(3, 'eyJpdiI6IlE2SU9oeFhlUmhxV0I4TnIrLzg4NWc9PSIsInZhbHVlIjoiSnFjZmwxYkVVOEFuR3hSczRSYWx6dz09IiwibWFjIjoiMTY2N2RlZDdiZmE4NTdmMDM0OWUzN2ZiZDAyODk3MTVmYTZjZjExYTY4NDQ3MDQxOWU0OTRiZDg0NzUxNDc3MiIsInRhZyI6IiJ9', 'Seminar Tugas Akhir 2', 'syarat_seminar_ta2.pdf', '2023-07-25 01:34:41', '2023-07-25 01:34:41'),
(4, 'eyJpdiI6ImVKbE1PeGZTbU1nQVUvWUoraTFqbVE9PSIsInZhbHVlIjoiTzJrWjdYVlhYbDBZQVBOR0FDNmI4dz09IiwibWFjIjoiOWJjMzJhMGZmMzRmYjZlNTNjNzZiNGYwMDAwZGMwOGI1MTJjNzA2NmIzYTU0NmI0NzQyMmI0NDRiNDAyMDZkOSIsInRhZyI6IiJ9', 'Seminar Komprehensif', 'syarat_seminar_komprehensif.pdf', '2023-07-25 01:34:41', '2023-07-25 01:34:41');

--
-- Dumping data for table `gelar`
--

INSERT INTO `gelar` (`id`, `encrypt_id`, `instansi_pendidikan`, `jurusan`, `tahun_lulus`, `nama_gelar`, `singkatan_gelar`, `dosen_id`, `created_at`, `updated_at`) VALUES
(2, 'eyJpdiI6IlNUSFh1aHJQcHZ5TUQ2OCszUnR2eGc9PSIsInZhbHVlIjoiNzJVSUJxdEZhODJQVXhLTlRsK1l1QT09IiwibWFjIjoiYjI2Zjc3NjcwYmIxNmIyMDU3YzVjMWFlMGUyNjJiNDgzY2Y3NmJiZjYwZjVjYTU0M2NlN2QyOWZjMDJiMTVlMSIsInRhZyI6IiJ9', 'Universitas Indonesia', 'Kimia FMIPA', 1986, 'Sarjana Kimia', 'Drs.', 26, '2023-07-26 02:12:10', '2023-07-26 02:12:10'),
(3, 'eyJpdiI6ImQxZW9QSDRDeVRmWEgxeEpnSnVmWlE9PSIsInZhbHVlIjoiLzZDbGtYcHdUMjVJaEZEaGFNS3dZUT09IiwibWFjIjoiOTFlMzJlMWJmNDczMTQwNmRiZDU1ZDA1NTM5Yzk4OGEyOWU3YTlmMDM3NTNiYjNhNzA2YzYyYmEwYzI2ZDNlYiIsInRhZyI6IiJ9', 'Oregon State University', 'Chemistry', 1994, 'Master of Science', 'M.Sc', 26, '2023-07-26 02:13:30', '2023-07-26 02:13:30'),
(4, 'eyJpdiI6ImxvSkR4VnpXU0dPekVEVzAxVSt1M1E9PSIsInZhbHVlIjoiWU1YakxWVUFHbEhBTzBIbjViYnNjUT09IiwibWFjIjoiNWIwZTFhYWZiMmIyMzU5ZTEzMzc4NzU2Zjg0YjFiMmY0NWNkMGIxODNkMWFjMWUwNTA1NjQwMDdkZDMyNGZiYyIsInRhZyI6IiJ9', 'University de Louis Pasteur, Strasbourg France', 'Chimie de Catalyse', 2000, 'Doctor', 'Dr.', 26, '2023-07-26 02:14:56', '2023-07-26 02:14:56'),
(5, 'eyJpdiI6InJySmJwcDF2WFZsbXVOU2xzYktFRnc9PSIsInZhbHVlIjoiTXZHeG81aEJZR0VWZ3pZMTM3a1RUZz09IiwibWFjIjoiZGE0NDA5NzkyNTgwODdlZGY1ZjIwZjYzNmU1ZGYzYWM2ZGVlYTkyZDI0YzA0ZDcwYWNmNWZiMWE3MzYxNTliOCIsInRhZyI6IiJ9', 'Universitas Lampung', 'Kimia', 1997, 'Sarjana Sains', 'S.Si', 14, '2023-07-26 03:10:10', '2023-07-26 03:10:10'),
(6, 'eyJpdiI6Ilg5Nk95Y2h5elVFVHV0VGxETDlrR1E9PSIsInZhbHVlIjoiWWlrWVZUUlhSV0JkajdycmJ0dy9rZz09IiwibWFjIjoiYTc2OWJiYzY2ZWMyMzYxZmQ4ZTdhYTNjMzc4MzlmYjk2YzkwZTc3ODIyZDUxMjIwYmIyNDg1MjEwNGU3MzRkNyIsInRhZyI6IiJ9', 'Institut Teknologi Bandung', 'Kimia', 2022, 'Magister Sains', 'M.Si', 14, '2023-07-26 03:11:33', '2023-07-26 03:11:33'),
(7, 'eyJpdiI6IlNsazg0NlFWa095ZUtCWURtS1Z4bUE9PSIsInZhbHVlIjoiYU44YnNqVDBTU1pCTndRRGJwdnpaUT09IiwibWFjIjoiMjk5ODVjNDgzN2RjYmY2MzE4Y2Y0MjkzNTI2NjhhZTdkYTkyZGY3Yzc4ZTBkNWJkODhkMjhjNDI4ZDUxYTQwYiIsInRhZyI6IiJ9', 'Universiti Sains Malaysia', 'Chemical Sciences', 2014, 'Doctor of Philosophy', 'Ph.D', 14, '2023-07-26 03:13:13', '2023-07-26 03:13:13');

--
-- Dumping data for table `history_jabatan_dosen`
--

INSERT INTO `history_jabatan_dosen` (`id`, `encrypted_id`, `jabatan`, `tgl_sk`, `file_sk`, `dosen_id`, `created_at`, `updated_at`) VALUES
(1, 'eyJpdiI6ImRwMWx2Q0V6b29zaE5MMXpGUkNvaWc9PSIsInZhbHVlIjoiNExGNVJhSUMzZEc5U293OFNlSmxYUT09IiwibWFjIjoiMjRlZTZmMGFmMmM5YWM1NWE0MTZlMzQxZjkyNmIwNmU4YTI5MTVhNWFhNWY1ZTc2MmIyYTBjODEwOTgwYzA2NyIsInRhZyI6IiJ9', 'Guru Besar', '2019-07-08', 'jPYMMRHIZdVQyffg.pdf', 26, '2023-07-26 02:21:13', '2023-07-26 02:21:13'),
(2, 'eyJpdiI6IlNTMXJ4NE9lNGlNZDZYVklUZ25kWUE9PSIsInZhbHVlIjoiQ0ZxQmUxWUtBRlB1eUxWZ2F2WkdSZz09IiwibWFjIjoiZmVhODk0M2U2NTA3M2VmMWY4NjgzM2QyNjRmYzBiYzRmZWFkYWI0NzllNDM1YjljOWFjODZlYjY5OTE2ODg5NSIsInRhZyI6IiJ9', 'Guru Besar', '2022-02-01', 'Y8LsGWLvxBHCDxS2.pdf', 14, '2023-07-26 03:08:03', '2023-07-26 03:08:03'),
(3, 'eyJpdiI6Imw1bW5QQTFnU3BIeHJOQ1JKNXAwS3c9PSIsInZhbHVlIjoicThrenZoMnJobG9yV2l2WmNoc0xodz09IiwibWFjIjoiYTMzMzljNjNkMDVhNDUzODAwMGE3ODk3NWU1M2Y3MDVlNDZjYmNiMzVjMzJiMDhmNWExYWFmNzRiOTVlOWE3NCIsInRhZyI6IiJ9', 'Lektor Kepala', '2017-08-01', '64EjoOJI70spLM9p.pdf', 14, '2023-07-26 03:17:34', '2023-07-26 03:17:34'),
(4, 'eyJpdiI6IlROSUZOTjZ0cGZxRHlnSTJzSC9MUUE9PSIsInZhbHVlIjoiaHZxRjR4UFNDZGdFWHVKUTluSnJmQT09IiwibWFjIjoiNGM4MzBmNzUwM2VmYjFhZmJkZTExNjZhY2Q3MDNkZWQ5OTk3MzBjODllMWRhMDViOTVmMGU4NzdiMzk5ZTJiZSIsInRhZyI6IiJ9', 'Lektor', '2005-01-01', 'U3XI59pG9Vfrsuxk.pdf', 14, '2023-07-26 03:21:36', '2023-07-26 03:21:36'),
(5, 'eyJpdiI6IkhyR1dVeVUvamdvTWRRSDJyVkx5ZGc9PSIsInZhbHVlIjoiMnZ5a0NKbU15TENXT1NIcXpnY1pVZz09IiwibWFjIjoiOWM1YTBjYzY0YWI0OWU0MzIwOGVjNWZhZTE5ZjRjY2FjZTIwODQ5ZmRmNTcyYzVmYTA1ZGE3ZDEwZmI4NjJjYiIsInRhZyI6IiJ9', 'Asisten Ahli', '2001-01-01', 'ol4HXZa9jy7mGNOb.pdf', 14, '2023-07-26 03:22:44', '2023-07-26 03:22:44'),
(6, 'eyJpdiI6Ikp2Ti9JZ2VDVmVrUjR3c245ZUEvbnc9PSIsInZhbHVlIjoiZysxNWh2SjJNRlN1aVkwOTJCdEZSZz09IiwibWFjIjoiODhkZGI1ZjgwMGIxMWUxOTFkYjNjZDVjMTAyZTkxMmIzZGI2OTljNWE4NGY1Y2I1YzBkNTIyMjYwZGQ1ZWZlZSIsInRhZyI6IiJ9', 'Tenaga Pengajar', '1998-02-01', 'unA2BoFiAqpeHsJv.pdf', 14, '2023-07-26 03:24:20', '2023-07-26 03:24:20');

--
-- Dumping data for table `history_kepangkatan_dosen`
--

INSERT INTO `history_kepangkatan_dosen` (`id`, `encrypted_id`, `kepangkatan`, `tgl_sk`, `file_sk`, `dosen_id`, `created_at`, `updated_at`) VALUES
(1, 'eyJpdiI6InE5NnBGbjBZcEM4bm8xK2JjeFRnaEE9PSIsInZhbHVlIjoieVFXL3BBa3NBeGZkOGJjU3VRQmx0UT09IiwibWFjIjoiYWRhMGM4ZjdlMTU0ZjY4Mzc0N2Y0MGYyZDQ4MzhjYTJkNDJmMzEwNWJiZTAyYjM4YzNkZjFiYmQ4NWQ1N2NjYiIsInRhZyI6IiJ9', 'IV B', '2020-08-04', '70Oggwh20dSZQI9O.pdf', 26, '2023-07-26 02:22:52', '2023-07-26 02:22:52'),
(2, 'eyJpdiI6IjQzYWRRcHNlS1owTmk3cE52SC9ZVHc9PSIsInZhbHVlIjoiUjdjbmc2WENuZi8wMzZUR2xFeVp6QT09IiwibWFjIjoiZjZiZWU3ZDJlMWYwNzhhYTQ2YjZkM2IwMzRlNTg3ZWI0Y2IzNjRiNTM5YzY0YWFjYjdiNmJkOTNlMmFkZTc4ZSIsInRhZyI6IiJ9', 'IV C', '2021-03-17', 'mjTe6Z8qmsx2ILJY.pdf', 26, '2023-07-26 02:24:25', '2023-07-26 02:32:00'),
(3, 'eyJpdiI6ImY0R1M0Vm5rY0h5ZmVweXhGZTZsZGc9PSIsInZhbHVlIjoibWV0cjN2bDdleTcxbHUyNGtjRTNCZz09IiwibWFjIjoiZTEyMDJkODlkN2Q2ZWJmYmFjNTNlMWIwZjMyZGRjZjlkZDM3M2YxYjMxNGUzZTcyY2NhNTU5YTRkYWViODYwZCIsInRhZyI6IiJ9', 'IV C', '2022-10-01', '6WCIu01wW7xrdnOE.pdf', 14, '2023-07-26 03:09:18', '2023-07-26 03:09:18'),
(4, 'eyJpdiI6IlNmWXFSQlVyM3NycnRZUkYrTWRUc3c9PSIsInZhbHVlIjoiR3dNdEg3NGNwNnpqUDFiMmdrWC9HQT09IiwibWFjIjoiYTM5MjRjMGFiYjY5OTNhMzRmYzI0ZmZjNmI0ZTA4OWEwZWExZDE4MGI4N2Q2OGRjMGEzYjI5OWZlZjRiMDFlMCIsInRhZyI6IiJ9', 'IV B', '2020-04-01', 'CrOnHrRUf27qIKp5.pdf', 14, '2023-07-26 03:25:06', '2023-07-26 03:25:06'),
(5, 'eyJpdiI6IjZOVWtKMGRPMG1zVHZmTGpjcUxFUHc9PSIsInZhbHVlIjoiOHpXdVN0NldJWWxSUmYyV2JlWWtQdz09IiwibWFjIjoiNTY2OTZlZmRjYjQzNDc4NzFhYTk1OTJhNWE4ODdmYTk2N2ZmZDRjNTNiZGUwZWYwZWQxNThkOWM3MDQ1MWQ3MiIsInRhZyI6IiJ9', 'IV A', '2018-04-01', 'Xi8k1AGroav4HYyd.pdf', 14, '2023-07-26 03:26:04', '2023-07-26 03:26:04'),
(6, 'eyJpdiI6ImJUV2w4bElYcnhFWGVxbzdndWZ3a0E9PSIsInZhbHVlIjoiMEdFZEJtam1aR3NPZG5ITzhVMnBsdz09IiwibWFjIjoiMWYxZTYxNDVjZmQ5ODhmY2I2YTFhZmMxMWVlYjUzM2U5OTllMTljZTUzNzAzODRkMTVkMDgzMjIwYWVkNDlhNSIsInRhZyI6IiJ9', 'III C', '2007-04-01', 'MbkPymdMAatjGOwm.pdf', 14, '2023-07-26 03:27:47', '2023-07-26 03:27:47'),
(7, 'eyJpdiI6IlM0YjR4RGtmWEt2UEs1ZDlrNEpPU1E9PSIsInZhbHVlIjoibk9sY2dZSmltZGdrR291dloyUGZwQT09IiwibWFjIjoiNGIzYjllMGVmYjI5OTliNDlkM2ZjZmMxMmRlYWM4YTI5YzAzN2RlZDFiYjg1MjVmMTA1MDMwMmZmYzA0MWRmMyIsInRhZyI6IiJ9', 'III A', '1999-11-01', 'ou3BaKumzfq9NQIo.pdf', 14, '2023-07-26 03:30:02', '2023-07-26 03:30:02');

--
-- Dumping data for table `jadwal_seminar_komprehensif`
--

INSERT INTO `jadwal_seminar_komprehensif` (`id`, `encrypt_id`, `tanggal_komprehensif`, `jam_mulai_komprehensif`, `jam_selesai_komprehensif`, `id_lokasi`, `id_seminar`, `created_at`, `updated_at`) VALUES
(1, 'eyJpdiI6ImMyQnc5ZzJOSWUxTEM0R29JMU5qR1E9PSIsInZhbHVlIjoieTdVSEJaeG9tZXJRQis1L0hrVC8ydz09IiwibWFjIjoiNzY2ZmMzMzlhZWI2ZTZiYzY5OWM2ZjRlODg3ZWRjYTEwYjJiOWVjMmUyZjliYzkzMGMwZmJmNTc2OTRhZmFiMyIsInRhZyI6IiJ9', '2023-07-25', '11:08', '13:08', 3, 1, '2023-07-25 04:08:06', '2023-07-25 04:08:06'),
(2, 'eyJpdiI6InYwNXRqakRSeWFZb2lMck1iWTlidHc9PSIsInZhbHVlIjoia0U1eDRpZ3BmVktybjAyeWxhRXhTQT09IiwibWFjIjoiZTVmZjIxZmRjNDgyOTBmNjhjNzMyY2YzNmRkMjQwNDcwMjhmMzNlOTAyZjEyNzg2Zjg1NzNiNzlhNjJlYmRmYiIsInRhZyI6IiJ9', '2023-07-25', '11:09', '13:09', 5, 2, '2023-07-25 04:09:11', '2023-07-25 04:09:11'),
(3, 'eyJpdiI6IitJUUZ4QldLNEVlZExJaWhHZzhvSVE9PSIsInZhbHVlIjoiNUtqcWNhZlJWeFdwcTRHdC9EUVBFdz09IiwibWFjIjoiZTY1NDJiM2VjN2VlNTQ3ZDllNmUyMWVmZDM1MTFjZTg2MWEyZTE3N2Q3N2IwMzEwOWI1NmEzMDhmMjliZGI3NCIsInRhZyI6IiJ9', '2023-07-25', '11:11', '13:11', 3, 3, '2023-07-25 04:11:32', '2023-07-25 04:11:32'),
(4, 'eyJpdiI6InQvQlQvZlhaNjl0WTVRNHl3d0JlYmc9PSIsInZhbHVlIjoiNUp2Yno3OXpudytuaTlVU29NcC9HUT09IiwibWFjIjoiNzRiOTAxMTNkYTQ1MGY5ZjkyODUyNTU5Zjk4MDhjOTMzOTIxMjZhYzJkYTIyMjBiYzBkZjQ4Y2M3NjM5MjFmNyIsInRhZyI6IiJ9', '2023-07-25', '11:11', '13:11', 1, 4, '2023-07-25 04:11:56', '2023-07-25 04:11:56'),
(5, 'eyJpdiI6IkVTcXpBTWJXUzlVQlJzTXFGa1Ficnc9PSIsInZhbHVlIjoiYUEyWEZQSUp4SFlSZCtUeVRUVFdTZz09IiwibWFjIjoiODYzNzRiZDRkYzA0YTM4MmQxM2ZlZmYyMmQ2MWJhYjJiMDhmMDdlNDMzOThiYjAzZDJjNDIyYjFlZDI0NWQ2OCIsInRhZyI6IiJ9', '2023-07-25', '11:12', '13:12', 2, 5, '2023-07-25 04:12:25', '2023-07-25 04:12:25'),
(6, 'eyJpdiI6Ik1KSW9GdXEwN1ROYmJqbFZKbTlITEE9PSIsInZhbHVlIjoiYnR2YkZHc045NEZiY0Zad2M0NnlqZz09IiwibWFjIjoiY2IxMTdiMDI4NTllNWM1OWNkZGY3ZmVjMzMxZGZiNmUxMzQ4ZmQyZDQ1NTYyNDdhNWZiOGNjMzNkYTg0ODg1NiIsInRhZyI6IiJ9', '2023-07-25', '11:15', '13:15', 5, 6, '2023-07-25 04:15:27', '2023-07-25 04:15:27'),
(7, 'eyJpdiI6IityRGs2UTN2VVRYdi9iaUtuYlBkNFE9PSIsInZhbHVlIjoickJpMnUxNE5pRUhoT2tUM0I1VXgxUT09IiwibWFjIjoiYWU0OTYxNjE3OTA5OGFmYjJkNjY0NmJhMjA4ZTE1Nzk3ZDZiOWQ3MGI2ZTZkNDc0ZGYzNWU3YmUzZjdjYjVhYiIsInRhZyI6IiJ9', '2023-07-25', '11:25', '13:25', 5, 7, '2023-07-25 04:25:00', '2023-07-25 04:25:00'),
(8, 'eyJpdiI6IjI5QUgvOHdlNFVZT0VuY0FtWjhUcHc9PSIsInZhbHVlIjoiN2pMVjdjaHhON2ZxSUl6STFPNWFmZz09IiwibWFjIjoiNjdmZGJiNzQ2N2U0ODFiOGNjNWU3YTFiNjFiNDA4OGI1MTFkOTI3Y2QzYzRmN2UzYjJlOWNhZGFjMjViZmYwYyIsInRhZyI6IiJ9', '2023-07-25', '19:25', '21:25', 1, 8, '2023-07-25 12:25:00', '2023-07-25 12:25:00');

--
-- Dumping data for table `jadwal_seminar_ta_dua`
--

INSERT INTO `jadwal_seminar_ta_dua` (`id`, `encrypt_id`, `tanggal_seminar_ta_dua`, `jam_mulai_seminar_ta_dua`, `jam_selesai_seminar_ta_dua`, `id_lokasi`, `id_seminar`, `created_at`, `updated_at`) VALUES
(1, 'eyJpdiI6ImNZZHBaZ1c1WW1KQlA0QUF6VkdyU2c9PSIsInZhbHVlIjoieFk0VjZ0VnREdmJ4MFpTcUdKM080QT09IiwibWFjIjoiNzE5MjMyNWE3YjgxYWE1ZTE0MzZhYWQ1NjZmMjEyNzVkMTRmNDc1NTQyNzM2NjcyOTU1MzE4ZGVjNGJjYTdmMyIsInRhZyI6IiJ9', '2023-07-25', '10:57', '10:57', 4, 1, '2023-07-25 03:57:14', '2023-07-25 03:57:14'),
(3, 'eyJpdiI6Ilk1RkMwUTQ4R2Q1dElJVkxlSEVhcWc9PSIsInZhbHVlIjoiMytJbkpCMmppZUxNWVRvZlRPRE1Jdz09IiwibWFjIjoiOWM0ZDljNTY5YWYwODg3MWU3MDkyM2YyOWEwNTc4ZDY5NzYyZWQxN2QyMTE1ZjQ1OGJhOGQ5ZDFiM2I4ZTczZCIsInRhZyI6IiJ9', '2023-07-25', '10:58', '10:58', 4, 3, '2023-07-25 03:58:49', '2023-07-25 03:58:49'),
(4, 'eyJpdiI6InBHaTNTWTViSUF3bnZUS3R1YytLRGc9PSIsInZhbHVlIjoiL3J6Tnd3MGhzUzhEcDFDMmV2TmJPUT09IiwibWFjIjoiN2IxZDU0ZDQxYjI0YmEyZjg0ZWFmZmRlNTE5MjQ2OWNlYjFkZDNhMGIxMTE1ZWIxNGQ1Yjc3YjE1ZjMyNzY5NCIsInRhZyI6IiJ9', '2023-07-25', '11:04', '11:04', 5, 4, '2023-07-25 04:04:01', '2023-07-25 04:04:01'),
(5, 'eyJpdiI6IjdHN1NyUjRwdXRQSFBLQllpZFRvaEE9PSIsInZhbHVlIjoiMVJLOTlaS2V0THhtaFZhYk5zM3Fydz09IiwibWFjIjoiNDZmY2JlYTJiMzg2ZTliZDBmZDc5Y2JlMWFiYmQ3MTIyNTUzOTJjYTJmOTY3N2Q1MjRhYTMxYTY0NjJiMDY3NCIsInRhZyI6IiJ9', '2023-07-25', '11:04', '11:04', 2, 5, '2023-07-25 04:04:59', '2023-07-25 04:04:59'),
(7, 'eyJpdiI6IkhtRnNQK3hxVStPS1V3dkZKa2IrTUE9PSIsInZhbHVlIjoiSlNHaU9meC8wZUdpMUtTN2FRYXhMZz09IiwibWFjIjoiNTdkNTEzZmI5NjZjYTc4YWYwZWMxOGU3ZTdlNGQxMGZkYWZkM2MzYzU5YjU3NGZlOWUzNGMyNGRmYzJiYTgwYSIsInRhZyI6IiJ9', '2023-07-25', '11:07', '11:07', 3, 7, '2023-07-25 04:07:40', '2023-07-25 04:07:40'),
(8, 'eyJpdiI6IkJEaVVzbGMxeGY4amdVWnQ0eE1WaGc9PSIsInZhbHVlIjoiL2ZhZkNHNDZrMWY3amxlOTQ2eFRrQT09IiwibWFjIjoiNjBkYWQ5OTgyZjkxODQwODQ0MTlkMDBlMTBmYjc2ZDY3ZDU5NTBjYjJlM2JiNWY1MTMyODJlMWI2YzE4ZGVkNiIsInRhZyI6IiJ9', '2023-07-25', '11:09', '11:09', 3, 8, '2023-07-25 04:09:28', '2023-07-25 04:09:28'),
(9, 'eyJpdiI6ImJQSDZ0L3NBZERpZElLVUR4Y1BZTUE9PSIsInZhbHVlIjoiYjVzRzBWa2tBcjU1VkNVN3RjNUFkUT09IiwibWFjIjoiMTkzYjFhYzQwZjBiNmU5ODhhODA1OGUyMzIzNTY0ZWM5Yjk2NDdmZGU3ZGFhOTlmNjM5Y2EwOWFiOTAyMWMwMyIsInRhZyI6IiJ9', '2023-07-25', '11:09', '11:09', 1, 9, '2023-07-25 04:09:54', '2023-07-25 04:09:54'),
(10, 'eyJpdiI6IklUNWlLREdGdE9UWmh3NkZUNzVOSGc9PSIsInZhbHVlIjoiTG4yZU1WczI1VTZIUVVSNklqWlQ0QT09IiwibWFjIjoiOWRmMGMxNGIxMDdlOTBjMmQyYTZmNTUyMjk3OTVjMzljM2M1ZmIxM2QwMzViZjk1MWE3ZWNjYzEyYmI1NDQ1YSIsInRhZyI6IiJ9', '2023-07-25', '11:10', '11:10', 3, 10, '2023-07-25 04:10:34', '2023-07-25 04:10:34'),
(11, 'eyJpdiI6ImdqMWhxbHlFTTM4K2xRMVNkcmxkakE9PSIsInZhbHVlIjoidk1sNEU2cVZuY0hJWDlpQW1RTWhCQT09IiwibWFjIjoiYzg0ZDhmODNjNDdmMzI2ODVjY2EyODRiZTNhODM0OGFhZWFmNDU0ZDZhOTljZjU3MmJmZDJjMjdkYTQ0MmJlYSIsInRhZyI6IiJ9', '2023-07-25', '11:11', '11:11', 4, 11, '2023-07-25 04:11:59', '2023-07-25 04:11:59'),
(12, 'eyJpdiI6Im8xaXp3S1VpY1pxTm44NVBCc3RvS1E9PSIsInZhbHVlIjoiL25ja2prWE9vQ0s3RHZsSWZ6L1d4dz09IiwibWFjIjoiN2I0YmMyY2VjNGVlZTUwMTFiOGUyNjg5YzE1ZjY3OGMxNzQzYjI5ZDUzMzM4NWE3MGUzNWY0ZTkzOTI5YzYyOCIsInRhZyI6IiJ9', '2023-07-25', '11:15', '11:15', 3, 12, '2023-07-25 04:15:03', '2023-07-25 04:15:03'),
(13, 'eyJpdiI6Ik0waHB2VkdPa1B6aTBOL0V2NzAyalE9PSIsInZhbHVlIjoiVnhDNWRHNjZZbCtrcngzR1pKZ1ZEQT09IiwibWFjIjoiN2Q5NDQxOTRmMWY2YzFjM2Q4MjJlZTFmNmM0YjU5MTE5NDI3NDgyMzAxYWMxMjY4MjQwZWVkMmU3MTAzMWE3OCIsInRhZyI6IiJ9', '2023-07-25', '11:18', '11:18', 4, 13, '2023-07-25 04:18:29', '2023-07-25 04:18:29'),
(14, 'eyJpdiI6IlpGOHJDQUwyNXRYNEZWMU9DOHFTTnc9PSIsInZhbHVlIjoiRmhJaTM1c0YrdFdzMDJ6REc3eFpMUT09IiwibWFjIjoiMzBjMTJiMTRmMjgzNzUxMzBmNmFhYzQ5ZjQ3YmNjNzA1ZGQ3NjA5ZGNmNjQ1MDhjYzE3MDNlMWQxNWY5NjYwZSIsInRhZyI6IiJ9', '2023-07-25', '15:20', '15:20', 3, 14, '2023-07-25 08:20:58', '2023-07-25 08:20:58');

--
-- Dumping data for table `jadwal_seminar_ta_satu`
--

INSERT INTO `jadwal_seminar_ta_satu` (`id`, `encrypt_id`, `tanggal_seminar_ta_satu`, `jam_mulai_seminar_ta_satu`, `jam_selesai_seminar_ta_satu`, `id_lokasi`, `id_seminar`, `created_at`, `updated_at`) VALUES
(1, 'eyJpdiI6Im1vZmkvcFJVaW1sdno3eXJHdFBoZVE9PSIsInZhbHVlIjoiZWlnNE5TcjZHS3A2d3NqZUwrRkg0QT09IiwibWFjIjoiYjgzYTEyODA5NGJjZjg4NzkyZGJkNDg3Zjg3MGQ0MmIzMTNjYTI5MjNiNWFkNzg1NzBmMDc4MGY0OGJjZWFhNCIsInRhZyI6IiJ9', '2023-07-25', '10:33', '10:33', 4, 1, '2023-07-25 03:33:48', '2023-07-25 03:33:48'),
(2, 'eyJpdiI6IlRtcFVuSHgvODlIVUdOK1V0WVpZY1E9PSIsInZhbHVlIjoiNGNvYXNDL0hkWE9URVZrY1ZOTElGUT09IiwibWFjIjoiMjVkZjYxYzhiZDcyMGUwM2M4ZWMxMGFhMmM1NDU1OTEyNjA4M2E5ZDdhMDc5Yzg0YWRlMTNkYmYwMDNkNjQ4NiIsInRhZyI6IiJ9', '2023-07-25', '10:36', '10:36', 3, 2, '2023-07-25 03:36:36', '2023-07-25 03:36:36'),
(3, 'eyJpdiI6IkZRMlZiUXhudXhjZmZaRlk1bExaN0E9PSIsInZhbHVlIjoiQ0pHQitZRm1EeEZ4ZjRGVXRnY3lzQT09IiwibWFjIjoiYTk1NTNkN2U4MWZjY2E5OTgwZmY5OTBhOGFmNzM2Nzk5NjBkMjMyY2ZmZGM0M2EyNzgwNTY3NjA5ZTlhODUzMSIsInRhZyI6IiJ9', '2023-07-25', '10:36', '10:36', 5, 3, '2023-07-25 03:36:46', '2023-07-25 03:36:46'),
(4, 'eyJpdiI6Ijh6NlF0M1RuY1MyblFiV1pTa0V5ckE9PSIsInZhbHVlIjoiQVJJMU1pWi9oNk1uZmM2UHJ4V3Vmdz09IiwibWFjIjoiNTFkYmY5MjA0YzA2ZmEwOTQ3MDVhODYwYmNkZTQxY2I5YjdjMjk3MmJiYjNlNzhhMWY0ZGJjOWEyYmQwMGVlOCIsInRhZyI6IiJ9', '2023-07-25', '10:45', '10:45', 4, 4, '2023-07-25 03:45:14', '2023-07-25 03:45:14'),
(5, 'eyJpdiI6IlBQWHhWcVU5SmpBa0NyaHpKQWdTL1E9PSIsInZhbHVlIjoibTBzaTdPVlYzM1BXL1hmbE8xaERkUT09IiwibWFjIjoiZTVmYmQ5NzgzNzIwZTQ3MDRiM2UwYzZmMTIwYjE3NzljYmU2MzgyNGQ1MDkwNmY4Y2M4NjVmNTRlMmM2ODk1OCIsInRhZyI6IiJ9', '2023-07-25', '10:45', '10:45', 4, 5, '2023-07-25 03:45:42', '2023-07-25 03:45:42'),
(6, 'eyJpdiI6IkpaamJXd0E3Mm4zZkt0SDJ1OHM4bmc9PSIsInZhbHVlIjoiZGdGSitrNHpJejdBbVpHbmpyU1JUQT09IiwibWFjIjoiYWIyNTQ1MmNiM2VmYmUyNWI1N2YwYTI3MDgwNGU0ZmExNTQ2NTY3YmRiNzZiMjk3ZmQ4YzkxZmMxMWFmZmEyOSIsInRhZyI6IiJ9', '2023-07-25', '10:47', '10:47', 5, 6, '2023-07-25 03:47:48', '2023-07-25 03:47:48'),
(8, 'eyJpdiI6IjNIa1QxZlJHVEIvL0tsVGcvWUVrQXc9PSIsInZhbHVlIjoiVmR4aU1CK1ZOY29WK3JPZUtVTi80UT09IiwibWFjIjoiOTAzNTIxODhjZWVhNTQzY2MyZTkwZTMzODE2OGY3OTFlN2Q2MzBhNjMwN2NhYmU3NTczZTkyMGYxOWFlMTEzNiIsInRhZyI6IiJ9', '2023-07-25', '10:48', '10:48', 4, 8, '2023-07-25 03:48:09', '2023-07-25 03:48:09'),
(9, 'eyJpdiI6Ilg2MXJkVDNvKzl4NnNCM1M5ZCsrUnc9PSIsInZhbHVlIjoiM3IxTzZQS1NSNDBZMEozMTg4NkpEUT09IiwibWFjIjoiMzU5Mzg4ODE1YmUyNTExMWY4ZjkxNjE4ZTBjMTE2MzhhNjk0OGQ0NWEwOGYwOWY4NTYwMGJlY2FlZTMwNTQ5NyIsInRhZyI6IiJ9', '2023-07-25', '10:50', '10:50', 3, 9, '2023-07-25 03:50:23', '2023-07-25 03:50:23'),
(10, 'eyJpdiI6IjJxOWZYS1JROE5ndTE2bWFxN2JRZ1E9PSIsInZhbHVlIjoibUlTd2tCaG91Mll1djNtd05remhPQT09IiwibWFjIjoiZWNhMGI1ODhjZTAwNDIxNzNmYTNkMTkxMmQ2Njk1MDM5ZDg3NmZkZGI5MGM4YWI2YTczMjE3NGU5OTE3ZjNiMiIsInRhZyI6IiJ9', '2023-07-25', '10:50', '10:50', 4, 10, '2023-07-25 03:50:29', '2023-07-25 03:50:29'),
(11, 'eyJpdiI6Ii9NQlVCMWVkRXhIZm5JL2VpRHZYdWc9PSIsInZhbHVlIjoiMGNpN3NxYUI5VW9PTDRvdnRlckxJdz09IiwibWFjIjoiMWI5MGVkMWFhOWU4N2Q0Yzg5N2YwOTI5Y2I3Njg3MDQzZDFkOTZlZjVkZjViMGUyY2RiZmRjYzc3Y2U2YjhkNyIsInRhZyI6IiJ9', '2023-07-25', '10:51', '10:51', 1, 11, '2023-07-25 03:51:45', '2023-07-25 03:51:45'),
(12, 'eyJpdiI6IlhydlI1N2JrdWlQMlBmRG05QkdkTVE9PSIsInZhbHVlIjoiRjg2dlFweitpTlljeUhiWmtPNis2UT09IiwibWFjIjoiM2Q3MjQyODY1YzVjYTE2ODhkYTYxZjg3ZTQxMWNlZWM0ODUyZjM2NTI1MGU0OWFiZjdkM2M0MTY3MjE1ZDVlMyIsInRhZyI6IiJ9', '2023-07-25', '10:52', '10:52', 1, 12, '2023-07-25 03:52:07', '2023-07-25 03:52:07'),
(13, 'eyJpdiI6InNQVEVyOGVXN0o0eFFLOEowNFdWaVE9PSIsInZhbHVlIjoiaWN1cDR4UFFhSXV4WWp0UTFNNkJTUT09IiwibWFjIjoiODQ2MmVlOWQwNzMyMTNhYjc3ZTBlN2Y3OGEzYTBmOTZlMzRlNGZkZDI0N2YxNzgyZjYwZTdhMGVmMGYxYzJjOSIsInRhZyI6IiJ9', '2023-07-25', '10:52', '10:52', 5, 13, '2023-07-25 03:52:33', '2023-07-25 03:52:33'),
(14, 'eyJpdiI6InUycllOdTdMVmp1Tk0rSGIwU1R1Ync9PSIsInZhbHVlIjoiWVFaV2gwRmpBOSt6Ykp4cEZLcWdkUT09IiwibWFjIjoiZmFiZGI5MWY4MGNhYzBmNTM2ZDMwYWQzMmUzZjYyYzA3ZDgxZWI1MDZhZTY4OTIyNjhkMzU2YWRkNDk4NjNlYyIsInRhZyI6IiJ9', '2023-07-25', '10:53', '10:53', 3, 14, '2023-07-25 03:53:46', '2023-07-25 03:53:46'),
(15, 'eyJpdiI6ImtKS2tHcU1RMU5wamRVT3RWcTNyMnc9PSIsInZhbHVlIjoiVWt5dEVaRGpoWUpvSjEzaVhqQXZLUT09IiwibWFjIjoiOGUzNGZhODI4NWQ3YWY1MmYyNDNlNjc3YzcyMDRkNzQxOWNmZmNmM2VjMDgwOTgxNzY1MGNlOTFhM2JhZWZhYSIsInRhZyI6IiJ9', '2023-07-25', '10:54', '10:54', 2, 15, '2023-07-25 03:54:28', '2023-07-25 03:54:28'),
(16, 'eyJpdiI6ImF2MVQ2YkZRTUV0V2RYMjNuaUJyb2c9PSIsInZhbHVlIjoiTFFqSWFobXJmc0htTElFNmk1OHpmZz09IiwibWFjIjoiYzhkODEyMmI5YzAyMGRmZmVhYjEyYjg4MWQ2MDhkZjFhYzBmYmYyZWFhNDQzY2RhMmU3ZjM5ZmMyOGMyY2E1MyIsInRhZyI6IiJ9', '2023-07-25', '10:57', '10:57', 5, 16, '2023-07-25 03:57:42', '2023-07-25 03:57:42'),
(17, 'eyJpdiI6IjNrOVVoalk2VlZlRFhlKzV2aUE1RFE9PSIsInZhbHVlIjoidzRNak9peUtFNVltL1d1a0NVcjVwZz09IiwibWFjIjoiZGVhOWM1ZDNlNjg1NDdjMzIzNWNhM2ZhOThmY2E2NGE2ZTk5NTFhYmU1MDBmZDUzOTA0NTQ2YzliNjA0Y2UwNyIsInRhZyI6IiJ9', '2023-07-25', '10:58', '10:58', 4, 17, '2023-07-25 03:58:28', '2023-07-25 03:58:28'),
(18, 'eyJpdiI6InRaUWo0Tk03dVFwak11cEhkUUNwUUE9PSIsInZhbHVlIjoiWjgzdVJ5bjNFVktBakFVa05OdEFGZz09IiwibWFjIjoiOGY4N2IxMzEwM2U0M2ZkNjc2MmJhZGM3YzVjZmI4NjVlOWNlNmMxMDE2MmY1YWU2Y2ZmNjI0YjcxZDE2ZTRiZiIsInRhZyI6IiJ9', '2023-07-25', '10:58', '10:58', 2, 18, '2023-07-25 03:58:57', '2023-07-25 03:58:57'),
(19, 'eyJpdiI6IjhYTEs2M1FEWXJYMjFSSS94azZQK2c9PSIsInZhbHVlIjoiVStyVStVWEIxZitWUGJhS1lhWVZ0UT09IiwibWFjIjoiNDY3MjQ2MzU2OTExMzJhN2RkN2YwNWRiNDA4NDBjNWRlMDY1ZjQzYTAxN2M5ZjFlYmNkZjAzMTRkNTdjNjU2NCIsInRhZyI6IiJ9', '2023-07-25', '11:00', '11:00', 5, 19, '2023-07-25 04:00:11', '2023-07-25 04:00:11'),
(20, 'eyJpdiI6Ikt3bGVoZjJTWlpZdnIxU3doQmlOU1E9PSIsInZhbHVlIjoiaTc5ZjFvSUttTjlLK2MyUjZUK1FMUT09IiwibWFjIjoiZDE0MTczOGVhNzA1MGNjZDg5NzM4MDE5NzRmZTQ5ZmUwZDgxNTQ5N2JlNmM1Y2NkYmM0YWYxNDQzMGIwMmM3MiIsInRhZyI6IiJ9', '2023-07-25', '11:04', '11:04', 1, 20, '2023-07-25 04:04:14', '2023-07-25 04:04:14'),
(21, 'eyJpdiI6IkZnNlNYeHJJa3ZKVjNjcTFNZ21DWEE9PSIsInZhbHVlIjoieXZpeVA3NnVXVUViM1BtQno3Sk1IUT09IiwibWFjIjoiNDQ4MTc3ZDYyNWJiMDFmMjAzNDEwMjEwMDdjZmVhYzE2OTIzY2QwMjM5OGEyMTM5YjU5OGZmNTg4NmFkMmI0MSIsInRhZyI6IiJ9', '2023-07-25', '11:08', '11:08', 1, 21, '2023-07-25 04:08:17', '2023-07-25 04:08:17'),
(22, 'eyJpdiI6IkZQZW1Ba1NaN2VjM1ZLY2hhWXU4cWc9PSIsInZhbHVlIjoiRENFSUdMTTNNaCszYkRhNEVlMmtmUT09IiwibWFjIjoiMzRjY2I5MDM4NzdmMjUzYWQ4MmI0MDM3Zjk3MjI4NmFkNTFiNDMxYjdhYTZhYTk1YTZkZjM3OGVhMmVlYmVkOSIsInRhZyI6IiJ9', '2023-07-25', '11:09', '11:09', 1, 22, '2023-07-25 04:09:11', '2023-07-25 04:09:11'),
(23, 'eyJpdiI6Ik9vVkRRZ0lCNjZ4MEZoMStvMHhSSGc9PSIsInZhbHVlIjoiNGdyUHlETXlWMW1KaVkzSzlnTHVpZz09IiwibWFjIjoiNjE4YjljYjY4M2FlYWU4NmVjMDY2MDdlNjVkNjE2NGM5YTY2ZjFlZmY0YzRkYzBhNzYxOTE2ZWNjZTFkZDQwMyIsInRhZyI6IiJ9', '2023-07-25', '11:09', '11:09', 5, 23, '2023-07-25 04:09:14', '2023-07-25 04:09:14'),
(24, 'eyJpdiI6InNHdmVSVEJ4Z3NsY2VNRFpqL0ltbXc9PSIsInZhbHVlIjoiVElTQzJwdDcyazZrR3VVRk5xRk01dz09IiwibWFjIjoiYmEwMDcxYmVlZmZjNGY1YjM4NDY1NmVjYmI5MzJjYmU4MTI2NTJmNTYwYTRhZWQ5NDc4OGM1NmQzNTRhZmQ2YyIsInRhZyI6IiJ9', '2023-07-25', '11:09', '11:09', 1, 24, '2023-07-25 04:09:24', '2023-07-25 04:09:24'),
(25, 'eyJpdiI6ImZBdm5CcnUrS2ozcXpDV0xRTVZORWc9PSIsInZhbHVlIjoibWFReTdIQ2pZbVk0SlZDQTBVSDJMUT09IiwibWFjIjoiMmM2ZjZjYjZkNjIyZWM3NGVhODAxMWRkMDVhYTc0YmE2Y2M2Y2E5NWJjMWE5MzdjYmUzZmQzMmJkM2NmNjM3NyIsInRhZyI6IiJ9', '2023-07-25', '11:11', '11:11', 5, 25, '2023-07-25 04:11:46', '2023-07-25 04:11:46'),
(26, 'eyJpdiI6IlNBekgwbGhNSUw5WUd2L2FkR09RaGc9PSIsInZhbHVlIjoiaVlYZzVUcXorMGF6cEg0V1VsYTd1QT09IiwibWFjIjoiNGY2OTZiNjhhNTdhZDIzY2NiOGUwOTA3ZmU0ZDJmNzRkNGEwNzNlNzZkZGFkYTdkMDAzNDJlZTkwYzY0NzhiMyIsInRhZyI6IiJ9', '2023-07-25', '11:24', '11:24', 1, 26, '2023-07-25 04:24:06', '2023-07-25 04:24:06'),
(27, 'eyJpdiI6IkhCVnNQMEgvR3ZnaWJzQXk3dG5yYnc9PSIsInZhbHVlIjoiME55SVE5MkdRKytueFF6R3JYZVY3UT09IiwibWFjIjoiNTk2Nzc0OWUzMzYzN2Y0NjAwNWQ0MjljMTM1NWU3ZDQ2NzNiMjkwODk4N2ExNDJjMDM1Y2FhZGFjMGY5Yjg4ZCIsInRhZyI6IiJ9', '2023-07-25', '12:32', '12:32', 1, 27, '2023-07-25 05:32:04', '2023-07-25 05:32:04'),
(28, 'eyJpdiI6InpUck01aThSMDhWUXU1Y0lZaEFsckE9PSIsInZhbHVlIjoiRTJRYkJwaWErVUN2WkJObEE4MUhpUT09IiwibWFjIjoiZWE5ODA1YmUzMzQ5ZGM4MDNlNjRjMjk0ZWVhZGJhYzJjM2I4Zjc1ZDIxMThiMDU3MDk0NTJmODUyMzNhN2E3OCIsInRhZyI6IiJ9', '2023-07-25', '16:30', '16:30', 5, 28, '2023-07-25 09:30:44', '2023-07-25 09:30:44'),
(29, 'eyJpdiI6IkxQcjB4VWJPWXFCQ29YTW94R1VvUEE9PSIsInZhbHVlIjoiNWpMMjkvT2plTTNPUStBTmEvMWFpdz09IiwibWFjIjoiNGUyYTI1M2Y0OGM3NWE1NzA3YjE1NTI1NDc1NGQ0Njk0ZTg1OTllYWQzMDQwZmRhZGIxYzRjMzc5MDkwNmYxMiIsInRhZyI6IiJ9', '2023-07-25', '23:14', '23:14', 1, 29, '2023-07-25 16:14:19', '2023-07-25 16:14:19'),
(30, 'eyJpdiI6InFrSnhCYWF1UkwycU9MYkpzSlFBVHc9PSIsInZhbHVlIjoiLzA3cys0UkJ1cHpxUkFUMXg0WUg0UT09IiwibWFjIjoiMWNhYzIzMjZlNzY1M2E5ZTM5MmNkNmU3MzFiNDcxOGEyNTc1MTZkNTY1NzBkODJhZjlmZTUwMjA3MmViMzAwNiIsInRhZyI6IiJ9', '2023-07-26', '09:08', '09:08', 5, 30, '2023-07-26 02:08:30', '2023-07-26 02:08:30');

--
-- Dumping data for table `jadwal_skp`
--

INSERT INTO `jadwal_skp` (`id`, `encrypt_id`, `tanggal_skp`, `jam_mulai_skp`, `jam_selesai_skp`, `id_lokasi`, `id_skp`, `created_at`, `updated_at`) VALUES
(1, 'eyJpdiI6IjIwWG1wRE5KK3Z1OU5mLzBlTFg4WlE9PSIsInZhbHVlIjoiWXJQb1pYaG1wa25yeklqOEp5UkFlZz09IiwibWFjIjoiNWNlMzYxZjc2OTdiZDRhZWI3YzQwMmY0MGVhZjY1MTgzMmFkYmQyMzc5NGQ4YjhmZWU1OTllNzBjMWJiMDFjNiIsInRhZyI6IiJ9', '2023-07-25', '10:26', '10:26', 4, 1, '2023-07-25 03:26:05', '2023-07-25 03:26:05'),
(2, 'eyJpdiI6IkF5NzNsWUZKcWpXRld4RTUvQjBEYnc9PSIsInZhbHVlIjoiczhha1daK1NHREh6dStkNjcveDJjQT09IiwibWFjIjoiYjU1MjM4MmM5MjJhNzAzYzQ3ZDU2N2E2ZTAwMmY2OTI5NGRkZGEzNmRlNTdjMzIzZDkxOTYyMzcyYWZiOTE5NyIsInRhZyI6IiJ9', '2023-07-25', '10:30', '10:30', 3, 2, '2023-07-25 03:30:21', '2023-07-25 03:30:21'),
(3, 'eyJpdiI6IjV5NHVITnIyOTBIM3p6eFZJTFUwckE9PSIsInZhbHVlIjoibXRqK2NXRkVvR2ZoVFRQR2hPa0JtQT09IiwibWFjIjoiMDhjM2E0MTQ2MGQ4ZTVlZDg1OTRmYjA5MmVlZWVhNTc5YTQxY2Q3MjMzNTNjNDY4MTNjMjI4YzdkY2JiN2I4ZCIsInRhZyI6IiJ9', '2023-07-25', '10:34', '10:34', 2, 3, '2023-07-25 03:34:09', '2023-07-25 03:34:10'),
(4, 'eyJpdiI6IkFvcUFhMmdsdm01eWFzQ1BnRTF3Ymc9PSIsInZhbHVlIjoiaFJSZWdFMXQvN0IwWG9NZFVIQTdZZz09IiwibWFjIjoiNDRlMjU1OTE1NDNmNDdlMjM0MzE4ZWZkYzYwMTk1MTVlNWVlY2ZkYjFjNWRhMWNkMDM5YThmYzJlMmM2Y2JiMCIsInRhZyI6IiJ9', '2023-07-25', '10:34', '10:34', 5, 4, '2023-07-25 03:34:13', '2023-07-25 03:34:13'),
(5, 'eyJpdiI6ImVON3p2UVJ5RjczU2ZNejRYeWtIalE9PSIsInZhbHVlIjoieENKQmc5UDhScS9CRlhzU29rbnVrUT09IiwibWFjIjoiODE2NTZmYmJhNzVkZjczMzYzNjdiOWQxOWY4ZTJhZTU2NjIwZTAwNDhiOWRhODRhMDNiZDUzNTJhNzdhYmVhOSIsInRhZyI6IiJ9', '2023-07-25', '10:34', '10:34', 2, 5, '2023-07-25 03:34:24', '2023-07-25 03:34:24'),
(6, 'eyJpdiI6Im5YTUd0K0lzZ2QyNkN4ZVVSWVJzblE9PSIsInZhbHVlIjoiMDA5ZGlHdEdRcmlnQ0xRaTFYQ2Jidz09IiwibWFjIjoiOWIyOGE1YWEwMzAwZmQwMzkzYWU1ZDk5YmJhZWZjZGQ0NDYxMzFmYzhkZTZiYmJlNmVhNzZlZmM1YzUzYzBlMCIsInRhZyI6IiJ9', '2023-07-25', '10:35', '10:35', 3, 6, '2023-07-25 03:35:39', '2023-07-25 03:35:39'),
(7, 'eyJpdiI6IkIyV2xlT09NNHYrcE9GdUtmYXRBV2c9PSIsInZhbHVlIjoick1tbFNQK3ZvS0pHUG9ZcGJQcEZUZz09IiwibWFjIjoiOWQzNGE1MjNhNmEyMDUzNmE1ZmIxZDA0NWJiNzlmOWY4ZDcwYzRmZmQ1MTBmYWM1YzQ4NWMyMjdiOGZhMWJlYSIsInRhZyI6IiJ9', '2023-07-25', '10:36', '10:36', 3, 7, '2023-07-25 03:36:34', '2023-07-25 03:36:34'),
(8, 'eyJpdiI6ImN6R3lQYzZVc2FIeGVDc21IaEx4akE9PSIsInZhbHVlIjoiUzlqaFZwSk1vbEdCMFZxMDV1Rm5MQT09IiwibWFjIjoiY2ZlNDdkOWNkMzVkNWM1OTViNDQxODI0NWI1NzNlMWRhMzAyZTQ3MzI4YjE3ODE3ZjI1MDVmODBiMzZjMDZlZSIsInRhZyI6IiJ9', '2023-07-25', '10:36', '10:36', 5, 8, '2023-07-25 03:36:35', '2023-07-25 03:36:35'),
(9, 'eyJpdiI6IkIvMmQxOXdoN3FWRHc0cEMrc2tEamc9PSIsInZhbHVlIjoiSno3b2FZZWtzemR6VXVlaVR2eTQ2QT09IiwibWFjIjoiMWUzMWRkN2M5OGY3OWVhNWQzOTU5NmZhNzBhOTlkNzVhMDQ5ODVhNmI3NWMxZjg5MGViODI0ODU4ZTdkZDMyMSIsInRhZyI6IiJ9', '2023-07-25', '10:37', '10:37', 2, 9, '2023-07-25 03:37:27', '2023-07-25 03:37:27'),
(10, 'eyJpdiI6IlF4SjhCVGs3WlpPSngvc1FYdGQ5TlE9PSIsInZhbHVlIjoiUThWVDhnSjNGOTRQYzhYM3BRcU9DQT09IiwibWFjIjoiOTkxN2VkNjc0MGMzZDNlMWQ3YWU1OWEyNmU1ZWYyZjcwMTIyMDc2N2ZhOWRjNTFkNDQ0ZmVjNjMzMjA3M2E5ZiIsInRhZyI6IiJ9', '2023-07-25', '10:38', '10:38', 3, 10, '2023-07-25 03:38:56', '2023-07-25 03:38:56'),
(11, 'eyJpdiI6Ijd1cUpaVlZCdTNnVGprYzR5UGhZclE9PSIsInZhbHVlIjoiUk9RYzV1NFlsL3NjbjJxdmNIRFVMUT09IiwibWFjIjoiNzJiNzNlNmViN2NmZjBlYmVhNzUwZTdhZWZjODBjODRmODhhOTgzN2Q2NTg4MTM2YTZkYTdiZDI5MzFjZTcxNSIsInRhZyI6IiJ9', '2023-07-25', '10:39', '10:39', 1, 11, '2023-07-25 03:39:09', '2023-07-25 03:39:09'),
(12, 'eyJpdiI6IjB3Y1JlSGhpVVIzeVEwWWQxc21xYnc9PSIsInZhbHVlIjoiUngyZnV2SzlrSzJPVk1LY1dBQjJSdz09IiwibWFjIjoiZjc3OTgzZTFlZDhiYmYwMTIxOGZhN2Q5Njg0MjhlMWVkYzZjMzZkMTE2NDdkYzI3OTZjZjFiNWNjMzBjNmY0NSIsInRhZyI6IiJ9', '2023-07-25', '10:40', '10:40', 1, 12, '2023-07-25 03:40:57', '2023-07-25 03:40:57'),
(13, 'eyJpdiI6IllYRVQydXBJbm1EUnhGRGdHQ25wOXc9PSIsInZhbHVlIjoiNTFMWTFXaXY1bzZMaE5hUWZwREpTdz09IiwibWFjIjoiN2Q1ZTk3MjE0M2YzYTVkZGNiZDI0ZmExMWM0OTkwYTdlYmYzZWFmOGY3MTdlY2U3ZTk2YWY1ZWI2OTk3MTdmOCIsInRhZyI6IiJ9', '2023-07-25', '10:42', '10:42', 5, 13, '2023-07-25 03:42:12', '2023-07-25 03:42:12'),
(14, 'eyJpdiI6Ilh3R0gwc2txeStlbXh6enBMMmdja3c9PSIsInZhbHVlIjoiMlI5ZFZnT2Nyb3plWERDUmFVRXhhUT09IiwibWFjIjoiNDAyYTg4Mzc4YTdlMjA1MzkzZDgzNGE4ZjY3NTk3YWFiZjUxODcxMzUzNGNlNTBkOTJmZTQ0MTFlNTg3OWVjZCIsInRhZyI6IiJ9', '2023-07-25', '10:42', '10:42', 2, 14, '2023-07-25 03:42:45', '2023-07-25 03:42:45'),
(15, 'eyJpdiI6IjdJNnJyUEFMNHBQVVJYNUYrMFZnT3c9PSIsInZhbHVlIjoiYUd0UFA1RFJuU0JrWmlGNnBZeW9RUT09IiwibWFjIjoiYjgzMjcyYmEzOWY2MmNhYTdlOTRjMjhlNDhjMWZhYzA1MjM5OTM5ZDM5ODI0MjAwYmY5ZTkxMzQ0M2NmNGM0NyIsInRhZyI6IiJ9', '2023-07-25', '10:45', '10:45', 2, 15, '2023-07-25 03:45:42', '2023-07-25 03:45:42'),
(16, 'eyJpdiI6Im1rZ0kwSm96QTh2VWkvTzFmbFc2SWc9PSIsInZhbHVlIjoiMGtBUFVHU0I2NnhMazZOM0hWUEx0QT09IiwibWFjIjoiM2UyZDIwMThkNjNlMTExMzNjZWEwNjhlZWM2NTI1MWJhNWMwMTE4MGNjNGZiN2U3ZmVhYjkxYjliM2QzZDVlZiIsInRhZyI6IiJ9', '2023-07-25', '10:46', '10:46', 1, 16, '2023-07-25 03:46:03', '2023-07-25 03:46:03'),
(17, 'eyJpdiI6IjVTczd1cEdEY3dPdmU5dExmckM4dHc9PSIsInZhbHVlIjoiSXZwUGE5d0s4U3JBTmVmd2xOazh4dz09IiwibWFjIjoiM2RjNGY3NDMyMWY5YTMzYTRlYTM2ZTYwNmVmY2NjOWJjMTg4NWI1YWVmZDVhZDNkM2M2NDEyNDkwZGIxYzA2MSIsInRhZyI6IiJ9', '2023-07-25', '10:46', '10:46', 4, 17, '2023-07-25 03:46:25', '2023-07-25 03:46:25'),
(18, 'eyJpdiI6ImJybGVIa000aFFzczhpeHRUSnJGYmc9PSIsInZhbHVlIjoidllWNjFqUjlwMk9YZXY1RHExWkxwUT09IiwibWFjIjoiOThkNWNmMjVjMmI1NmIxZTI2NzM2MDRhYjI2MjJjMTAwN2I2NTBmZDE2ZjlmZTJkMmVmYWMyMjUwYmYyOGFjNiIsInRhZyI6IiJ9', '2023-07-25', '10:46', '10:46', 1, 18, '2023-07-25 03:46:30', '2023-07-25 03:46:30'),
(19, 'eyJpdiI6Im9iSndNUlQwZG5hUStMR3ljZWhnOGc9PSIsInZhbHVlIjoibGtOc0Q5S2syVkZDa0dIN09Gb20vdz09IiwibWFjIjoiOTYyYjEyNTZmMDliMWYwN2Y0OWVlNmFjNzgzYzc2ODczM2IxOGU5ZDYzN2M3NTI3Nzg1ZDU4NGNhODZjMmU1OCIsInRhZyI6IiJ9', '2023-07-25', '10:46', '10:46', 5, 19, '2023-07-25 03:46:51', '2023-07-25 03:46:51'),
(20, 'eyJpdiI6IlE0ai9hUWx0d2FublgxTUJISy8wZlE9PSIsInZhbHVlIjoiNkFPS2c4YWgvLzg0dVBuZ2lpbEhQdz09IiwibWFjIjoiMTg2Yzg1NDZlNjU2ZGVlNGE0ZTA3MWE0MmE4Mjk2Mzk0ZGQ0ODM1ODUxZDRhMmU2NjFhNzQxZDJhZDk3NDIwOCIsInRhZyI6IiJ9', '2023-07-25', '10:49', '10:49', 4, 20, '2023-07-25 03:49:03', '2023-07-25 03:49:03'),
(21, 'eyJpdiI6IkFtOTU1eUIvQTNITml5TXVuaVl6K1E9PSIsInZhbHVlIjoiRXc3UUpnNnRyYXVxemF0dnB1V2o0dz09IiwibWFjIjoiZDdjODRjZmJhZTkzYTVjNDE1YjIxNjA5MGE3NzE1YmE3ZDI4NzA5YWQzMWY5Nzc5YzE5Mzg3NjhkMTgyMDZlMCIsInRhZyI6IiJ9', '2023-07-25', '10:52', '10:52', 4, 21, '2023-07-25 03:52:41', '2023-07-25 03:52:41'),
(22, 'eyJpdiI6IjFSMnBzZ2NSWTFxeUR1V09TSC9NcUE9PSIsInZhbHVlIjoiVTZBRWpmRWZzcjJqMjI4WThOL3VpQT09IiwibWFjIjoiYzlhYTZlYjczYjExODFkMjcwY2QxYWM1OWYxMDQzZGI2NTE5MTE2ZThlZmJkODFiNzMxZGVkYTUxNTk1YmI2YSIsInRhZyI6IiJ9', '2023-07-25', '10:52', '10:52', 3, 22, '2023-07-25 03:52:42', '2023-07-25 03:52:42'),
(23, 'eyJpdiI6ImgxMmw4NG5PTGpORWZuQWo5eHdZRkE9PSIsInZhbHVlIjoiNjZidmpjWXlDbFV4R0lhRlBKOFdvQT09IiwibWFjIjoiOWEzYWU2ZjMwMmY5MGM1ZjA3YTU1N2U2NGYzNWNlNWE4ZjU1MGMxMzA0NzU1MDg0YzZkZWI1NDU1ZWMwZjBmOCIsInRhZyI6IiJ9', '2023-07-25', '10:53', '10:53', 3, 23, '2023-07-25 03:53:06', '2023-07-25 03:53:06'),
(24, 'eyJpdiI6ImxLcmNlTWliYThrTTZBNUJSZUpjenc9PSIsInZhbHVlIjoiN2RnWlJ6ZkxmTjhLMVBEVEdjL0doZz09IiwibWFjIjoiY2E5YmZkYmVmYjU2MDE4ZmVkY2Q3YWJkOTM0NWYyZWUwNGZiZjE2NmMyMjNiZDY4MDRmMDUyYmRiMGY4NWYwYSIsInRhZyI6IiJ9', '2023-07-25', '10:53', '10:53', 1, 24, '2023-07-25 03:53:53', '2023-07-25 03:53:53'),
(25, 'eyJpdiI6Ind4YUt3SVV2eTJGNHQ0d1puL0h0SWc9PSIsInZhbHVlIjoiRUZ3eGdmMCtwR0s1N3dZTDVsL0IxUT09IiwibWFjIjoiMTY3NjNjNzdlYmQxMGVhYmM1NmM0ZGE1NTA4OWFmOGNjZTE3NDE2OWI2M2Q1MTI2ZDRhMDZkMzZhYmUwZjI3ZCIsInRhZyI6IiJ9', '2023-07-25', '10:54', '10:54', 1, 25, '2023-07-25 03:54:29', '2023-07-25 03:54:29'),
(26, 'eyJpdiI6ImMvV25ENms3S1ZUUDRXNlR2NkZPOWc9PSIsInZhbHVlIjoibEs5aXJUVVJ4YnZhSDJzQWNOQWpMQT09IiwibWFjIjoiYzYzNjZkYTYyMzMyZDhhMTJkMTFkN2M2YTc1MGY5NDg0MDVjNmMxZmQ1Zjk1MmI3OTgwNGVlZWMyOTRkZWRhMiIsInRhZyI6IiJ9', '2023-07-25', '10:54', '10:54', 5, 26, '2023-07-25 03:54:34', '2023-07-25 03:54:34'),
(27, 'eyJpdiI6Iit0YlI4RFpHenYwU0UzWENGM0llSnc9PSIsInZhbHVlIjoiN3dMemp4ZXpLZE15TWZvVUhqZ1ZTQT09IiwibWFjIjoiMGRhMzg0OTFhYThhYmU2MTg5NWFjOWE4Y2M2NmYwNmUxYjQxOGY1MDEyMWY4MWE4YTBmODhhZTc0Y2FhZGM1YyIsInRhZyI6IiJ9', '2023-07-25', '10:57', '10:57', 5, 27, '2023-07-25 03:57:18', '2023-07-25 03:57:18'),
(28, 'eyJpdiI6Ikd1eC9VMDAwbElVL3hnTmkvQ3lETXc9PSIsInZhbHVlIjoibUlKVUNMVXFUOTBhRnBoZis4Z3hNQT09IiwibWFjIjoiYzNmOGZlZTcyNDQ2ZjAyYjk4ZjU4YzBjYzRmOTA0ZTNjMWRlNmRiZWZlNTU5NDk2MWIxOTViN2VlNjkzNmU4MyIsInRhZyI6IiJ9', '2023-07-25', '10:58', '10:58', 5, 28, '2023-07-25 03:58:41', '2023-07-25 03:58:42'),
(29, 'eyJpdiI6IjFyMzRqdHpuL3dDYklkRDNHcXRlZUE9PSIsInZhbHVlIjoiMFM1alBNeFRTZ2RMb2sreVd4eTk4UT09IiwibWFjIjoiNzYxM2ZjNGYyNWVkMWI4NjNiYWIxZTczY2Y3OWI1MzY1MzIzZGFkYWY1M2NmNmQ5MzhlZTk2MDRiNDZjNzFlYyIsInRhZyI6IiJ9', '2023-07-25', '10:59', '10:59', 4, 29, '2023-07-25 03:59:23', '2023-07-25 03:59:23'),
(30, 'eyJpdiI6Ik5Od1JOeXc1YVdOUHVFQVpmRmcvSmc9PSIsInZhbHVlIjoiV1pDUlVBMDJnVng3MmNmajhlWUJkZz09IiwibWFjIjoiNjJmMTk1NGQ5OTk4NWY3NWI3YmU3MjFhMmZjNmZmZjc3YmVmOWYxYWIwNWEyNjUyODA4ZDU2OTkwYmQ5NjRiNiIsInRhZyI6IiJ9', '2023-07-25', '11:04', '11:04', 4, 30, '2023-07-25 04:04:55', '2023-07-25 04:04:55'),
(31, 'eyJpdiI6InVSMmJlbk9LYVh6Sk5ReE9IeHpKdXc9PSIsInZhbHVlIjoiRWp6T0E4VTIwSUhOQTcwbzN2SzdhQT09IiwibWFjIjoiNjBjM2M5NTA5YzYxNTljYmUxOGQ4Zjk4NjI5ZjU5OTIwODBlNjhlYzdmMzAyYTk2NjA2Mjc1YmVhMGMwYzBhNyIsInRhZyI6IiJ9', '2023-07-25', '11:07', '11:07', 4, 31, '2023-07-25 04:07:21', '2023-07-25 04:07:21'),
(32, 'eyJpdiI6ImdPMVFGVlBycS9CQ3dPQlpLVm40R0E9PSIsInZhbHVlIjoiWC9Bd2gvV0FGemRLT01pcTZBRGRMZz09IiwibWFjIjoiODU1ZjgwODAwZTRjZWJmNGZiMTAyOTAwOTk5N2E5MDAzYTY4YWVkYzVhYTZiOTk2ZjNmYjg4YTBlMTkzNWM3NyIsInRhZyI6IiJ9', '2023-07-25', '11:12', '11:12', 3, 32, '2023-07-25 04:12:44', '2023-07-25 04:12:44'),
(33, 'eyJpdiI6ImlIcjV3S3JZY1NCL254TWtNZmhqbGc9PSIsInZhbHVlIjoicGlVbXpOU3FTdVJSVWFsMnBqL0ozdz09IiwibWFjIjoiMjFmM2M2ZDRiZGIxN2MzYjA1N2U5NDFkMzMzZTZmYjFjMzdjNjZlNWMxYzhjNGUwNTgzMjUyMDNmMmFmNzRhNiIsInRhZyI6IiJ9', '2023-07-25', '11:15', '11:15', 1, 33, '2023-07-25 04:15:04', '2023-07-25 04:15:04'),
(34, 'eyJpdiI6IjBBNmdpaHQ2MURrQnhiUlVhVW03Snc9PSIsInZhbHVlIjoiVTl0SVZ4TjdjdmFmVXliYWhTYWw2QT09IiwibWFjIjoiMThhZWE1YTVjZjc2MDViYzFhNGU1YjNiYmUwMTJiZDkwNmQ3OThkMWRhMTlhNjk1ODA4NzRhNjkzMGQyZjBlMyIsInRhZyI6IiJ9', '2023-07-25', '16:03', '16:03', 2, 34, '2023-07-25 09:03:56', '2023-07-25 09:03:56'),
(35, 'eyJpdiI6ImdBUGozWFVqSWNVWTdIeFQ0YXo5bXc9PSIsInZhbHVlIjoiYmo5VU5BL2lGSWs1ejV1aVZHSkhpQT09IiwibWFjIjoiYjVlYTAxM2Y3NmIwYmNmNmM5YjNjYzZjNzViNjMyN2U4ZWU1N2Y4ZmNhZDI2ZDBhNjAyMDdhMWViNjE1MWU4NyIsInRhZyI6IiJ9', '2023-07-25', '21:40', '21:40', 5, 35, '2023-07-25 14:40:54', '2023-07-25 14:40:54'),
(36, 'eyJpdiI6IlduYjk4QnBXbDRkQ25RTGJ4L25jVmc9PSIsInZhbHVlIjoicytJU0NiT2lCSnN2Wjlad2tSYlFEQT09IiwibWFjIjoiMTVmZGJmYTIzY2FhMTQzYWQzM2JlYTZkYzA1ODlkMjhkZmM4NzA0ZTdjNDI1ZjM1NDcwODY2YTFhM2JmMDQ2NSIsInRhZyI6IiJ9', '2023-07-26', '09:00', '09:00', 3, 36, '2023-07-26 02:00:59', '2023-07-26 02:00:59'),
(37, 'eyJpdiI6InpGeXBkM2c2dnhocm1LR0hzZC9XTEE9PSIsInZhbHVlIjoiYUhMMG9uaWpheDBxRDJheDF2UzdiQT09IiwibWFjIjoiMzRkYzhhZmU4MmM5YzhiMTkyMjY3ZmE5ZTc1N2M0MzRlYzlhYzFkNjk4ZGRkNDhhNzg3YzIzNTM1MDJkM2IzYyIsInRhZyI6IiJ9', '2023-07-27', '09:47', '09:47', 1, 37, '2023-07-27 02:47:22', '2023-07-27 02:47:22');
INSERT INTO `aktivitas_alumni` (`id`, `encrypted_id`, `tempat`, `alamat`, `jabatan`, `tahun_masuk`, `hubungan`, `gaji`, `status`, `mahasiswa_id`, `created_at`, `updated_at`) VALUES
(1, 'eyJpdiI6Ik5hYjVUcUNqZXFIeUlPRmdjRGZWNXc9PSIsInZhbHVlIjoid05saDJLdzF6OEFyTlNoMjR2NXpFdz09IiwibWFjIjoiZDJiODJhMGU0NTFmODI2MzdiODgxNDFjYzE0Y2VjYzgxMTgzN2ZmNjc2YmRhZTU5NGEzMzMzZDNmOWRjM2E2ZiIsInRhZyI6IiJ9', 'Pt Sendiri', 'lampung', 'karyawan', '2023-07-26', 'Cukup Erat', 1000, 'Kerja', 1, '2023-07-25 04:18:15', '2023-07-25 04:18:15');

--
-- Dumping data for table `anggota_litabmas_dosen`
--

INSERT INTO `anggota_litabmas_dosen` (`id`, `Posisi`, `dosen_id`, `litabmas_id`, `created_at`, `updated_at`) VALUES
(11, 'Ketua', 14, 3, '2023-07-25 10:58:58', '2023-07-25 10:58:58'),
(12, 'Ketua', 14, 4, '2023-07-25 11:00:23', '2023-07-25 11:00:23'),
(13, 'Anggota', 9, 4, '2023-07-25 11:00:23', '2023-07-25 11:00:23'),
(14, 'Anggota', 27, 4, '2023-07-25 11:00:23', '2023-07-25 11:00:23'),
(15, 'Ketua', 14, 5, '2023-07-25 11:02:29', '2023-07-25 11:02:29'),
(16, 'Ketua', 14, 6, '2023-07-26 02:18:58', '2023-07-26 02:18:58'),
(17, 'Ketua', 14, 7, '2023-07-26 02:20:55', '2023-07-26 02:20:55'),
(18, 'Anggota', 27, 7, '2023-07-26 02:20:55', '2023-07-26 02:20:55'),
(19, 'Ketua', 14, 8, '2023-07-26 02:23:13', '2023-07-26 02:23:13'),
(20, 'Anggota', 4, 8, '2023-07-26 02:23:13', '2023-07-26 02:23:13'),
(21, 'Anggota', 9, 8, '2023-07-26 02:23:13', '2023-07-26 02:23:13'),
(22, 'Anggota', 27, 8, '2023-07-26 02:23:13', '2023-07-26 02:23:13'),
(23, 'Ketua', 14, 9, '2023-07-26 02:25:16', '2023-07-26 02:25:16'),
(24, 'Anggota', 27, 9, '2023-07-26 02:25:16', '2023-07-26 02:25:16'),
(25, 'Ketua', 14, 10, '2023-07-26 02:34:30', '2023-07-26 02:34:30'),
(26, 'Anggota', 29, 10, '2023-07-26 02:34:30', '2023-07-26 02:34:30'),
(27, 'Ketua', 14, 11, '2023-07-26 02:37:21', '2023-07-26 02:37:21'),
(28, 'Anggota', 27, 11, '2023-07-26 02:37:21', '2023-07-26 02:37:21'),
(29, 'Ketua', 14, 12, '2023-07-26 02:41:56', '2023-07-26 02:41:56'),
(30, 'Anggota', 27, 12, '2023-07-26 02:41:56', '2023-07-26 02:41:56'),
(31, 'Ketua', 14, 13, '2023-07-26 02:44:16', '2023-07-26 02:44:16'),
(32, 'Anggota', 27, 13, '2023-07-26 02:44:16', '2023-07-26 02:44:16'),
(33, 'Anggota', 29, 13, '2023-07-26 02:44:16', '2023-07-26 02:44:16'),
(34, 'Ketua', 14, 14, '2023-07-26 02:45:46', '2023-07-26 02:45:46'),
(35, 'Anggota', 27, 14, '2023-07-26 02:45:46', '2023-07-26 02:45:46'),
(36, 'Ketua', 14, 15, '2023-07-26 02:48:15', '2023-07-26 02:48:15'),
(37, 'Anggota', 27, 15, '2023-07-26 02:48:15', '2023-07-26 02:48:15'),
(38, 'Ketua', 14, 16, '2023-07-26 02:50:30', '2023-07-26 02:50:30'),
(39, 'Anggota', 27, 16, '2023-07-26 02:50:30', '2023-07-26 02:50:30'),
(40, 'Ketua', 14, 17, '2023-07-26 02:52:30', '2023-07-26 02:52:30'),
(41, 'Ketua', 14, 18, '2023-07-26 02:54:29', '2023-07-26 02:54:29'),
(42, 'Anggota', 27, 18, '2023-07-26 02:54:29', '2023-07-26 02:54:29'),
(43, 'Ketua', 14, 19, '2023-07-26 02:56:06', '2023-07-26 02:56:06'),
(44, 'Anggota', 27, 19, '2023-07-26 02:56:06', '2023-07-26 02:56:06'),
(45, 'Ketua', 14, 20, '2023-07-26 02:57:00', '2023-07-26 02:57:00'),
(46, 'Anggota', 29, 20, '2023-07-26 02:57:00', '2023-07-26 02:57:00'),
(47, 'Ketua', 14, 21, '2023-07-26 03:00:26', '2023-07-26 03:00:26'),
(48, 'Anggota', 4, 21, '2023-07-26 03:00:26', '2023-07-26 03:00:26'),
(49, 'Anggota', 5, 21, '2023-07-26 03:00:26', '2023-07-26 03:00:26'),
(50, 'Ketua', 27, 22, '2023-07-26 03:33:07', '2023-07-26 03:33:07'),
(51, 'Anggota', 2, 22, '2023-07-26 03:33:07', '2023-07-26 03:33:07'),
(52, 'Ketua', 21, 23, '2023-07-27 04:05:37', '2023-07-27 04:05:37'),
(55, 'Anggota', 3, 23, '2023-07-27 04:10:10', '2023-07-27 04:10:10'),
(56, 'Ketua', 21, 24, '2023-07-27 04:28:09', '2023-07-27 04:28:09'),
(57, 'Ketua', 1, 25, '2023-07-28 13:26:34', '2023-07-28 13:26:34'),
(58, 'Anggota', 2, 25, '2023-07-28 13:26:34', '2023-07-28 13:26:34');

--
-- Dumping data for table `anggota_publikasi`
--

INSERT INTO `anggota_publikasi` (`id`, `posisi`, `id_dosen`, `id_publikasi`, `created_at`, `updated_at`) VALUES
(4, 'Ketua', 26, 2, '2023-07-26 02:39:01', '2023-07-26 02:39:01'),
(6, 'Ketua', 26, 3, '2023-07-26 02:47:07', '2023-07-26 02:47:07'),
(7, 'Ketua', 26, 4, '2023-07-26 02:53:27', '2023-07-26 02:53:27'),
(8, 'Anggota', 16, 2, '2023-07-26 02:56:02', '2023-07-26 02:56:02'),
(9, 'Ketua', 14, 5, '2023-07-26 03:06:00', '2023-07-26 03:06:00'),
(10, 'Anggota', 16, 5, '2023-07-26 03:06:00', '2023-07-26 03:06:00'),
(11, 'Anggota', 27, 5, '2023-07-26 03:06:00', '2023-07-26 03:06:00'),
(12, 'Ketua', 26, 6, '2023-07-26 03:14:33', '2023-07-26 03:14:33'),
(13, 'Ketua', 26, 7, '2023-07-26 03:17:26', '2023-07-26 03:17:26'),
(14, 'Ketua', 26, 8, '2023-07-26 03:25:55', '2023-07-26 03:25:55'),
(15, 'Ketua', 26, 9, '2023-07-26 03:29:14', '2023-07-26 03:29:14'),
(16, 'Ketua', 26, 10, '2023-07-26 03:32:05', '2023-07-26 03:32:05'),
(17, 'Ketua', 14, 11, '2023-07-26 03:32:52', '2023-07-26 03:32:52'),
(18, 'Anggota', 27, 11, '2023-07-26 03:32:52', '2023-07-26 03:32:52'),
(19, 'Ketua', 14, 12, '2023-07-26 03:34:03', '2023-07-26 03:34:03'),
(21, 'Anggota', 27, 12, '2023-07-26 03:34:22', '2023-07-26 03:34:22'),
(22, 'Ketua', 26, 13, '2023-07-26 03:35:20', '2023-07-26 03:35:20'),
(23, 'Ketua', 14, 14, '2023-07-26 03:36:21', '2023-07-26 03:36:21'),
(24, 'Anggota', 27, 14, '2023-07-26 03:36:21', '2023-07-26 03:36:21'),
(25, 'Anggota', 29, 14, '2023-07-26 03:36:21', '2023-07-26 03:36:21'),
(26, 'Ketua', 26, 15, '2023-07-26 03:42:04', '2023-07-26 03:42:04'),
(27, 'Ketua', 26, 16, '2023-07-26 03:57:58', '2023-07-26 03:57:58'),
(28, 'Ketua', 26, 17, '2023-07-26 04:02:00', '2023-07-26 04:02:00'),
(29, 'Anggota', 25, 17, '2023-07-26 04:02:00', '2023-07-26 04:02:00');

--
-- Dumping data for table `base_npm`
--

INSERT INTO `base_npm` (`id`, `npm`, `status`, `created_at`, `updated_at`) VALUES
(1, '2017051033', 'aktif', '2023-07-25 01:39:36', '2023-07-25 01:41:17'),
(2, '2017051062', 'aktif', '2023-07-25 01:39:36', '2023-07-25 01:43:23'),
(3, '2057051016', 'aktif', '2023-07-25 01:39:36', '2023-07-25 04:04:11'),
(4, '1717011007', 'nonaktif', '2023-07-25 01:39:36', '2023-07-25 05:32:31'),
(5, '1717011014', 'nonaktif', '2023-07-25 01:39:36', '2023-07-25 01:39:36'),
(6, '1717011023', 'nonaktif', '2023-07-25 01:39:37', '2023-07-25 01:39:37'),
(7, '1717011034', 'nonaktif', '2023-07-25 01:39:37', '2023-07-25 01:39:37'),
(8, '1717011055', 'nonaktif', '2023-07-25 01:39:37', '2023-07-25 01:39:37'),
(9, '1717011070', 'nonaktif', '2023-07-25 01:39:37', '2023-07-25 01:39:37'),
(10, '1717011072', 'nonaktif', '2023-07-25 01:39:37', '2023-07-25 01:39:37'),
(11, '1717011076', 'nonaktif', '2023-07-25 01:39:37', '2023-07-25 01:39:37'),
(12, '1717011077', 'nonaktif', '2023-07-25 01:39:37', '2023-07-25 01:39:37'),
(13, '1717011085', 'nonaktif', '2023-07-25 01:39:37', '2023-07-25 01:39:37'),
(14, '1717011090', 'nonaktif', '2023-07-25 01:39:37', '2023-07-25 01:39:37'),
(15, '1757011013', 'nonaktif', '2023-07-25 01:39:37', '2023-07-25 01:39:37'),
(16, '1757011014', 'nonaktif', '2023-07-25 01:39:37', '2023-07-25 01:39:37'),
(17, '1817011008', 'nonaktif', '2023-07-25 01:39:37', '2023-07-25 01:39:37'),
(18, '1817011014', 'nonaktif', '2023-07-25 01:39:37', '2023-07-25 01:39:37'),
(19, '1817011019', 'nonaktif', '2023-07-25 01:39:37', '2023-07-25 01:39:37'),
(20, '1817011025', 'nonaktif', '2023-07-25 01:39:37', '2023-07-25 01:39:37'),
(21, '1817011033', 'nonaktif', '2023-07-25 01:39:37', '2023-07-25 01:39:37'),
(22, '1817011056', 'nonaktif', '2023-07-25 01:39:37', '2023-07-25 01:39:37'),
(23, '1817011060', 'nonaktif', '2023-07-25 01:39:37', '2023-07-25 01:39:37'),
(24, '1817011064', 'nonaktif', '2023-07-25 01:39:37', '2023-07-25 01:39:37'),
(25, '1817011065', 'nonaktif', '2023-07-25 01:39:37', '2023-07-25 01:39:37'),
(26, '1817011073', 'nonaktif', '2023-07-25 01:39:37', '2023-07-25 01:39:37'),
(27, '1817011077', 'nonaktif', '2023-07-25 01:39:37', '2023-07-25 01:39:37'),
(28, '1817011079', 'nonaktif', '2023-07-25 01:39:37', '2023-07-25 01:39:37'),
(29, '1817011081', 'nonaktif', '2023-07-25 01:39:37', '2023-07-25 01:39:37'),
(30, '1817011082', 'nonaktif', '2023-07-25 01:39:37', '2023-07-25 01:39:37'),
(31, '1817011083', 'nonaktif', '2023-07-25 01:39:37', '2023-07-25 01:39:37'),
(32, '1817011086', 'nonaktif', '2023-07-25 01:39:37', '2023-07-25 01:39:37'),
(33, '1817011087', 'nonaktif', '2023-07-25 01:39:37', '2023-07-25 01:39:37'),
(34, '1817011090', 'nonaktif', '2023-07-25 01:39:37', '2023-07-25 01:39:37'),
(35, '1817011092', 'nonaktif', '2023-07-25 01:39:37', '2023-07-25 01:39:37'),
(36, '1817011097', 'nonaktif', '2023-07-25 01:39:37', '2023-07-25 01:39:37'),
(37, '1817011101', 'nonaktif', '2023-07-25 01:39:37', '2023-07-25 01:39:37'),
(38, '1857011001', 'nonaktif', '2023-07-25 01:39:37', '2023-07-25 01:39:37'),
(39, '1857011003', 'nonaktif', '2023-07-25 01:39:37', '2023-07-25 01:39:37'),
(40, '1857011004', 'nonaktif', '2023-07-25 01:39:37', '2023-07-25 01:39:37'),
(41, '1857011010', 'nonaktif', '2023-07-25 01:39:37', '2023-07-25 01:39:37'),
(42, '1917011001', 'aktif', '2023-07-25 01:39:37', '2023-07-25 03:33:38'),
(43, '1917011002', 'aktif', '2023-07-25 01:39:37', '2023-07-25 03:26:29'),
(44, '1917011003', 'nonaktif', '2023-07-25 01:39:37', '2023-07-25 01:39:37'),
(45, '1917011004', 'aktif', '2023-07-25 01:39:37', '2023-07-25 03:11:33'),
(46, '1917011005', 'aktif', '2023-07-25 01:39:37', '2023-07-25 04:33:34'),
(47, '1917011006', 'aktif', '2023-07-25 01:39:37', '2023-07-25 03:19:38'),
(48, '1917011007', 'aktif', '2023-07-25 01:39:37', '2023-07-25 03:19:25'),
(49, '1917011008', 'nonaktif', '2023-07-25 01:39:37', '2023-07-25 01:39:37'),
(50, '1917011009', 'aktif', '2023-07-25 01:39:37', '2023-07-25 03:38:18'),
(51, '1917011010', 'aktif', '2023-07-25 01:39:37', '2023-07-25 03:16:04'),
(52, '1917011011', 'aktif', '2023-07-25 01:39:37', '2023-07-25 03:11:51'),
(53, '1917011012', 'aktif', '2023-07-25 01:39:37', '2023-07-25 03:29:52'),
(54, '1917011013', 'aktif', '2023-07-25 01:39:37', '2023-07-25 03:17:58'),
(55, '1917011014', 'nonaktif', '2023-07-25 01:39:37', '2023-07-25 01:39:37'),
(56, '1917011016', 'aktif', '2023-07-25 01:39:37', '2023-07-25 03:20:51'),
(57, '1917011017', 'nonaktif', '2023-07-25 01:39:37', '2023-07-25 01:39:37'),
(58, '1917011018', 'aktif', '2023-07-25 01:39:37', '2023-07-25 03:26:18'),
(59, '1917011019', 'nonaktif', '2023-07-25 01:39:37', '2023-07-25 01:39:37'),
(60, '1917011020', 'nonaktif', '2023-07-25 01:39:37', '2023-07-25 01:39:37'),
(61, '1917011021', 'aktif', '2023-07-25 01:39:37', '2023-07-25 03:12:34'),
(62, '1917011022', 'aktif', '2023-07-25 01:39:37', '2023-07-25 07:58:19'),
(63, '1917011023', 'aktif', '2023-07-25 01:39:37', '2023-07-25 03:16:59'),
(64, '1917011025', 'nonaktif', '2023-07-25 01:39:37', '2023-07-25 01:39:37'),
(65, '1917011028', 'nonaktif', '2023-07-25 01:39:37', '2023-07-25 01:39:37'),
(66, '1917011029', 'aktif', '2023-07-25 01:39:37', '2023-07-25 03:13:17'),
(67, '1917011031', 'nonaktif', '2023-07-25 01:39:37', '2023-07-25 01:39:37'),
(68, '1917011034', 'aktif', '2023-07-25 01:39:37', '2023-07-25 03:13:07'),
(69, '1917011035', 'nonaktif', '2023-07-25 01:39:37', '2023-07-25 01:39:37'),
(70, '1917011036', 'aktif', '2023-07-25 01:39:37', '2023-07-25 03:12:32'),
(71, '1917011037', 'aktif', '2023-07-25 01:39:37', '2023-07-25 03:13:57'),
(72, '1917011038', 'aktif', '2023-07-25 01:39:37', '2023-07-25 03:11:49'),
(73, '1917011041', 'aktif', '2023-07-25 01:39:37', '2023-07-25 07:50:23'),
(74, '1917011042', 'nonaktif', '2023-07-25 01:39:37', '2023-07-25 01:39:37'),
(75, '1917011043', 'aktif', '2023-07-25 01:39:37', '2023-07-25 03:19:16'),
(76, '1917011044', 'nonaktif', '2023-07-25 01:39:37', '2023-07-25 01:39:37'),
(77, '1917011045', 'aktif', '2023-07-25 01:39:37', '2023-07-25 03:12:18'),
(78, '1917011048', 'aktif', '2023-07-25 01:39:37', '2023-07-25 03:17:02'),
(79, '1917011049', 'aktif', '2023-07-25 01:39:37', '2023-07-25 03:36:47'),
(80, '1917011051', 'aktif', '2023-07-25 01:39:37', '2023-07-25 03:13:02'),
(81, '1917011053', 'aktif', '2023-07-25 01:39:37', '2023-07-25 03:12:32'),
(82, '1917011054', 'aktif', '2023-07-25 01:39:37', '2023-07-25 03:17:30'),
(83, '1917011055', 'aktif', '2023-07-25 01:39:37', '2023-07-25 03:12:09'),
(84, '1917011056', 'nonaktif', '2023-07-25 01:39:37', '2023-07-25 01:39:37'),
(85, '1917011057', 'aktif', '2023-07-25 01:39:37', '2023-07-25 03:16:43'),
(86, '1917011059', 'aktif', '2023-07-25 01:39:37', '2023-07-25 03:12:44'),
(87, '1917011060', 'nonaktif', '2023-07-25 01:39:37', '2023-07-25 01:39:37'),
(88, '1917011061', 'aktif', '2023-07-25 01:39:37', '2023-07-25 03:29:58'),
(89, '1917011063', 'aktif', '2023-07-25 01:39:37', '2023-07-25 03:13:58'),
(90, '1917011064', 'nonaktif', '2023-07-25 01:39:37', '2023-07-25 01:39:37'),
(91, '1917011065', 'nonaktif', '2023-07-25 01:39:37', '2023-07-25 01:39:37'),
(92, '1917011067', 'aktif', '2023-07-25 01:39:37', '2023-07-25 03:52:10'),
(93, '1917011068', 'aktif', '2023-07-25 01:39:38', '2023-07-25 03:21:54'),
(94, '1917011069', 'aktif', '2023-07-25 01:39:38', '2023-07-25 03:41:38'),
(95, '1917011071', 'aktif', '2023-07-25 01:39:38', '2023-07-25 03:11:15'),
(96, '1917011073', 'aktif', '2023-07-25 01:39:38', '2023-07-25 03:20:28'),
(97, '1917011074', 'aktif', '2023-07-25 01:39:38', '2023-07-25 03:28:45'),
(98, '1917011076', 'aktif', '2023-07-25 01:39:38', '2023-07-25 03:34:22'),
(99, '1917011077', 'aktif', '2023-07-25 01:39:38', '2023-07-25 03:16:28'),
(100, '1917011078', 'nonaktif', '2023-07-25 01:39:38', '2023-07-25 01:39:38'),
(101, '1917011079', 'aktif', '2023-07-25 01:39:38', '2023-07-25 03:44:16'),
(102, '1917011081', 'aktif', '2023-07-25 01:39:38', '2023-07-25 03:11:28'),
(103, '1917011082', 'nonaktif', '2023-07-25 01:39:38', '2023-07-25 01:39:38'),
(104, '1917011084', 'aktif', '2023-07-25 01:39:38', '2023-07-25 03:17:31'),
(105, '1917011085', 'nonaktif', '2023-07-25 01:39:38', '2023-07-25 01:39:38'),
(106, '1917011086', 'aktif', '2023-07-25 01:39:38', '2023-07-25 03:15:48'),
(107, '1917011087', 'aktif', '2023-07-25 01:39:38', '2023-07-25 03:20:58'),
(108, '1917011088', 'aktif', '2023-07-25 01:39:38', '2023-07-25 03:11:21'),
(109, '1917011089', 'aktif', '2023-07-25 01:39:38', '2023-07-25 08:39:41'),
(110, '1917011090', 'aktif', '2023-07-25 01:39:38', '2023-07-25 03:13:08'),
(111, '1917011091', 'nonaktif', '2023-07-25 01:39:38', '2023-07-25 01:39:38'),
(112, '1917011092', 'nonaktif', '2023-07-25 01:39:38', '2023-07-25 01:39:38'),
(113, '1917011093', 'aktif', '2023-07-25 01:39:38', '2023-07-27 12:19:46'),
(114, '1917011094', 'nonaktif', '2023-07-25 01:39:38', '2023-07-25 01:39:38'),
(115, '1917011096', 'aktif', '2023-07-25 01:39:38', '2023-07-25 03:15:59'),
(116, '1917011097', 'aktif', '2023-07-25 01:39:38', '2023-07-25 03:20:40'),
(117, '1917011098', 'nonaktif', '2023-07-25 01:39:38', '2023-07-25 01:39:38'),
(118, '1957011001', 'nonaktif', '2023-07-25 01:39:38', '2023-07-25 01:39:38'),
(119, '1957011002', 'aktif', '2023-07-25 01:39:38', '2023-07-25 03:12:56'),
(120, '1957011003', 'nonaktif', '2023-07-25 01:39:38', '2023-07-25 01:39:38'),
(121, '1957011004', 'nonaktif', '2023-07-25 01:39:38', '2023-07-25 01:39:38'),
(122, '1957011005', 'aktif', '2023-07-25 01:39:38', '2023-07-25 03:12:51'),
(123, '1957011006', 'nonaktif', '2023-07-25 01:39:38', '2023-07-25 01:39:38'),
(124, '1957011007', 'nonaktif', '2023-07-25 01:39:38', '2023-07-25 01:39:38'),
(125, '1957011008', 'nonaktif', '2023-07-25 01:39:38', '2023-07-25 01:39:38'),
(126, '1957011009', 'nonaktif', '2023-07-25 01:39:38', '2023-07-25 01:39:38'),
(127, '1957011010', 'aktif', '2023-07-25 01:39:38', '2023-07-25 03:11:25'),
(128, '1957011011', 'aktif', '2023-07-25 01:39:38', '2023-07-25 03:20:07'),
(129, '1957011014', 'aktif', '2023-07-25 01:39:38', '2023-07-25 03:13:37'),
(130, '1957011015', 'aktif', '2023-07-25 01:39:38', '2023-07-25 03:11:44'),
(131, '1957011016', 'aktif', '2023-07-25 01:39:38', '2023-07-25 03:16:59'),
(132, '1957011017', 'aktif', '2023-07-25 01:39:38', '2023-07-25 03:40:18'),
(133, '1957011019', 'nonaktif', '2023-07-25 01:39:38', '2023-07-25 01:39:38'),
(134, '1957011020', 'aktif', '2023-07-25 01:39:38', '2023-07-25 03:10:59'),
(135, '1957011021', 'aktif', '2023-07-25 01:39:38', '2023-07-25 03:18:10'),
(136, '2017011001', 'nonaktif', '2023-07-25 01:39:38', '2023-07-25 01:39:38'),
(137, '2017011002', 'nonaktif', '2023-07-25 01:39:38', '2023-07-25 01:39:38'),
(138, '2017011003', 'nonaktif', '2023-07-25 01:39:38', '2023-07-25 01:39:38'),
(139, '2017011004', 'nonaktif', '2023-07-25 01:39:38', '2023-07-25 01:39:38'),
(140, '2017011005', 'nonaktif', '2023-07-25 01:39:38', '2023-07-25 01:39:38'),
(141, '2017011006', 'nonaktif', '2023-07-25 01:39:38', '2023-07-25 01:39:38'),
(142, '2017011007', 'nonaktif', '2023-07-25 01:39:38', '2023-07-25 01:39:38'),
(143, '2017011008', 'nonaktif', '2023-07-25 01:39:38', '2023-07-25 01:39:38'),
(144, '2017011009', 'nonaktif', '2023-07-25 01:39:38', '2023-07-25 01:39:38'),
(145, '2017011010', 'nonaktif', '2023-07-25 01:39:38', '2023-07-25 01:39:38'),
(146, '2017011011', 'nonaktif', '2023-07-25 01:39:38', '2023-07-25 01:39:38'),
(147, '2017011012', 'nonaktif', '2023-07-25 01:39:38', '2023-07-25 01:39:38'),
(148, '2017011014', 'nonaktif', '2023-07-25 01:39:38', '2023-07-25 01:39:38'),
(149, '2017011015', 'nonaktif', '2023-07-25 01:39:38', '2023-07-25 01:39:38'),
(150, '2017011016', 'nonaktif', '2023-07-25 01:39:38', '2023-07-25 01:39:38'),
(151, '2017011017', 'nonaktif', '2023-07-25 01:39:38', '2023-07-25 01:39:38'),
(152, '2017011018', 'nonaktif', '2023-07-25 01:39:38', '2023-07-25 01:39:38'),
(153, '2017011019', 'nonaktif', '2023-07-25 01:39:38', '2023-07-25 01:39:38'),
(154, '2017011020', 'nonaktif', '2023-07-25 01:39:38', '2023-07-25 01:39:38'),
(155, '2017011021', 'nonaktif', '2023-07-25 01:39:38', '2023-07-25 01:39:38'),
(156, '2017011022', 'nonaktif', '2023-07-25 01:39:38', '2023-07-25 01:39:38'),
(157, '2017011023', 'nonaktif', '2023-07-25 01:39:38', '2023-07-25 01:39:38'),
(158, '2017011024', 'nonaktif', '2023-07-25 01:39:38', '2023-07-25 01:39:38'),
(159, '2017011025', 'nonaktif', '2023-07-25 01:39:38', '2023-07-25 01:39:38'),
(160, '2017011026', 'nonaktif', '2023-07-25 01:39:38', '2023-07-25 01:39:38'),
(161, '2017011027', 'nonaktif', '2023-07-25 01:39:38', '2023-07-25 01:39:38'),
(162, '2017011028', 'nonaktif', '2023-07-25 01:39:38', '2023-07-25 01:39:38'),
(163, '2017011029', 'nonaktif', '2023-07-25 01:39:38', '2023-07-25 01:39:38'),
(164, '2017011030', 'nonaktif', '2023-07-25 01:39:38', '2023-07-25 01:39:38'),
(165, '2017011031', 'nonaktif', '2023-07-25 01:39:38', '2023-07-25 01:39:38'),
(166, '2017011032', 'nonaktif', '2023-07-25 01:39:38', '2023-07-25 01:39:38'),
(167, '2017011033', 'nonaktif', '2023-07-25 01:39:38', '2023-07-25 01:39:38'),
(168, '2017011034', 'nonaktif', '2023-07-25 01:39:38', '2023-07-25 01:39:38'),
(169, '2017011035', 'nonaktif', '2023-07-25 01:39:38', '2023-07-25 01:39:38'),
(170, '2017011036', 'nonaktif', '2023-07-25 01:39:39', '2023-07-25 01:39:39'),
(171, '2017011037', 'nonaktif', '2023-07-25 01:39:39', '2023-07-25 01:39:39'),
(172, '2017011038', 'nonaktif', '2023-07-25 01:39:39', '2023-07-25 01:39:39'),
(173, '2017011039', 'nonaktif', '2023-07-25 01:39:39', '2023-07-25 01:39:39'),
(174, '2017011040', 'nonaktif', '2023-07-25 01:39:39', '2023-07-25 01:39:39'),
(175, '2017011041', 'nonaktif', '2023-07-25 01:39:39', '2023-07-25 01:39:39'),
(176, '2017011042', 'nonaktif', '2023-07-25 01:39:39', '2023-07-25 01:39:39'),
(177, '2017011043', 'nonaktif', '2023-07-25 01:39:39', '2023-07-25 01:39:39'),
(178, '2017011044', 'nonaktif', '2023-07-25 01:39:39', '2023-07-25 01:39:39'),
(179, '2017011045', 'nonaktif', '2023-07-25 01:39:39', '2023-07-25 01:39:39'),
(180, '2017011046', 'nonaktif', '2023-07-25 01:39:39', '2023-07-25 01:39:39'),
(181, '2017011047', 'nonaktif', '2023-07-25 01:39:39', '2023-07-25 01:39:39'),
(182, '2017011048', 'nonaktif', '2023-07-25 01:39:39', '2023-07-25 01:39:39'),
(183, '2017011049', 'nonaktif', '2023-07-25 01:39:39', '2023-07-25 01:39:39'),
(184, '2017011050', 'nonaktif', '2023-07-25 01:39:39', '2023-07-25 01:39:39'),
(185, '2017011051', 'nonaktif', '2023-07-25 01:39:39', '2023-07-25 01:39:39'),
(186, '2017011052', 'nonaktif', '2023-07-25 01:39:39', '2023-07-25 01:39:39'),
(187, '2017011053', 'nonaktif', '2023-07-25 01:39:39', '2023-07-25 01:39:39'),
(188, '2017011054', 'nonaktif', '2023-07-25 01:39:39', '2023-07-25 01:39:39'),
(189, '2017011055', 'nonaktif', '2023-07-25 01:39:39', '2023-07-25 01:39:39'),
(190, '2017011056', 'nonaktif', '2023-07-25 01:39:39', '2023-07-25 01:39:39'),
(191, '2017011057', 'nonaktif', '2023-07-25 01:39:39', '2023-07-25 01:39:39'),
(192, '2017011058', 'nonaktif', '2023-07-25 01:39:39', '2023-07-25 01:39:39'),
(193, '2017011059', 'nonaktif', '2023-07-25 01:39:39', '2023-07-25 01:39:39'),
(194, '2017011060', 'nonaktif', '2023-07-25 01:39:39', '2023-07-25 01:39:39'),
(195, '2017011061', 'nonaktif', '2023-07-25 01:39:39', '2023-07-25 01:39:39'),
(196, '2017011062', 'nonaktif', '2023-07-25 01:39:39', '2023-07-25 01:39:39'),
(197, '2017011063', 'nonaktif', '2023-07-25 01:39:39', '2023-07-25 01:39:39'),
(198, '2017011064', 'nonaktif', '2023-07-25 01:39:39', '2023-07-25 01:39:39'),
(199, '2017011065', 'nonaktif', '2023-07-25 01:39:39', '2023-07-25 01:39:39'),
(200, '2017011066', 'nonaktif', '2023-07-25 01:39:39', '2023-07-25 01:39:39'),
(201, '2017011067', 'nonaktif', '2023-07-25 01:39:39', '2023-07-25 01:39:39'),
(202, '2017011068', 'nonaktif', '2023-07-25 01:39:39', '2023-07-25 01:39:39'),
(203, '2017011069', 'nonaktif', '2023-07-25 01:39:39', '2023-07-25 01:39:39'),
(204, '2017011070', 'nonaktif', '2023-07-25 01:39:39', '2023-07-25 01:39:39'),
(205, '2017011071', 'nonaktif', '2023-07-25 01:39:39', '2023-07-25 01:39:39'),
(206, '2017011072', 'nonaktif', '2023-07-25 01:39:39', '2023-07-25 01:39:39'),
(207, '2017011073', 'nonaktif', '2023-07-25 01:39:39', '2023-07-25 01:39:39'),
(208, '2017011074', 'nonaktif', '2023-07-25 01:39:39', '2023-07-25 01:39:39'),
(209, '2017011075', 'nonaktif', '2023-07-25 01:39:39', '2023-07-25 01:39:39'),
(210, '2017011076', 'nonaktif', '2023-07-25 01:39:39', '2023-07-25 01:39:39'),
(211, '2017011077', 'nonaktif', '2023-07-25 01:39:39', '2023-07-25 01:39:39'),
(212, '2017011078', 'nonaktif', '2023-07-25 01:39:39', '2023-07-25 01:39:39'),
(213, '2017011079', 'nonaktif', '2023-07-25 01:39:39', '2023-07-25 01:39:39'),
(214, '2017011080', 'nonaktif', '2023-07-25 01:39:39', '2023-07-25 01:39:39'),
(215, '2017011081', 'nonaktif', '2023-07-25 01:39:39', '2023-07-25 01:39:39'),
(216, '2017011082', 'nonaktif', '2023-07-25 01:39:39', '2023-07-25 01:39:39'),
(217, '2017011083', 'nonaktif', '2023-07-25 01:39:39', '2023-07-25 01:39:39'),
(218, '2017011084', 'nonaktif', '2023-07-25 01:39:39', '2023-07-25 01:39:39'),
(219, '2017011085', 'nonaktif', '2023-07-25 01:39:39', '2023-07-25 01:39:39'),
(220, '2017011086', 'nonaktif', '2023-07-25 01:39:39', '2023-07-25 01:39:39'),
(221, '2017011087', 'nonaktif', '2023-07-25 01:39:39', '2023-07-25 01:39:39'),
(222, '2017011088', 'nonaktif', '2023-07-25 01:39:39', '2023-07-25 01:39:39'),
(223, '2017011089', 'nonaktif', '2023-07-25 01:39:39', '2023-07-25 01:39:39'),
(224, '2017011090', 'nonaktif', '2023-07-25 01:39:39', '2023-07-25 01:39:39'),
(225, '2017011091', 'nonaktif', '2023-07-25 01:39:39', '2023-07-25 01:39:39'),
(226, '2017011092', 'nonaktif', '2023-07-25 01:39:39', '2023-07-25 01:39:39'),
(227, '2017011093', 'nonaktif', '2023-07-25 01:39:39', '2023-07-25 01:39:39'),
(228, '2017011094', 'nonaktif', '2023-07-25 01:39:39', '2023-07-25 01:39:39'),
(229, '2017011095', 'nonaktif', '2023-07-25 01:39:39', '2023-07-25 01:39:39'),
(230, '2017011096', 'nonaktif', '2023-07-25 01:39:39', '2023-07-25 01:39:39'),
(231, '2017011097', 'nonaktif', '2023-07-25 01:39:39', '2023-07-25 01:39:39'),
(232, '2017011098', 'nonaktif', '2023-07-25 01:39:39', '2023-07-25 01:39:39'),
(233, '2017011099', 'nonaktif', '2023-07-25 01:39:39', '2023-07-25 01:39:39'),
(234, '2017011100', 'nonaktif', '2023-07-25 01:39:39', '2023-07-25 01:39:39'),
(235, '2017011101', 'nonaktif', '2023-07-25 01:39:39', '2023-07-25 01:39:39'),
(236, '2017011102', 'nonaktif', '2023-07-25 01:39:39', '2023-07-25 01:39:39'),
(237, '2057011001', 'nonaktif', '2023-07-25 01:39:39', '2023-07-25 01:39:39'),
(238, '2057011002', 'nonaktif', '2023-07-25 01:39:39', '2023-07-25 01:39:39'),
(239, '2057011003', 'nonaktif', '2023-07-25 01:39:39', '2023-07-25 01:39:39'),
(240, '2057011004', 'nonaktif', '2023-07-25 01:39:39', '2023-07-25 01:39:39'),
(241, '2057011005', 'nonaktif', '2023-07-25 01:39:39', '2023-07-25 01:39:39'),
(242, '2057011006', 'nonaktif', '2023-07-25 01:39:39', '2023-07-25 01:39:39'),
(243, '2057011007', 'nonaktif', '2023-07-25 01:39:39', '2023-07-25 01:39:39'),
(244, '2057011008', 'nonaktif', '2023-07-25 01:39:39', '2023-07-25 01:39:39'),
(245, '2057011009', 'nonaktif', '2023-07-25 01:39:39', '2023-07-25 01:39:39'),
(246, '2057011010', 'nonaktif', '2023-07-25 01:39:39', '2023-07-25 01:39:39'),
(247, '2057011011', 'nonaktif', '2023-07-25 01:39:39', '2023-07-25 01:39:39'),
(248, '2057011012', 'nonaktif', '2023-07-25 01:39:39', '2023-07-25 01:39:39'),
(249, '2057011013', 'nonaktif', '2023-07-25 01:39:39', '2023-07-25 01:39:39'),
(250, '2057011014', 'nonaktif', '2023-07-25 01:39:39', '2023-07-25 01:39:39'),
(251, '2057011015', 'nonaktif', '2023-07-25 01:39:39', '2023-07-25 01:39:39'),
(252, '2057011016', 'nonaktif', '2023-07-25 01:39:39', '2023-07-25 01:39:39'),
(253, '2067011001', 'nonaktif', '2023-07-25 01:39:39', '2023-07-25 01:39:39'),
(254, '2067011002', 'nonaktif', '2023-07-25 01:39:40', '2023-07-25 01:39:40'),
(255, '2117011001', 'nonaktif', '2023-07-25 01:39:40', '2023-07-25 01:39:40'),
(256, '2117011002', 'nonaktif', '2023-07-25 01:39:40', '2023-07-25 01:39:40'),
(257, '2117011003', 'nonaktif', '2023-07-25 01:39:40', '2023-07-25 01:39:40'),
(258, '2117011004', 'nonaktif', '2023-07-25 01:39:40', '2023-07-25 01:39:40'),
(259, '2117011005', 'nonaktif', '2023-07-25 01:39:40', '2023-07-25 01:39:40'),
(260, '2117011006', 'nonaktif', '2023-07-25 01:39:40', '2023-07-25 01:39:40'),
(261, '2117011007', 'nonaktif', '2023-07-25 01:39:40', '2023-07-25 01:39:40'),
(262, '2117011008', 'nonaktif', '2023-07-25 01:39:40', '2023-07-25 01:39:40'),
(263, '2117011009', 'nonaktif', '2023-07-25 01:39:40', '2023-07-25 01:39:40'),
(264, '2117011010', 'nonaktif', '2023-07-25 01:39:40', '2023-07-25 01:39:40'),
(265, '2117011011', 'nonaktif', '2023-07-25 01:39:40', '2023-07-25 01:39:40'),
(266, '2117011012', 'nonaktif', '2023-07-25 01:39:40', '2023-07-25 01:39:40'),
(267, '2117011013', 'nonaktif', '2023-07-25 01:39:40', '2023-07-25 01:39:40'),
(268, '2117011014', 'nonaktif', '2023-07-25 01:39:40', '2023-07-25 01:39:40'),
(269, '2117011015', 'nonaktif', '2023-07-25 01:39:40', '2023-07-25 01:39:40'),
(270, '2117011016', 'nonaktif', '2023-07-25 01:39:40', '2023-07-25 01:39:40'),
(271, '2117011017', 'nonaktif', '2023-07-25 01:39:40', '2023-07-25 01:39:40'),
(272, '2117011018', 'nonaktif', '2023-07-25 01:39:40', '2023-07-25 01:39:40'),
(273, '2117011019', 'nonaktif', '2023-07-25 01:39:40', '2023-07-25 01:39:40'),
(274, '2117011020', 'nonaktif', '2023-07-25 01:39:40', '2023-07-25 01:39:40'),
(275, '2117011021', 'nonaktif', '2023-07-25 01:39:40', '2023-07-25 01:39:40'),
(276, '2117011022', 'nonaktif', '2023-07-25 01:39:40', '2023-07-25 01:39:40'),
(277, '2117011023', 'nonaktif', '2023-07-25 01:39:40', '2023-07-25 01:39:40'),
(278, '2117011024', 'nonaktif', '2023-07-25 01:39:40', '2023-07-25 01:39:40'),
(279, '2117011025', 'nonaktif', '2023-07-25 01:39:40', '2023-07-25 01:39:40'),
(280, '2117011026', 'nonaktif', '2023-07-25 01:39:40', '2023-07-25 01:39:40'),
(281, '2117011027', 'nonaktif', '2023-07-25 01:39:40', '2023-07-25 01:39:40'),
(282, '2117011028', 'nonaktif', '2023-07-25 01:39:40', '2023-07-25 01:39:40'),
(283, '2117011029', 'nonaktif', '2023-07-25 01:39:40', '2023-07-25 01:39:40'),
(284, '2117011030', 'nonaktif', '2023-07-25 01:39:40', '2023-07-25 01:39:40'),
(285, '2117011031', 'nonaktif', '2023-07-25 01:39:40', '2023-07-25 01:39:40'),
(286, '2117011032', 'nonaktif', '2023-07-25 01:39:40', '2023-07-25 01:39:40'),
(287, '2117011033', 'nonaktif', '2023-07-25 01:39:40', '2023-07-25 01:39:40'),
(288, '2117011034', 'nonaktif', '2023-07-25 01:39:40', '2023-07-25 01:39:40'),
(289, '2117011035', 'nonaktif', '2023-07-25 01:39:40', '2023-07-25 01:39:40'),
(290, '2117011036', 'nonaktif', '2023-07-25 01:39:40', '2023-07-25 01:39:40'),
(291, '2117011037', 'nonaktif', '2023-07-25 01:39:40', '2023-07-25 01:39:40'),
(292, '2117011038', 'nonaktif', '2023-07-25 01:39:40', '2023-07-25 01:39:40'),
(293, '2117011039', 'nonaktif', '2023-07-25 01:39:40', '2023-07-25 01:39:40'),
(294, '2117011040', 'nonaktif', '2023-07-25 01:39:40', '2023-07-25 01:39:40'),
(295, '2117011041', 'nonaktif', '2023-07-25 01:39:40', '2023-07-25 01:39:40'),
(296, '2117011042', 'nonaktif', '2023-07-25 01:39:40', '2023-07-25 01:39:40'),
(297, '2117011043', 'nonaktif', '2023-07-25 01:39:40', '2023-07-25 01:39:40'),
(298, '2117011044', 'nonaktif', '2023-07-25 01:39:40', '2023-07-25 01:39:40'),
(299, '2117011045', 'nonaktif', '2023-07-25 01:39:40', '2023-07-25 01:39:40'),
(300, '2117011046', 'nonaktif', '2023-07-25 01:39:40', '2023-07-25 01:39:40'),
(301, '2117011047', 'nonaktif', '2023-07-25 01:39:40', '2023-07-25 01:39:40'),
(302, '2117011048', 'nonaktif', '2023-07-25 01:39:40', '2023-07-25 01:39:40'),
(303, '2117011049', 'nonaktif', '2023-07-25 01:39:40', '2023-07-25 01:39:40'),
(304, '2117011050', 'nonaktif', '2023-07-25 01:39:40', '2023-07-25 01:39:40'),
(305, '2117011051', 'nonaktif', '2023-07-25 01:39:40', '2023-07-25 01:39:40'),
(306, '2117011052', 'nonaktif', '2023-07-25 01:39:40', '2023-07-25 01:39:40'),
(307, '2117011053', 'nonaktif', '2023-07-25 01:39:40', '2023-07-25 01:39:40'),
(308, '2117011054', 'nonaktif', '2023-07-25 01:39:40', '2023-07-25 01:39:40'),
(309, '2117011055', 'nonaktif', '2023-07-25 01:39:40', '2023-07-25 01:39:40'),
(310, '2117011056', 'nonaktif', '2023-07-25 01:39:40', '2023-07-25 01:39:40'),
(311, '2117011057', 'nonaktif', '2023-07-25 01:39:40', '2023-07-25 01:39:40'),
(312, '2117011058', 'nonaktif', '2023-07-25 01:39:40', '2023-07-25 01:39:40'),
(313, '2117011059', 'nonaktif', '2023-07-25 01:39:40', '2023-07-25 01:39:40'),
(314, '2117011060', 'nonaktif', '2023-07-25 01:39:40', '2023-07-25 01:39:40'),
(315, '2117011061', 'nonaktif', '2023-07-25 01:39:40', '2023-07-25 01:39:40'),
(316, '2117011062', 'nonaktif', '2023-07-25 01:39:40', '2023-07-25 01:39:40'),
(317, '2117011063', 'nonaktif', '2023-07-25 01:39:40', '2023-07-25 01:39:40'),
(318, '2117011064', 'nonaktif', '2023-07-25 01:39:40', '2023-07-25 01:39:40'),
(319, '2117011065', 'nonaktif', '2023-07-25 01:39:40', '2023-07-25 01:39:40'),
(320, '2117011066', 'nonaktif', '2023-07-25 01:39:40', '2023-07-25 01:39:40'),
(321, '2117011067', 'nonaktif', '2023-07-25 01:39:40', '2023-07-25 01:39:40'),
(322, '2117011068', 'nonaktif', '2023-07-25 01:39:40', '2023-07-25 01:39:40'),
(323, '2117011069', 'nonaktif', '2023-07-25 01:39:40', '2023-07-25 01:39:40'),
(324, '2117011070', 'nonaktif', '2023-07-25 01:39:40', '2023-07-25 01:39:40'),
(325, '2117011071', 'nonaktif', '2023-07-25 01:39:40', '2023-07-25 01:39:40'),
(326, '2117011072', 'nonaktif', '2023-07-25 01:39:40', '2023-07-25 01:39:40'),
(327, '2117011073', 'nonaktif', '2023-07-25 01:39:40', '2023-07-25 01:39:40'),
(328, '2117011074', 'nonaktif', '2023-07-25 01:39:40', '2023-07-25 01:39:40'),
(329, '2117011075', 'nonaktif', '2023-07-25 01:39:40', '2023-07-25 01:39:40'),
(330, '2117011076', 'nonaktif', '2023-07-25 01:39:40', '2023-07-25 01:39:40'),
(331, '2117011077', 'nonaktif', '2023-07-25 01:39:40', '2023-07-25 01:39:40'),
(332, '2117011078', 'nonaktif', '2023-07-25 01:39:40', '2023-07-25 01:39:40'),
(333, '2117011079', 'nonaktif', '2023-07-25 01:39:40', '2023-07-25 01:39:40'),
(334, '2117011080', 'nonaktif', '2023-07-25 01:39:41', '2023-07-25 01:39:41'),
(335, '2117011081', 'nonaktif', '2023-07-25 01:39:41', '2023-07-25 01:39:41'),
(336, '2117011082', 'nonaktif', '2023-07-25 01:39:41', '2023-07-25 01:39:41'),
(337, '2117011083', 'nonaktif', '2023-07-25 01:39:41', '2023-07-25 01:39:41'),
(338, '2117011084', 'nonaktif', '2023-07-25 01:39:41', '2023-07-25 01:39:41'),
(339, '2117011085', 'nonaktif', '2023-07-25 01:39:41', '2023-07-25 01:39:41'),
(340, '2117011086', 'nonaktif', '2023-07-25 01:39:41', '2023-07-25 01:39:41'),
(341, '2117011087', 'nonaktif', '2023-07-25 01:39:41', '2023-07-25 01:39:41'),
(342, '2117011088', 'nonaktif', '2023-07-25 01:39:41', '2023-07-25 01:39:41'),
(343, '2117011089', 'nonaktif', '2023-07-25 01:39:41', '2023-07-25 01:39:41'),
(344, '2117011090', 'nonaktif', '2023-07-25 01:39:41', '2023-07-25 01:39:41'),
(345, '2117011091', 'nonaktif', '2023-07-25 01:39:41', '2023-07-25 01:39:41'),
(346, '2117011092', 'nonaktif', '2023-07-25 01:39:41', '2023-07-25 01:39:41'),
(347, '2117011093', 'nonaktif', '2023-07-25 01:39:41', '2023-07-25 01:39:41'),
(348, '2117011094', 'nonaktif', '2023-07-25 01:39:41', '2023-07-25 01:39:41'),
(349, '2117011095', 'nonaktif', '2023-07-25 01:39:41', '2023-07-25 01:39:41'),
(350, '2117011096', 'nonaktif', '2023-07-25 01:39:41', '2023-07-25 01:39:41'),
(351, '2117011097', 'nonaktif', '2023-07-25 01:39:41', '2023-07-25 01:39:41'),
(352, '2117011098', 'nonaktif', '2023-07-25 01:39:41', '2023-07-25 01:39:41'),
(353, '2117011099', 'nonaktif', '2023-07-25 01:39:41', '2023-07-25 01:39:41'),
(354, '2117011100', 'nonaktif', '2023-07-25 01:39:41', '2023-07-25 01:39:41'),
(355, '2117011101', 'nonaktif', '2023-07-25 01:39:41', '2023-07-25 01:39:41'),
(356, '2117011102', 'nonaktif', '2023-07-25 01:39:41', '2023-07-25 01:39:41'),
(357, '2117011103', 'nonaktif', '2023-07-25 01:39:41', '2023-07-25 01:39:41'),
(358, '2117011104', 'nonaktif', '2023-07-25 01:39:41', '2023-07-25 01:39:41'),
(359, '2117011105', 'nonaktif', '2023-07-25 01:39:41', '2023-07-25 01:39:41'),
(360, '2117011106', 'nonaktif', '2023-07-25 01:39:41', '2023-07-25 01:39:41'),
(361, '2117011107', 'nonaktif', '2023-07-25 01:39:41', '2023-07-25 01:39:41'),
(362, '2117011108', 'nonaktif', '2023-07-25 01:39:41', '2023-07-25 01:39:41'),
(363, '2117011109', 'nonaktif', '2023-07-25 01:39:41', '2023-07-25 01:39:41'),
(364, '2117011110', 'nonaktif', '2023-07-25 01:39:41', '2023-07-25 01:39:41'),
(365, '2117011111', 'nonaktif', '2023-07-25 01:39:41', '2023-07-25 01:39:41'),
(366, '2117011112', 'nonaktif', '2023-07-25 01:39:41', '2023-07-25 01:39:41'),
(367, '2157011001', 'nonaktif', '2023-07-25 01:39:41', '2023-07-25 01:39:41'),
(368, '2157011002', 'nonaktif', '2023-07-25 01:39:41', '2023-07-25 01:39:41'),
(369, '2157011003', 'nonaktif', '2023-07-25 01:39:41', '2023-07-25 01:39:41'),
(370, '2157011004', 'nonaktif', '2023-07-25 01:39:41', '2023-07-25 01:39:41'),
(371, '2157011005', 'nonaktif', '2023-07-25 01:39:41', '2023-07-25 01:39:41'),
(372, '2157011006', 'nonaktif', '2023-07-25 01:39:41', '2023-07-25 01:39:41'),
(373, '2157011007', 'nonaktif', '2023-07-25 01:39:41', '2023-07-25 01:39:41'),
(374, '2157011008', 'nonaktif', '2023-07-25 01:39:41', '2023-07-25 01:39:41'),
(375, '2157011009', 'nonaktif', '2023-07-25 01:39:41', '2023-07-25 01:39:41'),
(376, '2157011010', 'nonaktif', '2023-07-25 01:39:41', '2023-07-25 01:39:41'),
(377, '2157011011', 'nonaktif', '2023-07-25 01:39:41', '2023-07-25 01:39:41'),
(378, '2157011012', 'nonaktif', '2023-07-25 01:39:41', '2023-07-25 01:39:41'),
(379, '2167011001', 'nonaktif', '2023-07-25 01:39:41', '2023-07-25 01:39:41'),
(380, '2217011001', 'nonaktif', '2023-07-25 01:39:41', '2023-07-25 01:39:41'),
(381, '2217011002', 'nonaktif', '2023-07-25 01:39:41', '2023-07-25 01:39:41'),
(382, '2217011003', 'nonaktif', '2023-07-25 01:39:41', '2023-07-25 01:39:41'),
(383, '2217011004', 'nonaktif', '2023-07-25 01:39:41', '2023-07-25 01:39:41'),
(384, '2217011005', 'nonaktif', '2023-07-25 01:39:41', '2023-07-25 01:39:41'),
(385, '2217011006', 'nonaktif', '2023-07-25 01:39:41', '2023-07-25 01:39:41'),
(386, '2217011007', 'nonaktif', '2023-07-25 01:39:41', '2023-07-25 01:39:41'),
(387, '2217011008', 'nonaktif', '2023-07-25 01:39:41', '2023-07-25 01:39:41'),
(388, '2217011009', 'nonaktif', '2023-07-25 01:39:41', '2023-07-25 01:39:41'),
(389, '2217011010', 'nonaktif', '2023-07-25 01:39:41', '2023-07-25 01:39:41'),
(390, '2217011011', 'nonaktif', '2023-07-25 01:39:41', '2023-07-25 01:39:41'),
(391, '2217011012', 'nonaktif', '2023-07-25 01:39:41', '2023-07-25 01:39:41'),
(392, '2217011013', 'nonaktif', '2023-07-25 01:39:41', '2023-07-25 01:39:41'),
(393, '2217011014', 'nonaktif', '2023-07-25 01:39:41', '2023-07-25 01:39:41'),
(394, '2217011015', 'nonaktif', '2023-07-25 01:39:41', '2023-07-25 01:39:41'),
(395, '2217011016', 'nonaktif', '2023-07-25 01:39:41', '2023-07-25 01:39:41'),
(396, '2217011017', 'nonaktif', '2023-07-25 01:39:41', '2023-07-25 01:39:41'),
(397, '2217011018', 'nonaktif', '2023-07-25 01:39:41', '2023-07-25 01:39:41'),
(398, '2217011019', 'nonaktif', '2023-07-25 01:39:41', '2023-07-25 01:39:41'),
(399, '2217011020', 'nonaktif', '2023-07-25 01:39:41', '2023-07-25 01:39:41'),
(400, '2217011021', 'nonaktif', '2023-07-25 01:39:41', '2023-07-25 01:39:41'),
(401, '2217011022', 'nonaktif', '2023-07-25 01:39:41', '2023-07-25 01:39:41'),
(402, '2217011023', 'nonaktif', '2023-07-25 01:39:41', '2023-07-25 01:39:41'),
(403, '2217011024', 'nonaktif', '2023-07-25 01:39:41', '2023-07-25 01:39:41'),
(404, '2217011025', 'nonaktif', '2023-07-25 01:39:41', '2023-07-25 01:39:41'),
(405, '2217011026', 'nonaktif', '2023-07-25 01:39:41', '2023-07-25 01:39:41'),
(406, '2217011027', 'nonaktif', '2023-07-25 01:39:41', '2023-07-25 01:39:41'),
(407, '2217011028', 'nonaktif', '2023-07-25 01:39:41', '2023-07-25 01:39:41'),
(408, '2217011029', 'nonaktif', '2023-07-25 01:39:41', '2023-07-25 01:39:41'),
(409, '2217011030', 'nonaktif', '2023-07-25 01:39:41', '2023-07-25 01:39:41'),
(410, '2217011031', 'nonaktif', '2023-07-25 01:39:41', '2023-07-25 01:39:41'),
(411, '2217011032', 'nonaktif', '2023-07-25 01:39:41', '2023-07-25 01:39:41'),
(412, '2217011033', 'nonaktif', '2023-07-25 01:39:41', '2023-07-25 01:39:41'),
(413, '2217011034', 'nonaktif', '2023-07-25 01:39:41', '2023-07-25 01:39:41'),
(414, '2217011035', 'nonaktif', '2023-07-25 01:39:41', '2023-07-25 01:39:41'),
(415, '2217011036', 'nonaktif', '2023-07-25 01:39:41', '2023-07-25 01:39:41'),
(416, '2217011037', 'nonaktif', '2023-07-25 01:39:41', '2023-07-25 01:39:41'),
(417, '2217011038', 'nonaktif', '2023-07-25 01:39:41', '2023-07-25 01:39:41'),
(418, '2217011039', 'nonaktif', '2023-07-25 01:39:41', '2023-07-25 01:39:41'),
(419, '2217011040', 'nonaktif', '2023-07-25 01:39:41', '2023-07-25 01:39:41'),
(420, '2217011041', 'nonaktif', '2023-07-25 01:39:42', '2023-07-25 01:39:42'),
(421, '2217011042', 'nonaktif', '2023-07-25 01:39:42', '2023-07-25 01:39:42'),
(422, '2217011043', 'nonaktif', '2023-07-25 01:39:42', '2023-07-25 01:39:42'),
(423, '2217011044', 'nonaktif', '2023-07-25 01:39:42', '2023-07-25 01:39:42'),
(424, '2217011045', 'nonaktif', '2023-07-25 01:39:42', '2023-07-25 01:39:42'),
(425, '2217011046', 'nonaktif', '2023-07-25 01:39:42', '2023-07-25 01:39:42'),
(426, '2217011047', 'nonaktif', '2023-07-25 01:39:42', '2023-07-25 01:39:42'),
(427, '2217011048', 'nonaktif', '2023-07-25 01:39:42', '2023-07-25 01:39:42'),
(428, '2217011049', 'nonaktif', '2023-07-25 01:39:42', '2023-07-25 01:39:42'),
(429, '2217011050', 'nonaktif', '2023-07-25 01:39:42', '2023-07-25 01:39:42'),
(430, '2217011051', 'nonaktif', '2023-07-25 01:39:42', '2023-07-25 01:39:42'),
(431, '2217011052', 'nonaktif', '2023-07-25 01:39:42', '2023-07-25 01:39:42'),
(432, '2217011053', 'nonaktif', '2023-07-25 01:39:42', '2023-07-25 01:39:42'),
(433, '2217011054', 'nonaktif', '2023-07-25 01:39:42', '2023-07-25 01:39:42'),
(434, '2217011055', 'nonaktif', '2023-07-25 01:39:42', '2023-07-25 01:39:42'),
(435, '2217011056', 'nonaktif', '2023-07-25 01:39:42', '2023-07-25 01:39:42'),
(436, '2217011057', 'nonaktif', '2023-07-25 01:39:42', '2023-07-25 01:39:42'),
(437, '2217011058', 'nonaktif', '2023-07-25 01:39:42', '2023-07-25 01:39:42'),
(438, '2217011059', 'nonaktif', '2023-07-25 01:39:42', '2023-07-25 01:39:42'),
(439, '2217011060', 'nonaktif', '2023-07-25 01:39:42', '2023-07-25 01:39:42'),
(440, '2217011061', 'nonaktif', '2023-07-25 01:39:42', '2023-07-25 01:39:42'),
(441, '2217011062', 'nonaktif', '2023-07-25 01:39:42', '2023-07-25 01:39:42'),
(442, '2217011063', 'nonaktif', '2023-07-25 01:39:42', '2023-07-25 01:39:42'),
(443, '2217011064', 'nonaktif', '2023-07-25 01:39:42', '2023-07-25 01:39:42'),
(444, '2217011065', 'nonaktif', '2023-07-25 01:39:42', '2023-07-25 01:39:42'),
(445, '2217011066', 'nonaktif', '2023-07-25 01:39:42', '2023-07-25 01:39:42'),
(446, '2217011067', 'nonaktif', '2023-07-25 01:39:42', '2023-07-25 01:39:42'),
(447, '2217011068', 'nonaktif', '2023-07-25 01:39:42', '2023-07-25 01:39:42'),
(448, '2217011069', 'nonaktif', '2023-07-25 01:39:42', '2023-07-25 01:39:42'),
(449, '2217011070', 'nonaktif', '2023-07-25 01:39:42', '2023-07-25 01:39:42'),
(450, '2217011071', 'nonaktif', '2023-07-25 01:39:42', '2023-07-25 01:39:42'),
(451, '2217011072', 'nonaktif', '2023-07-25 01:39:42', '2023-07-25 01:39:42'),
(452, '2217011073', 'nonaktif', '2023-07-25 01:39:42', '2023-07-25 01:39:42'),
(453, '2217011074', 'nonaktif', '2023-07-25 01:39:42', '2023-07-25 01:39:42'),
(454, '2217011075', 'nonaktif', '2023-07-25 01:39:42', '2023-07-25 01:39:42'),
(455, '2217011076', 'nonaktif', '2023-07-25 01:39:42', '2023-07-25 01:39:42'),
(456, '2217011077', 'nonaktif', '2023-07-25 01:39:42', '2023-07-25 01:39:42'),
(457, '2217011078', 'nonaktif', '2023-07-25 01:39:42', '2023-07-25 01:39:42'),
(458, '2217011079', 'nonaktif', '2023-07-25 01:39:42', '2023-07-25 01:39:42'),
(459, '2217011080', 'nonaktif', '2023-07-25 01:39:42', '2023-07-25 01:39:42'),
(460, '2217011081', 'nonaktif', '2023-07-25 01:39:42', '2023-07-25 01:39:42'),
(461, '2217011082', 'nonaktif', '2023-07-25 01:39:42', '2023-07-25 01:39:42'),
(462, '2217011083', 'nonaktif', '2023-07-25 01:39:42', '2023-07-25 01:39:42'),
(463, '2217011084', 'nonaktif', '2023-07-25 01:39:42', '2023-07-25 01:39:42'),
(464, '2217011085', 'nonaktif', '2023-07-25 01:39:42', '2023-07-25 01:39:42'),
(465, '2217011086', 'nonaktif', '2023-07-25 01:39:42', '2023-07-25 01:39:42'),
(466, '2217011087', 'nonaktif', '2023-07-25 01:39:42', '2023-07-25 01:39:42'),
(467, '2217011088', 'nonaktif', '2023-07-25 01:39:42', '2023-07-25 01:39:42'),
(468, '2217011089', 'nonaktif', '2023-07-25 01:39:42', '2023-07-25 01:39:42'),
(469, '2217011090', 'nonaktif', '2023-07-25 01:39:42', '2023-07-25 01:39:42'),
(470, '2217011091', 'nonaktif', '2023-07-25 01:39:42', '2023-07-25 01:39:42'),
(471, '2217011092', 'nonaktif', '2023-07-25 01:39:42', '2023-07-25 01:39:42'),
(472, '2217011093', 'nonaktif', '2023-07-25 01:39:42', '2023-07-25 01:39:42'),
(473, '2217011094', 'nonaktif', '2023-07-25 01:39:42', '2023-07-25 01:39:42'),
(474, '2217011095', 'nonaktif', '2023-07-25 01:39:42', '2023-07-25 01:39:42'),
(475, '2217011096', 'nonaktif', '2023-07-25 01:39:42', '2023-07-25 01:39:42'),
(476, '2217011097', 'nonaktif', '2023-07-25 01:39:42', '2023-07-25 01:39:42'),
(477, '2217011098', 'nonaktif', '2023-07-25 01:39:42', '2023-07-25 01:39:42'),
(478, '2217011099', 'nonaktif', '2023-07-25 01:39:42', '2023-07-25 01:39:42'),
(479, '2217011100', 'nonaktif', '2023-07-25 01:39:42', '2023-07-25 01:39:42'),
(480, '2217011101', 'nonaktif', '2023-07-25 01:39:42', '2023-07-25 01:39:42'),
(481, '2217011102', 'nonaktif', '2023-07-25 01:39:42', '2023-07-25 01:39:42'),
(482, '2217011103', 'nonaktif', '2023-07-25 01:39:42', '2023-07-25 01:39:42'),
(483, '2217011104', 'nonaktif', '2023-07-25 01:39:42', '2023-07-25 01:39:42'),
(484, '2217011105', 'nonaktif', '2023-07-25 01:39:42', '2023-07-25 01:39:42'),
(485, '2217011106', 'nonaktif', '2023-07-25 01:39:42', '2023-07-25 01:39:42'),
(486, '2217011107', 'nonaktif', '2023-07-25 01:39:42', '2023-07-25 01:39:42'),
(487, '2217011108', 'nonaktif', '2023-07-25 01:39:42', '2023-07-25 01:39:42'),
(488, '2217011109', 'nonaktif', '2023-07-25 01:39:42', '2023-07-25 01:39:42'),
(489, '2217011110', 'nonaktif', '2023-07-25 01:39:42', '2023-07-25 01:39:42'),
(490, '2217011111', 'nonaktif', '2023-07-25 01:39:42', '2023-07-25 01:39:42'),
(491, '2217011112', 'nonaktif', '2023-07-25 01:39:42', '2023-07-25 01:39:42'),
(492, '2217011113', 'nonaktif', '2023-07-25 01:39:42', '2023-07-25 01:39:42'),
(493, '2217011114', 'nonaktif', '2023-07-25 01:39:42', '2023-07-25 01:39:42'),
(494, '2217011115', 'nonaktif', '2023-07-25 01:39:42', '2023-07-25 01:39:42'),
(495, '2217011116', 'nonaktif', '2023-07-25 01:39:42', '2023-07-25 01:39:42'),
(496, '2217011117', 'nonaktif', '2023-07-25 01:39:42', '2023-07-25 01:39:42'),
(497, '2217011118', 'nonaktif', '2023-07-25 01:39:42', '2023-07-25 01:39:42'),
(498, '2217011119', 'nonaktif', '2023-07-25 01:39:42', '2023-07-25 01:39:43'),
(499, '2217011120', 'nonaktif', '2023-07-25 01:39:43', '2023-07-25 01:39:43'),
(500, '2217011121', 'nonaktif', '2023-07-25 01:39:43', '2023-07-25 01:39:43'),
(501, '2217011122', 'nonaktif', '2023-07-25 01:39:43', '2023-07-25 01:39:43'),
(502, '2217011123', 'nonaktif', '2023-07-25 01:39:43', '2023-07-25 01:39:43'),
(503, '2217011124', 'nonaktif', '2023-07-25 01:39:43', '2023-07-25 01:39:43'),
(504, '2217011125', 'nonaktif', '2023-07-25 01:39:43', '2023-07-25 01:39:43'),
(505, '2217011126', 'nonaktif', '2023-07-25 01:39:43', '2023-07-25 01:39:43'),
(506, '2217011127', 'nonaktif', '2023-07-25 01:39:43', '2023-07-25 01:39:43'),
(507, '2217011128', 'nonaktif', '2023-07-25 01:39:43', '2023-07-25 01:39:43'),
(508, '2217011129', 'nonaktif', '2023-07-25 01:39:43', '2023-07-25 01:39:43'),
(509, '2217011130', 'nonaktif', '2023-07-25 01:39:43', '2023-07-25 01:39:43'),
(510, '2217011131', 'nonaktif', '2023-07-25 01:39:43', '2023-07-25 01:39:43'),
(511, '2217011132', 'nonaktif', '2023-07-25 01:39:43', '2023-07-25 01:39:43'),
(512, '2217011133', 'nonaktif', '2023-07-25 01:39:43', '2023-07-25 01:39:43'),
(513, '2217011134', 'nonaktif', '2023-07-25 01:39:43', '2023-07-25 01:39:43'),
(514, '2217011135', 'nonaktif', '2023-07-25 01:39:43', '2023-07-25 01:39:43'),
(515, '2217011136', 'nonaktif', '2023-07-25 01:39:43', '2023-07-25 01:39:43'),
(516, '2217011137', 'nonaktif', '2023-07-25 01:39:43', '2023-07-25 01:39:43'),
(517, '2217011138', 'nonaktif', '2023-07-25 01:39:43', '2023-07-25 01:39:43'),
(518, '2217011139', 'nonaktif', '2023-07-25 01:39:43', '2023-07-25 01:39:43'),
(519, '2217011140', 'nonaktif', '2023-07-25 01:39:43', '2023-07-25 01:39:43'),
(520, '2217011141', 'nonaktif', '2023-07-25 01:39:43', '2023-07-25 01:39:43'),
(521, '2217011142', 'nonaktif', '2023-07-25 01:39:43', '2023-07-25 01:39:43'),
(522, '2217011143', 'nonaktif', '2023-07-25 01:39:43', '2023-07-25 01:39:43'),
(523, '2217011144', 'nonaktif', '2023-07-25 01:39:43', '2023-07-25 01:39:43'),
(524, '2217011145', 'nonaktif', '2023-07-25 01:39:43', '2023-07-25 01:39:43'),
(525, '2217011146', 'nonaktif', '2023-07-25 01:39:43', '2023-07-25 01:39:43'),
(526, '2217011147', 'nonaktif', '2023-07-25 01:39:43', '2023-07-25 01:39:43'),
(527, '2217011148', 'nonaktif', '2023-07-25 01:39:43', '2023-07-25 01:39:43'),
(528, '2217011149', 'nonaktif', '2023-07-25 01:39:43', '2023-07-25 01:39:43'),
(529, '2217011150', 'nonaktif', '2023-07-25 01:39:43', '2023-07-25 01:39:43'),
(530, '2217011151', 'nonaktif', '2023-07-25 01:39:43', '2023-07-25 01:39:43'),
(531, '2217011152', 'nonaktif', '2023-07-25 01:39:43', '2023-07-25 01:39:43'),
(532, '2217011153', 'nonaktif', '2023-07-25 01:39:43', '2023-07-25 01:39:43'),
(533, '2217011154', 'nonaktif', '2023-07-25 01:39:43', '2023-07-25 01:39:43'),
(534, '2217011155', 'nonaktif', '2023-07-25 01:39:43', '2023-07-25 01:39:43'),
(535, '2217011156', 'nonaktif', '2023-07-25 01:39:43', '2023-07-25 01:39:43'),
(536, '2217011157', 'nonaktif', '2023-07-25 01:39:43', '2023-07-25 01:39:43'),
(537, '2217011158', 'nonaktif', '2023-07-25 01:39:43', '2023-07-25 01:39:43'),
(538, '2217011159', 'nonaktif', '2023-07-25 01:39:43', '2023-07-25 01:39:43'),
(539, '2217011160', 'nonaktif', '2023-07-25 01:39:43', '2023-07-25 01:39:43'),
(540, '2217011161', 'nonaktif', '2023-07-25 01:39:43', '2023-07-25 01:39:43'),
(541, '2217011162', 'nonaktif', '2023-07-25 01:39:43', '2023-07-25 01:39:43'),
(542, '2217011163', 'nonaktif', '2023-07-25 01:39:43', '2023-07-25 01:39:43'),
(543, '2217011164', 'nonaktif', '2023-07-25 01:39:43', '2023-07-25 01:39:43'),
(544, '2217011165', 'nonaktif', '2023-07-25 01:39:43', '2023-07-25 01:39:43'),
(545, '2217011166', 'nonaktif', '2023-07-25 01:39:43', '2023-07-25 01:39:43'),
(546, '2217011167', 'nonaktif', '2023-07-25 01:39:43', '2023-07-25 01:39:43'),
(547, '2217011168', 'nonaktif', '2023-07-25 01:39:43', '2023-07-25 01:39:43'),
(548, '2217011169', 'nonaktif', '2023-07-25 01:39:43', '2023-07-25 01:39:43'),
(549, '2217011170', 'nonaktif', '2023-07-25 01:39:43', '2023-07-25 01:39:43'),
(550, '2217011171', 'nonaktif', '2023-07-25 01:39:43', '2023-07-25 01:39:43'),
(551, '2217011172', 'nonaktif', '2023-07-25 01:39:43', '2023-07-25 01:39:43'),
(552, '2217011173', 'nonaktif', '2023-07-25 01:39:43', '2023-07-25 01:39:43'),
(553, '2217011174', 'nonaktif', '2023-07-25 01:39:43', '2023-07-25 01:39:43'),
(554, '2217011175', 'nonaktif', '2023-07-25 01:39:43', '2023-07-25 01:39:43'),
(555, '2217011176', 'nonaktif', '2023-07-25 01:39:43', '2023-07-25 01:39:43'),
(556, '2217011177', 'nonaktif', '2023-07-25 01:39:43', '2023-07-25 01:39:43'),
(557, '2217011178', 'nonaktif', '2023-07-25 01:39:43', '2023-07-25 01:39:43'),
(558, '2217011179', 'nonaktif', '2023-07-25 01:39:43', '2023-07-25 01:39:43'),
(559, '2217011180', 'nonaktif', '2023-07-25 01:39:43', '2023-07-25 01:39:43'),
(560, '2257011001', 'nonaktif', '2023-07-25 01:39:43', '2023-07-25 01:39:43'),
(561, '2257011002', 'nonaktif', '2023-07-25 01:39:43', '2023-07-25 01:39:43'),
(562, '2257011003', 'nonaktif', '2023-07-25 01:39:43', '2023-07-25 01:39:43'),
(563, '2257011004', 'nonaktif', '2023-07-25 01:39:43', '2023-07-25 01:39:43'),
(564, '2257011005', 'nonaktif', '2023-07-25 01:39:43', '2023-07-25 01:39:43'),
(565, '2257011006', 'nonaktif', '2023-07-25 01:39:44', '2023-07-25 01:39:44'),
(566, '2257011007', 'nonaktif', '2023-07-25 01:39:44', '2023-07-25 01:39:44'),
(567, '2257011008', 'nonaktif', '2023-07-25 01:39:44', '2023-07-25 01:39:44'),
(568, '2257011009', 'nonaktif', '2023-07-25 01:39:44', '2023-07-25 01:39:44'),
(569, '2267011001', 'nonaktif', '2023-07-25 01:39:44', '2023-07-25 01:39:44'),
(570, '1917011024', 'aktif', '2023-07-25 03:11:22', '2023-07-25 03:12:36'),
(571, '1917011040', 'aktif', '2023-07-25 03:12:44', '2023-07-25 03:13:08'),
(572, '1917011058', 'aktif', '2023-07-25 03:15:36', '2023-07-25 03:16:26'),
(573, '1917011033', 'aktif', '2023-07-25 03:21:25', '2023-07-25 03:21:51'),
(574, '1957011013', 'aktif', '2023-07-25 03:21:25', '2023-07-25 03:21:48'),
(575, '1917011027', 'aktif', '2023-07-25 03:21:50', '2023-07-25 03:22:22'),
(576, '1917011062', 'aktif', '2023-07-25 03:33:32', '2023-07-25 03:34:29'),
(577, '2033051033', 'nonaktif', '2023-07-25 01:39:36', '2023-07-25 01:41:17');

--
-- Dumping data for table `ba_seminar_komprehensif`
--

INSERT INTO `ba_seminar_komprehensif` (`id`, `encrypt_id`, `ba_seminar_komprehensif`, `no_ba_berkas`, `berkas_nilai_kompre`, `laporan_ta`, `nilai`, `huruf_mutu`, `id_seminar`, `created_at`, `updated_at`) VALUES
(1, 'eyJpdiI6InVkWEErREZKbTRyTXkxTWR0dlcxb3c9PSIsInZhbHVlIjoiVzJOWXB6eksvZ2FPVWhqV0htUDFJUT09IiwibWFjIjoiNTE0NWMxYjI2NmMwOTVlYTM0OThkMjU5N2Y5ZjFhOTliMGNmNzYxNTIwZWIzNGM4ZWM2M2JmZGJlOWQ1OTIxYiIsInRhZyI6IiJ9', 'Zh0sk7IFFT0Rv2CNSAJTdtQDFiPpqwHveEbhlHBf.pdf', '986/un', 'b0FxI431fHT5x5Oos8ZR86ejCmcXxHZhiQBZ20FK.pdf', 'https://www.youtube.com/', '100', 'A', 4, '2023-07-25 04:12:27', '2023-07-25 04:12:27'),
(2, 'eyJpdiI6IkY5M1BOblJXUkhMbGM0R3JqVUtJVGc9PSIsInZhbHVlIjoiYkk4dG9pMnV3WWxLU014bXJPMkpadz09IiwibWFjIjoiNmJjY2I5ZGI2ZWNiNDY1YjZhOTY4ZTAyNjM3NmQ1Yzg5OGUzM2IwZmZjNWY0YmU5ODQ3Yzk3ZTY5MjZkYzY2ZCIsInRhZyI6IiJ9', 'D3cF1RaitDWk90WSnppjZAFj372l5bwJwLWLpkno.pdf', 'd12d12d12d12', 'IyDuqDHr9QPvF2ZQs4gsMynkGdQmcCpqovIZLe7s.pdf', 'https://duckduckgo.com/', '90', 'A-', 5, '2023-07-25 04:12:52', '2023-07-25 04:12:52'),
(3, 'eyJpdiI6IkJWbnUrNURQRkpjUXpUbEFPVjNzbHc9PSIsInZhbHVlIjoiamV4aDAxQmdRN2tYVkRmei80MVpaZz09IiwibWFjIjoiMjVhOTQxYjhlZmU1OGZmYmEyMDk2MmY5Y2MzMGE0NDRiYzA4MWQ3MDAxNjg3NTUxNmM1Y2M0MWI2ODBlYWQzMyIsInRhZyI6IiJ9', '1qJGfvviCgyFGgBk3nLVE5JvnF8WrZb7j5P4p7k0.pdf', '1203/UN26.17.03/DT/2023', 'DhViahOKqro88uyrVuH1I0nF1uX4gRA9IPzaegmB.pdf', 'https://drive.google.com/file/d/1E59TWc6JwTU9tIvpST3XGanC9_JZ2LIX/view?usp=sharing', '90.35', 'A', 2, '2023-07-25 04:13:24', '2023-07-25 04:13:24'),
(4, 'eyJpdiI6Ik5UQlUyQ201dnkrTDhEbFR4dnJxWVE9PSIsInZhbHVlIjoiMFkrTmVjbHJ5OXdrbklBVk5tNDRXZz09IiwibWFjIjoiOTQ5OGE2MjdjNjdkOTk4MDFhNjJlODQ5NWYwMzdkMDA5YWUwNTUzMTAxMWI5NDkwNjJhNmVjNWJlN2Y1MDdmMCIsInRhZyI6IiJ9', 'l8bfXfFRHpjsSTPCqdBc7HpTAFq2qVvXLClvR66p.pdf', '974/UN26.17.03/DT/2023', 'XBH6kcKobE9effDApTyJg8nIfpjbI2b2Xster8h2.pdf', 'https://drive.google.com/file/d/1nxTc1oJsyQFiAuAo8GaUf0I_qMAKS_mV/view?usp=drivesdk', '79.46', 'A', 1, '2023-07-25 04:15:14', '2023-07-25 04:15:14'),
(5, 'eyJpdiI6InRHVkV0VUtpRWFIYjRLUlVRTWltM2c9PSIsInZhbHVlIjoieDJRcUlOSnZySHJLcE13clg5WjI4UT09IiwibWFjIjoiNjE2MTFiNTRlMGI5ODljNDNkMWU5NzU4MDMxZjBmYzhjOGQ0NWNkNTAzNmVhMmU4YWI0Yjg3YTBmMDU5ODQ5MiIsInRhZyI6IiJ9', 'JZuyB4Kjc0ERvvhvNhG6dOkF59VS5vcpc1P0Ykdk.pdf', '1069/UN26.17.03/DT/2023', 'ze09NwiQXGLwoSb0bpprC5l7BesjLLaUvLJYQnt8.pdf', 'https://drive.google.com/file/d/1lcTJZ0t6XdfWTzIVWKmK270GHzkL_SvR/view?usp=drivesdk', '80.83', 'A', 3, '2023-07-25 04:15:17', '2023-07-25 04:15:17'),
(6, 'eyJpdiI6InlteCtXT2xmVk1KNWQ5V0kxbStDZWc9PSIsInZhbHVlIjoiWkNuYWN1VUZYWEREUTEycWlZOWFndz09IiwibWFjIjoiZTVmYjlmNTYzZGQ4MjI1YzQ2ZWYxNzBmNjNiNzI2NjBlMTk5OTViNmQyMDg4MTgwNjMxY2RiYTlhOTBjNjdlYSIsInRhZyI6IiJ9', 'BQeb7ug24U2ntSUde6cXUk9mKTI9xHY4yc96XuVE.pdf', '1063/UN.26.17.03/DT/2023', 'T4iSkh3fitGli5XPtmJCa2Q9JIVtjSh6DgS7nTHt.pdf', 'https://drive.google.com/file/d/1pnyz2XnvgtqHRPGyQFGycQlSZ4hoSUd1/view?usp=drivesdk', '76.04', 'A', 6, '2023-07-25 04:16:30', '2023-07-25 04:16:30'),
(7, 'eyJpdiI6IjRic25SNlozRDJXM0g3dWpPNXF1bFE9PSIsInZhbHVlIjoiT1YyOGNRc3VOS3cvSFJaMEVrNE5Odz09IiwibWFjIjoiYjg2NTY0MTFjNmJkNWJmNDBlNjRjMzJlMmRmOTBhZTM3MDIzYTNiMWQ1MDQxZWVlYmRhZDEyYTJhYjVmNGFhMyIsInRhZyI6IiJ9', 'prDigJPlhnL1QNCV1ztYkybZ0Xs8mMrsdRA2bDgP.pdf', '1617/UN26.17.03/DT/2023', 'WIziF7I9Nc35uCxeuW07RurdfWZ5YMDdXhcmZou6.pdf', 'https://drive.google.com/file/d/1e7CjzC8uPmEwX92oP9_1AfM7zxJ2SfvY/view?usp=drivesdk', '77.27', 'A', 7, '2023-07-25 04:29:09', '2023-07-25 04:29:09'),
(8, 'eyJpdiI6Ii8zREViS1ZpTDFtd3g3Wko0SzNyMmc9PSIsInZhbHVlIjoiZWF4R0tZSXBFN2Y5ZjVUQ090eUNKQT09IiwibWFjIjoiNGJmM2JlZTcwODViNWU3ZDIxYTFiZGY2NTk2OWEzZGRlNGE3ZWQ0YzFjMGY3NmEyYzExOTk5MWY0NmU5YTMyNSIsInRhZyI6IiJ9', 'jrwjUZpCkyHYevjZ9IaWLLYaGtlhU2k87kO4ZS4P.pdf', '1619/UN26.17.03/DT/2023', '4Lg3MiAA2XExPGeoxeggNlSZbrLIlva36nDBQBlG.pdf', 'https://drive.google.com/file/d/1W_vAyvBG6WEuY9pXHJ-hKsYTTjUiQzr3/view?usp=drivesdk', '78.82', 'A', 8, '2023-07-25 12:29:26', '2023-07-25 12:29:26');

--
-- Dumping data for table `ba_seminar_kp`
--

INSERT INTO `ba_seminar_kp` (`id`, `encrypt_id`, `no_ba_seminar_kp`, `nilai_lapangan`, `nilai_akd`, `nilai_akhir`, `nilai_mutu`, `berkas_ba_seminar_kp`, `laporan_kp`, `id_seminar`, `created_at`, `updated_at`) VALUES
(1, 'eyJpdiI6Iit2d1ByZmpibUZ6QURtK1ROcXdIT1E9PSIsInZhbHVlIjoicWxWSXZWdFVoZ1BiNVl5cm55Y0gwQT09IiwibWFjIjoiY2JkZjk4OTk5MTQyZjNiMDE2NWFkNWZlODcxZGZmZTZjYzUyYjVjOGQ4Y2VjM2JkMGYwNGYwZmM1ZTUyZmUwNSIsInRhZyI6IiJ9', 'djd1hw1uwi1d112', 90, 90, 90, 'A', 'n6BfnC7A4yT2w1HLl0ciSzDvUFzPIUS0HIXUYzT2.pdf', 'Fxyn0xnHy1rBN0DFFlPP05ANJNq1kNyDmPnBkakl.pdf', 1, '2023-07-25 03:31:42', '2023-07-25 03:31:42'),
(2, 'eyJpdiI6InZ5TzFRNC9VUDlaeEtnMGoySVArS0E9PSIsInZhbHVlIjoiRXF5QWpmTzlYdDVYMnE5ZC92cTc2UT09IiwibWFjIjoiMjY3ZjIzZTgyMjg4NzNlMmMxM2YzZDc5NmI3ZGM4MjE1M2Y5MmExYmFmMTgwNzcxODdjZTM2MGFjYjIyYWFlMSIsInRhZyI6IiJ9', '1397/UN.26.17.03/DT/2022', 80, 81, 80.5, 'A', '7mq51COlXYS0QKiapU95rl3nSqAcFQK5JKyq5KLL.pdf', 'ngpvquWe7AZjmuWk8zIt3scCbhq70BvQHyBZZPwB.pdf', 2, '2023-07-25 03:32:48', '2023-07-25 03:32:48'),
(3, 'eyJpdiI6InErekpqRDE1bnZ1OEc1ZkRKTDcxMHc9PSIsInZhbHVlIjoiMjkyNlY4QmpaNll2OFY0RVhlUFFFdz09IiwibWFjIjoiZDQ3MzJmZWNjMzNmMmY4YThkMDQ2YzJiYmYzNmQwYjg1NmY1ODNiOWFhNDkzYjRkNWNjZDhmYWU2ZmU5MDhkYiIsInRhZyI6IiJ9', '1417/UN26.17.03/DT/2022', 84.1, 85.05, 84.58, 'A', 'cndACSn7IgQBUL5eyEdID9sVrro3awrSJcHER5zf.pdf', 'Yxq9P752n5THOhVkPIeKCfU8voTNeygOQGzJBBSM.pdf', 6, '2023-07-25 03:40:14', '2023-07-25 03:40:14'),
(4, 'eyJpdiI6InlscGdnWXRMQkxRbHdmQmp3dzNoMXc9PSIsInZhbHVlIjoidXhFUytwTE5qTlQ0WDR5cUVTVVFRQT09IiwibWFjIjoiOGU2MGExMTk2YjdjMjczYzI4MjkxODBiZTNhYzA3MmNlZmIyOGJjMGU2MmU0ZTI5YWIyNmFmNTZkYThmMzFhYiIsInRhZyI6IiJ9', '1433/UN26.17.03/DT/2023', 77.65, 77.1, 77.1, 'A', 'eZFs4nDjCHeb3tHtdnDNzK6SCgDPcwKpEB2pJsSk.pdf', 'VG8bmylK5aTHUKCOSDZulAwVDRrHtvkwgLqOPtdz.pdf', 11, '2023-07-25 03:42:16', '2023-07-25 03:42:16'),
(5, 'eyJpdiI6IlM1eEREamFuaFBzaFh0N2xNc3ZLb1E9PSIsInZhbHVlIjoiQmR2L1pMNEhEbmlTdG96Sjl4QWYzZz09IiwibWFjIjoiNDQ3MGI0NDNlZmU4ZDc2YWJjODNiNjg0NzMxMGNhNzRkMmM0ZDEyYTE0MzMwNTc0OTNmNTg5ZjIzODk3Zjc3NyIsInRhZyI6IiJ9', '1814/UN26.17.03/DT/2022', 83, 83, 83, 'A', 'lh3zBEscHJBjTQ9LfSZGssStR2o9q60MwYkuFYz1.pdf', 'ew2BqRpdyTr1wmjzwOkVaamk7HRt2fQUrIC8NBBl.pdf', 8, '2023-07-25 03:43:01', '2023-07-25 03:43:01'),
(6, 'eyJpdiI6IkQ4N2c2VHJvdFZweDlFakNuMXBuVlE9PSIsInZhbHVlIjoiUHA0Q3d1eTRiMnRVTTIxWS9wc0F2Zz09IiwibWFjIjoiMDM4ZDJjMmM0MDJhODFmMmJiZmIwMGViN2ZlNWE2MzU5Mzk2NmJmMDU0NTdhODNkNWI5NWI3OTU5NzJmYzY2YSIsInRhZyI6IiJ9', '1517/UN26.17.03/DT/2023', 80.7, 82, 81.03, 'A', 'ycEbFPRNwBzNpiJREX0Rj7iyww42rPTLuyXB3j4x.pdf', 'aTBNZwdTVVUHLAULLSN2xLIiRYHjwpdsW09RhFWe.pdf', 3, '2023-07-25 03:43:26', '2023-07-25 03:43:26'),
(7, 'eyJpdiI6IjF0TUphdjVpWm9BS1lieEIvdmhsTnc9PSIsInZhbHVlIjoiV3Qxa1dNM1dKbHViRURXdmlOMklJQT09IiwibWFjIjoiZjdmYTI3MjFmOTE3MWRkODcyMzY5MDgyNTgxNGY2YjJiNTI0MDUwYWNlYWI2ZjY5NzUxYzBmMGZjZjcyNjQzZSIsInRhZyI6IiJ9', '1711/UN26.17.03/DT/2022', 96.2, 86.4, 91.3, 'A', 'BvArdJSwT2cjXuVlYwSlFu5ayCmxZ5RL1aq9cqhg.pdf', 'TTlP4y23NM5pzyn2AJwczPcjltSVWGRLuYPeGJrN.pdf', 9, '2023-07-25 03:43:52', '2023-07-25 03:43:52'),
(8, 'eyJpdiI6IldyRjVYWDk2RXVIQ05RK2Z0VWUvcUE9PSIsInZhbHVlIjoiT284UEE2SGg1bjdZUlpSS1hzREU3UT09IiwibWFjIjoiOTgzN2Y2ZTFjMWJlYjlhZjE1NmNjMTc4YmRmZDg0MDU4YjExNTA4NThmMTUyMWVjMTYyZjY2ZGRhY2NhMTkxYiIsInRhZyI6IiJ9', '1559/UN26.17.03/DT/2022', 81, 84, 82.5, 'A', 'azlvDrS86pe7eDJ6P8xlcBHsN5q9Dy9D3wiVwBty.pdf', 'G7qQYiRSYipfyP4j8ZqJWFXn6t6Dbw5t71u8yctX.pdf', 7, '2023-07-25 03:44:58', '2023-07-25 03:44:58'),
(9, 'eyJpdiI6IllsUHk5a2paMkRNdnlEMmRoM2M4VkE9PSIsInZhbHVlIjoiQXJtTmttUWVubEhyZXFtZXBmZmVoZz09IiwibWFjIjoiMWMxYzFhODJiNGE1NDk5OTg5OTQzOTQ0MDJjNGEwY2QyNjZiMjIwZDllOWU1NDJjMDRhMzFhZDBjNjM5Zjk5OSIsInRhZyI6IiJ9', '1546/UN26.17.03/DT/2022', 90, 90, 90, 'A', 'nCxsIMuqX7VbQG044GxeZdvHk5wkoeabpzDiIXuu.pdf', 'dgoKL5Nrc6ivcTLDZ95cdOdbqjSwQVvRQB4B5NDR.pdf', 4, '2023-07-25 03:45:06', '2023-07-25 03:45:06'),
(10, 'eyJpdiI6IitTNTZsOHVWK1l0TzBpc2twSlF5RGc9PSIsInZhbHVlIjoic2UxVnhOZEFZb29OK0pXVS9WQURZdz09IiwibWFjIjoiMjkyOWZjMjMwZmRhMWQxMzBkNTc5ZDZiZThmNjIxMGViNTZhYTc1MmJmMmY3ZWE4NWVjOWVmMDJlY2ZiOWY1ZCIsInRhZyI6IiJ9', '545/UN26.17.03/DT/2023', 82.05, 82.05, 82.05, 'A', '31L0HXMzQyQlSNAJe9mXmdKQvOElvrzrx2RyisR5.pdf', 'YXaweBLVfkez9DBDlru182Jbc1KcpSxX7cUXFW1d.pdf', 13, '2023-07-25 03:46:16', '2023-07-25 03:46:16'),
(11, 'eyJpdiI6Ik5iRnlYV01ET0VMZVBVM0NmNWJRakE9PSIsInZhbHVlIjoiVVdpRUkwR3dVTGhSZExLVWVJR3B6QT09IiwibWFjIjoiZTNmZDZiOTkyMjlmYzIwMzBiMTM0ZjNjMGVmNTQ4MGJkZWFiZjViNjZkM2IyZmMyMmM2YWI4NjM3OTZlNGNmNSIsInRhZyI6IiJ9', '1693/UN26.17.03/DT/2023', 77.1, 76.95, 77.025, 'A', 'pbXbdN4AgOuDuphCDc8UPX01b16D9eeYm32B5tCr.pdf', 'rvsqDHK4Ik5Ic7FEiFU52ikn4Wb6wdH8iysehtrf.pdf', 12, '2023-07-25 03:47:50', '2023-07-25 03:47:50'),
(12, 'eyJpdiI6IkJMZDZranF0REliN1NUYk5vNzVMWmc9PSIsInZhbHVlIjoiTjZ6YjZLbjRLQkJBMmo1QlUxMG5Rdz09IiwibWFjIjoiMDQ1YzM5NmVkNmZiYzQ2ODRjMzZiMTVlYTM0NzcwNTQ2MDhkZDc4OWVmYjUwOWM0NzIxMDUxZDFkYzk1NGRmZCIsInRhZyI6IiJ9', '1416/UN26.17.03/DT/2022', 82.6, 82.6, 82.6, 'A', 'vYSw4sK2E4wyglTPxw29DLzp6ay1uJcMXvZCRlk3.pdf', 'Jsu4O6JbctNWSe4dAEqLYoQGjzea61Aepeblt43J.pdf', 18, '2023-07-25 03:48:38', '2023-07-25 03:48:38'),
(13, 'eyJpdiI6ImxZUkk3TDlSRGgrZ0hLWHhSMjBXQmc9PSIsInZhbHVlIjoiaDZFT3Erd3J0M3czdVBiMkRNTzhIQT09IiwibWFjIjoiY2JmYTI2YzRiYTliNWU2MmM1Nzg3YjJmMDNlM2M0YTUzNzBjZDI3YTUzOGNlNTAxNDQwMTY5YWM0OGM1NTM5OSIsInRhZyI6IiJ9', '1481/UN26.17.03/DT/2022', 80.7, 80, 80.7, 'A', 'QUPdpdly54EcRTfDvpG1XcPl9GDvLxZ6178ArGHm.pdf', 'bzxGF1L6h43iwymiZXJjrHzhi9tV5SPdevj7wZqV.pdf', 19, '2023-07-25 03:53:59', '2023-07-25 03:53:59'),
(14, 'eyJpdiI6IlFrVmwrRW9KN0xPaENIdEc0WDBzaGc9PSIsInZhbHVlIjoiSXRNMkF1a2doblZHYnNRWVhUVi84UT09IiwibWFjIjoiZGI2OTdkYWE0ZmFiNThiMDYxM2EzNzE5MjE3OWU3ODAyM2RjZjJkOWUxNzU4YjQ4NGUyYmIwNWJkMGQzZDE0OCIsInRhZyI6IiJ9', '1527/UN26.17.03/DT/2022', 78.9, 85, 81.95, 'A', 'tzDWuBqbxxnc5lq0cPRYSOaeOjdnQHv3oUVT4xEo.pdf', 'etYMPBMPQljvabxLSAO3IWHhI8wu8tziwjdGXG5Z.pdf', 20, '2023-07-25 03:56:14', '2023-07-25 03:56:14'),
(15, 'eyJpdiI6Imc4RktibHh1QVRUNnFGVkNxalpuNnc9PSIsInZhbHVlIjoid21ZOURQcnZtMDduemlVdUh6bUp2dz09IiwibWFjIjoiYWFiZmYwMzQ1ODk3OGQzODQwZmIxYzA2OTQwNDRlZTRlMjAwNDBiNGYwZTU1N2RlZGE2OGNjNTZlZDIxN2QzOCIsInRhZyI6IiJ9', '1667/UN26.17.03/DT/2022', 81.35, 81.35, 81.35, 'A', 'FiTM2Uz4VJoolKLXEZpSprJW0YxOUeumCzdYbPBO.pdf', 'vJLvO7zWyru49JWxxGBM4Z0tcyGVfXgSZU9dA2fC.pdf', 23, '2023-07-25 03:56:20', '2023-07-25 03:56:20'),
(16, 'eyJpdiI6Ii9saHVZWVFqNkU3WUhBU2t3Y0c5OWc9PSIsInZhbHVlIjoiQjV5ZE43Q1pjNVRicENzU2F3cjRJdz09IiwibWFjIjoiYjU4Zjk2OTVjNmUxOTdmMTY2NDQ3MjEwOTNlM2U5NWQyOTg3NjUzOGI5M2I1MDUwM2VlYjY1NGJiNjViYjZiOCIsInRhZyI6IiJ9', '1511/UN.26.17.03/DT/2022', 81, 82.6, 81.8, 'A', 'aFBS7ahs4CNbhVGBy6DfW7OxZoGwPasiWKRvAREV.pdf', 'V8TkUXbODzpQ5kG9M2Xa5JAL8wTuMLTpVjPVUrBE.pdf', 26, '2023-07-25 03:58:07', '2023-07-25 03:58:07'),
(17, 'eyJpdiI6Iko5RHFpR0hacllFYmhSNEZnTlcxNGc9PSIsInZhbHVlIjoibnZicm5uZU9nYVNEQWs1VnhQTFlpZz09IiwibWFjIjoiMWFlNTcyM2E2Yzc2YWJjNzNhZjI0OTY0OTFjMTg2NDI4ZDQyMmQxMmU3OTY1YWQwYmVhNDczZWY5MDc3NGIxOSIsInRhZyI6IiJ9', '544/UN26.17.03/DT/2023', 80.05, 80.05, 80.05, 'A', 'rZJ6iyAn65yt5sXBcv4PLvmU9ufxDp2XTlv5nlX2.pdf', 'OWTNbReoo1okgpdpZ82fy00LNtiZtvsO1xoGBc9j.pdf', 25, '2023-07-25 03:58:19', '2023-07-25 03:58:19'),
(18, 'eyJpdiI6InUybVVqZ2ltN3A3SnpLRTA5RjZOU1E9PSIsInZhbHVlIjoiNlcySFBIay9vSEQ1Rk12ZHNGWXJtQT09IiwibWFjIjoiZDgzYjQyMjczMzJhMmRhOWY2NDQ3MTYxZWUzYTAyMGQ3NDc4NTAzZmQ5OGJlZGM4NGNmODYwZGM4ZDQ0YzFhMSIsInRhZyI6IiJ9', '1394/UN26.17.03/DT2022', 82.6, 82.6, 82.6, 'A', 'gtsesc5ZawTPQyRbrpWidF2yEQTU3IjLbPyYahIQ.pdf', 'QkFQu5dYyKSErdKH8N8vB7K0brVS0tmDmgzAstAG.pdf', 24, '2023-07-25 03:58:24', '2023-07-25 03:58:24'),
(19, 'eyJpdiI6IjVQTlA1NGVOU05reWtGNkxPWjVKOWc9PSIsInZhbHVlIjoiZGhwMzhYaHVZMGFYUjBZbVI2d1d2dz09IiwibWFjIjoiOWExMjg1Yzg1ZTFlZjRlZjE1ZmUxM2E2NGM3YTAyN2YwZWQ1NjMzNzdiODk1OTYwOWZlZGQ1MzcwNTA0ZjI3ZSIsInRhZyI6IiJ9', '1539/UN26.17.03/DT/2022', 80, 80, 80, 'A', 'FFSp8ZbNCNiSqmPNItOORnFHaPco2lfRAGCF1d8n.pdf', 'opROB3JLMmzk4y7yhaPb6CbAj7hvi8ZSvPS2ElsR.pdf', 29, '2023-07-25 04:00:52', '2023-07-25 04:00:52'),
(20, 'eyJpdiI6IjFZblFQOVNSdlRBd3BUY1pybTJUelE9PSIsInZhbHVlIjoiUEw5S29PZWU4VUlKVi9HL2hVdFlKZz09IiwibWFjIjoiMzBjYzVmZDAxNzIxYTVhZTM1NDhiNzk0Y2U1ZjE0MTI1NTVhYWUxOTdlYjZiN2I0YjU3MTYxMDU3NGY3ZDJmYiIsInRhZyI6IiJ9', '1633/UN26.17.03/DT/2023', 77.5, 76.6, 77.05, 'A', 'xxo4asUSLqsYQjAQJ49NvRwrnDCb5JgcOJrEQgtM.pdf', 'cHeJPdgKAImhMLii46mvC150Eq98b134sI1lvcJO.pdf', 16, '2023-07-25 04:01:13', '2023-07-25 04:01:13'),
(21, 'eyJpdiI6InpLdXVVYmF4ZkFkZkFNc3Z1V29QL2c9PSIsInZhbHVlIjoiNWErQkQ4U0xvb3p2OUE2SjU1S0JCQT09IiwibWFjIjoiZWRkNzEwODVlOGRiMmI2ZTgwMGNkYWY4YjZmNGZiZDFiMDZiMWFiNjY3YmE4ZGFkZWY4ZjRhZjE4MThkNzlkNyIsInRhZyI6IiJ9', '542/UN26.17.03/DT/2023', 80.2, 82.05, 82.05, 'A', 'LK6rmPee13pYGRlsSvekGXnsN7HTuzuGPnyOwCk2.pdf', 'RY5XrKmJp1xnZq2DjcYIXfjRGwlM3fjmkdOK08Ju.pdf', 27, '2023-07-25 04:05:48', '2023-07-25 04:05:48'),
(22, 'eyJpdiI6Ikg2UVFSS3drd0laa1Z0aXJNZTdFeGc9PSIsInZhbHVlIjoidzdTOFRRWmttS1hEcWxNTDZjRzlBQT09IiwibWFjIjoiMjI5ZjllMGUwYzhlMDkxYmU0NDBiYjcxMzRjYzgzOWY3YzhmZDY5ZWViYWM2OWU0MjQ2NmEwMzQ3MzQzNTg0MCIsInRhZyI6IiJ9', '986/un', 100, 100, 100, 'A', '61cC7L5RNITaah75jU1f07UL9QVo5B5OJAp7igZx.pdf', 'zJXboe6exRYRzL8S9l3k1XJwU7HWDXTLjwMpR27o.pdf', 31, '2023-07-25 04:08:21', '2023-07-25 04:08:21'),
(23, 'eyJpdiI6Ik45RVZ4UnVhdHo2cTNLTSt5SURGOGc9PSIsInZhbHVlIjoiRUtaZkxZYmNoV3dWQWR4LzRDUDVldz09IiwibWFjIjoiYzk4MjNiOGRlMDQxY2Q1ZDI2MjM2MTAwYTVlMTQzZTE3NDUxYWZiZWQwYTk0MDdmNTFiNTA1NmI4ZmVjNDhlMSIsInRhZyI6IiJ9', '1815', 81, 81, 81, 'A', 'd05Z3DN9ut4fF1ZDSpyiPzXe9WipXB3pruvlj6GW.pdf', 'hU0i9c8DBCsUjOySXsJcizb8FeQRK3zwP4Okc1oM.pdf', 21, '2023-07-25 04:11:25', '2023-07-25 04:11:25'),
(24, 'eyJpdiI6InBkOHdxQURSUnJzejhjNDZtWE5TUkE9PSIsInZhbHVlIjoieGdBVCt5KytsY1dRZlBNUXM4N1R3Zz09IiwibWFjIjoiOTdmZjBmMjQyMDAzYjhkYmUyNzlhZGU2NDlmZDAxMTZiMmVmZmVhMTdjYzA5NTkzZjU4YmEyOGViOGQyNGQyMyIsInRhZyI6IiJ9', '1177/UN26.17.03/DT/2022', 80, 80, 80, 'A', 'unPk7YrjLxN5SsK1sqlZGn1Z73PHq0Izop4XkIL5.pdf', 'llG3wLzSmabjRPUiY3QiZPTy4Aomjbvu3veLyt0Z.pdf', 28, '2023-07-25 04:12:33', '2023-07-25 04:12:33'),
(25, 'eyJpdiI6ImdHVXp5SkNCVnBZOUlUdEVLclVNUXc9PSIsInZhbHVlIjoiMWNSVWUxS1BiRW1uVVFlNlVaQ3Zpdz09IiwibWFjIjoiYjYyOTg0NWE4NGFlY2U4MjgxZGUxZmQ4MDVhZDhhMmY3MTQzZTQ4NjYwZjFmOTA5OTY3YzM3MTUyMjI0ZTlmYyIsInRhZyI6IiJ9', '1730/UN.26.17.03/DT/2022', 91, 82.85, 86.92, 'A', 'E47nKl6HxkQuzs8tE394vDgjFba1bLDspRK7Qhu6.pdf', 'HjZMGKU0M4lnaLl5WpljUQ9D7Hfny8KTq3NxqaUL.pdf', 30, '2023-07-25 04:12:38', '2023-07-25 04:12:38'),
(26, 'eyJpdiI6Im1WUGJCakZNQTZGeCt3dVBXTU1jV2c9PSIsInZhbHVlIjoiM29tQmcrcEgyL1gydGk4SThWNm5tdz09IiwibWFjIjoiOWVjOGY2MGE4NDAxNWIzOWZhNWI0ZWY4NDhlYTdkNTQwMjU0MmE0OGYyNTU2NTdmYzI3YWUyNDMxOTUzYmU3ZSIsInRhZyI6IiJ9', '1399/UN26.17.03/DT/2022', 80, 81, 80.5, 'A', 'rr2M29NyQqiiEinNTEBOSHRFFrdiAxOr2p66rGsZ.pdf', '8n1r1qO17vhjfQ8VqhRmFCJUqdF3mG6nSrFyUUlb.pdf', 33, '2023-07-25 04:17:55', '2023-07-25 04:17:55'),
(27, 'eyJpdiI6Im4xK0xOaVBsNHFWVzA3d2s1ZUxDekE9PSIsInZhbHVlIjoiSEYwR2FaRlhIYXNLeU9MRTVwMko3QT09IiwibWFjIjoiYTk5YzRjZmJiYTE3MjNhYTdiZTI2ZWUyYTZkMzU3NmQ3NmMwNTZmYzJiZmQ2NDIwY2Y1NzAxMDhjN2Y2ZjZlYyIsInRhZyI6IiJ9', '1816/UN26.17.03/DT/2022', 91, 82.9, 86.95, 'A', 'LpNpdY8E05dpeIPeld2uTFLpSMTOsLBllWqTUho4.pdf', 'QbEkpxbX2yJb9hGuF7EJ6WuYhyP1qPNzQvDo0UCg.pdf', 35, '2023-07-25 14:51:54', '2023-07-25 14:51:54');

--
-- Dumping data for table `ba_seminar_ta_dua`
--

INSERT INTO `ba_seminar_ta_dua` (`id`, `encrypt_id`, `no_berkas_ba_seminar_ta_dua`, `berkas_ba_seminar_ta_dua`, `berkas_nilai_seminar_ta_dua`, `berkas_ppt_seminar_ta_dua`, `nilai`, `huruf_mutu`, `id_seminar`, `created_at`, `updated_at`) VALUES
(1, 'eyJpdiI6IlZxK0VlZzZpQ0V0NE55Vmkwdk5pZGc9PSIsInZhbHVlIjoiYXk1R0VhTExNZ0ZpOW5KKzh1MGh3dz09IiwibWFjIjoiZDAwNzViNDYyOWE5MjNkODU1NGY3NmU5NjE0YmMzMjk5YmZhOWMyZjNhY2I3YWRmZjFkNWFmNTUzYTBlNWU2ZCIsInRhZyI6IiJ9', 'hd9h182h1', '1W0QMB9eetnHBE9gYDVWz0BlKYZuEB8lzCXNSpuL.pdf', 'RJI6DcP5AfX92WPA4GU5CVdyZ4InedU9EPLD1usf.pdf', 'https://duckduckgo.com/', 90, 'A', 1, '2023-07-25 04:02:46', '2023-07-25 04:02:46'),
(2, 'eyJpdiI6ImdiVjdoendOVVltTzljY2xmNjFPWmc9PSIsInZhbHVlIjoiS3FrL0pQdVNLbnJ3K2tGVE5VUUltdz09IiwibWFjIjoiMjc1NTU0OGFmZWZjZDk2NGQxYzZmNjM1ZjFlNDhiZmRjMjMwMTViOGJhMWZiNDNhNzM2NGY2YzA5ODY0N2E0MiIsInRhZyI6IiJ9', '915/UN26.17.03/DT/2023', 'arcxQl6jfwhuC12OZadxUOg86TeVlMyo4Wpnt9ux.pdf', 'mXQEPMdmOhyfijiOrmPyYzgezm5bfZ4dnElyrcHz.pdf', 'https://docs.google.com/presentation/d/1WOGRtiaukNM0f04pKPyHjToLo43lxbBb/edit?usp=sharing&ouid=114963777012324847214&rtpof=true&sd=true', 90.5, 'A', 5, '2023-07-25 04:06:32', '2023-07-25 04:06:32'),
(3, 'eyJpdiI6IkJmN0lVWGw5aWpmb2hpZ2FrRzRGdlE9PSIsInZhbHVlIjoiUWhnekVlZlM5cnA5NG1EbGNpajZrUT09IiwibWFjIjoiNTk3NGE5MjNkNjAwNTY4NzVkZmU0OWJhYWJiMDA0YjkwM2I1NTNmZTU4NDVmNDM1ZmE2ZGI1OTA2OTRkZjkwNyIsInRhZyI6IiJ9', '768/UN26.17.03/DT/23', 'yaKx39fFbDJNUOIAamxcYTECLMZY2bXsSCblSvhs.pdf', 'IOrUu5yIgayPaILTbt8JtnVPgW0qUC2gr1Dn5CXx.pdf', 'https://drive.google.com/file/d/1ncuFqBHEJsIOCVICm2H4IICI4hYgGAIx/view?usp=drivesdk', 79.88, 'A', 4, '2023-07-25 04:07:08', '2023-07-25 04:07:08'),
(4, 'eyJpdiI6IjFrZnd0SlVmYnE5RWZuZ2JsRG5wR3c9PSIsInZhbHVlIjoiSVJmcHQvS29yZ0tjS3ExZ1hVSUVsUT09IiwibWFjIjoiMGU5MDJhZTI0OGFkYTk2OWU4MmNhOTc3ZjE2ODk0Yjg2NGU5NGU1NDM5YmM3MGIyODhiYWEwNjYzOWNiYzA5YSIsInRhZyI6IiJ9', 'No.1696/UN26.17.03/DT/20.32', 'SUWM26CW4jNRs9eIE2Q7y7MuvZiPCGxNeflbYOZ1.pdf', 'bKZJ1wxfjy9p0mKCMrxIR1KgXrXDqqmRqvIZfW34.pdf', 'https://drive.google.com/drive/folders/1NrjveWtn3DOkcDjggN9QSdPC5wvbcESB?usp=share_link', 81.74, 'A', 7, '2023-07-25 04:09:57', '2023-07-25 04:09:57'),
(5, 'eyJpdiI6Ik16RlVyY2VCcjZwR2w0a212L1FBTVE9PSIsInZhbHVlIjoiZyt1RHROREs0bWFzK3lZZEsweU5kUT09IiwibWFjIjoiYjI0YWIwMDgwYTY0MzljOWQ5ODRjM2JhYzYxYjZjMjUyOTEyMWNjOWZjODc4MjgzMDU2ZTZjMGM0MDdjZWExZCIsInRhZyI6IiJ9', '793/UN26.17.03/DT/2023', 'J4waErX7jkx5E1z1tvFFKQCCK1QCgIaaW888ARiB.pdf', '0MSX3zsGeuQQkVdLKzei9nmfbgq5lWPP4lbDSULj.pdf', 'https://drive.google.com/file/d/12o8JR0xytF9gQdjgMCHAqAzWEwp6LfEZ/view?usp=drivesdk', 83, 'A', 3, '2023-07-25 04:10:32', '2023-07-25 04:10:33'),
(6, 'eyJpdiI6IlozdExKdE1VN213UFRHakZrTUwwY1E9PSIsInZhbHVlIjoibC9BZk5zVzRmTjJWdERSVGZiNmlKdz09IiwibWFjIjoiMWFhNzZmM2UxZmZlZjMyZTNmMmIwYjM3ZTI1MjE1ZDZiYTg5NGMyODY3MjUzZjFhNTJlMWFhMzM3NWU1NjNlZCIsInRhZyI6IiJ9', '986/un', 'ip6Q2JcyglOQ8t1omKl4uYX3Bsy22vxKUcJv23rZ.pdf', 'lQcup961ZNZhVq2YgcsXf7hOXKqm26N53ivJFtWr.pdf', 'https://www.youtube.com/', 100, 'A', 10, '2023-07-25 04:11:19', '2023-07-25 04:11:19'),
(7, 'eyJpdiI6IlNRM3VwOUJPbFZWWkV3Z2ZEcGp3NUE9PSIsInZhbHVlIjoiMDNpNU5oMXB1Z2JGazNHT0piVTlJUT09IiwibWFjIjoiMjU3MmMxNGExMzg1ZDliMDMzY2ZmZDg5ODQyYjY2YjA0NTMwMWJhM2U1MDVhYzZlNTg3NTljMzM2Y2Y3NGQ0OSIsInRhZyI6IiJ9', '1593/UN26.17.03/DT/2023', 'RhXmRvSdheL02uA406ZE5RBcb3a3mNElcHRhZINV.pdf', 'WNjRFBwbg5EvbwsOiDZnMjTroAcXDtEOcboPEiFN.pdf', 'https://docs.google.com/presentation/d/1dpxb53CajFVx4Q4x3BlmETnkVLiK9Fbz/edit?usp=sharing&ouid=106362736020714345303&rtpof=true&sd=true', 82.12, 'A', 9, '2023-07-25 04:13:11', '2023-07-25 04:13:11'),
(8, 'eyJpdiI6IitOd3NTS2IxY3hwWnZuSFRqYVVWbmc9PSIsInZhbHVlIjoiZmFFMUxzR1hpUkJ0WXFGWFdVckVtdz09IiwibWFjIjoiMjE4YjkyZTFmNjk2ODc0NDMyMjQ0ZWJjODU3OGQwYzAwYWMyOWNlYjIyM2I4Nzg0OGY3ZDVkYzA3NjE2M2RmYSIsInRhZyI6IiJ9', '805/UN26.17.03/DT', 'ruk1CZeM2twoyXdetumI0X4D49XfAN7YQhE6aJdV.pdf', 'flqFzgIkjjr8BR6G0proHAMNSX6Krgz8JnddJR9f.pdf', 'https://drive.google.com/file/d/1pnyz2XnvgtqHRPGyQFGycQlSZ4hoSUd1/view?usp=drivesdk', 78.5, 'A', 11, '2023-07-25 04:14:07', '2023-07-25 04:14:07'),
(9, 'eyJpdiI6IkxXQ3RnRWhhQVVVOFFtLy91MzVsT0E9PSIsInZhbHVlIjoieC9BVkxrdy9xcXlFQk96YjhiMElPZz09IiwibWFjIjoiY2U3NWFlZTZmYmM3ZDg0ZGQzYWMwYzBkZTFkYzBmZTkwMmQyNTVkZjk5MmY0OWRjYzU2YmJhYzU4YWQxNGJmZSIsInRhZyI6IiJ9', '1668/UN26.17.03/DT/2023', 'v8REeZJgS0THhyeXXxmhsYxkuuhgIJ3sbzIs8SqG.pdf', 'S0ZRt7uOHVv3tB0cW3gFO3RaISEB2sslB5hZ6tmB.pdf', 'https://drive.google.com/file/d/1Wn5uSBS5jBb7EQ0SYrCsGoKzMrUYihRN/view?usp=drivesdk', 79.73, 'A', 12, '2023-07-25 04:18:40', '2023-07-25 04:18:40'),
(10, 'eyJpdiI6IjZDTEg0RWNvMjVLRGN4OERac3pvY3c9PSIsInZhbHVlIjoiZFRjc280MU1MWnhrZ0RzcXJiQ0hqUT09IiwibWFjIjoiOTQ2YzJkNWQwZjZjYTQ2NmU0MTlmN2VlMTQ4YWVhYmQ3NmYxZTFlMzVkZDZiNjFiZDEwZmY0NTg0NjVlZTI2NSIsInRhZyI6IiJ9', '1357/UN26.17.03/DT/2023', 'Uzvpc5JiZdt7jpf1MDAMBKTwOfdKUSjY4oQ4fnDW.pdf', 'K8Dw3Ek8wCPNoOOMaiJq2srbli4u0l5rYC7sqwds.pdf', 'https://docs.google.com/presentation/d/1e3dSEKh1fMHDuFcY8d3_5QPpaWGCDP_h/edit?usp=drivesdk&ouid=115667651497883745879&rtpof=true&sd=true', 80.76, 'A', 13, '2023-07-25 04:23:15', '2023-07-25 04:23:15'),
(11, 'eyJpdiI6IkczRG0xd1ZXM0ZZNFVYV0Ivb05DMnc9PSIsInZhbHVlIjoidW9CQ2hYcmZSRU00UjdzakhGZEtjQT09IiwibWFjIjoiOWEzODNlZTViY2Y2NWNjN2M2NWU1MjlhNzQ3NDVkYzc2YzQyMWVmNmQ0OTcyYjYyZmJlYWUyZWVjZTRkMTYzZiIsInRhZyI6IiJ9', '1455/UN26.17.03/DT/2023', 'OdcGm7mS3SUepaPF2VhsoKLkzXLtd42iPdmMSrFA.pdf', 'XCWeIEmabE0ax52gitmxYD0eAaKhF4XMuqqiwGnA.pdf', 'https://drive.google.com/file/d/1vWGCYMzia3Hh_xSbT-3ozHosg10_ohLi/view?usp=drivesdk', 77.02, 'A', 14, '2023-07-25 08:31:41', '2023-07-25 08:31:41');

--
-- Dumping data for table `ba_seminar_ta_satu`
--

INSERT INTO `ba_seminar_ta_satu` (`id`, `encrypt_id`, `no_berkas_ba_seminar_ta_satu`, `berkas_ba_seminar_ta_satu`, `berkas_nilai_seminar_ta_satu`, `berkas_ppt_seminar_ta_satu`, `nilai`, `huruf_mutu`, `id_seminar`, `created_at`, `updated_at`) VALUES
(1, 'eyJpdiI6ImVqN053SytHMW42dmU1QzdPVWhvWlE9PSIsInZhbHVlIjoiSWhHcE55ZnRVRjFUQ0pNYnVicWc1Zz09IiwibWFjIjoiODBlN2FjMDRlMmE4MTE1OGEwOTMyOWQ0MmFhYTRlOGNkNzY0MTBkOGMxNzdhNGQ1MWNjYWZlZjc3MmI4OTVlNSIsInRhZyI6IiJ9', '1740/UN.26.17.03/DT/2022', 'MWIDfAmoVVjoNWX8LU80O38Q81szpYMiCKmYfq4j.pdf', 'XiFhFBZgwmh9VUSW0zAan47ftX50okorKm409qKW.pdf', 'https://drive.google.com/file/d/1nafxE7CpFklwtDVI93cb2Cd66VSJdqf3/view?usp=drivesdk', 85.43, 'A', 16, '2023-07-25 04:01:18', '2023-07-25 04:01:18'),
(2, 'eyJpdiI6Im1DMm95V2R0elBSL3NMcUVHYnl6Y1E9PSIsInZhbHVlIjoibkt3RHVYSzFYeFZNQlZ2dnFvN0drZz09IiwibWFjIjoiOTZhZDAzODkyZDVmOWRhZGRjMTU1ZTZkYjViMDVlMjQ2ZTNlYWZlYTRkN2Q5NmI0MjBkNDkzMTg0YjdjYjAwOCIsInRhZyI6IiJ9', 'No.1696/UN26.17.03/DT/20.32', 'IC9Q6dbo49WvY4fYAD7jjF1rAsxheywoTym9cUtk.pdf', 'oU5gaNLyaZaJgseqXNtwSO5ovxvcOl1HWfn1hLDM.pdf', 'https://drive.google.com/drive/folders/1NrjveWtn3DOkcDjggN9QSdPC5wvbcESB?usp=share_link', 81.74, 'A', 17, '2023-07-25 04:02:49', '2023-07-25 04:02:49'),
(3, 'eyJpdiI6IjJ3V3NDRlR6Y1pwUnhDc2NsTGI0cEE9PSIsInZhbHVlIjoiZDAvSFd6cFNOcjFJNGZQK1JaT0R2QT09IiwibWFjIjoiMTZlNzUxYWRmYjFmYmE0NDQ3ZDFlN2JjNzI2YmFiZDE4OTc2NWQ3Y2M4ODg4NDZlYjZjNTFmMWI0YTRlYjhjMyIsInRhZyI6IiJ9', '1775/UN.26.17.03/DT/2022', 'gEzztYzz6TTXbSZwzEqukdvBcUetN7VywmiLF2Y7.pdf', 'ScPcL3t1l6CszvpOxJrVcyr663iDnri5IGfBLql0.pdf', 'https://docs.google.com/presentation/d/11UqpRuCfrKhwY8UstkfGHX24dbEKbGQg/edit?usp=drivesdk&ouid=102640656386833923160&rtpof=true&sd=true', 82.08, 'A', 18, '2023-07-25 04:03:09', '2023-07-25 04:03:09'),
(4, 'eyJpdiI6Im9NemFKQm4wT1MrVitkb3JleEduZmc9PSIsInZhbHVlIjoiemVaUkRPTWloemJiMk9qWTh5MG15Zz09IiwibWFjIjoiNjRlN2I2NmUyMWI4NjhjZGVkZGM4YjdmNzEyN2M2OTcyYzUzODIxYWU0NjQ1YmM3ZDBiMTI5NmZiMzk3MDcwYiIsInRhZyI6IiJ9', '1793/UN26.17.03/DT/2022', '0LFMQqRIaB9LN3OMtjrZGZBQNDNZDmJrHTZUSOPc.pdf', 'FAgUOXBCFvFU865CfHRpxgYdKmwTJaHpks3d4iVJ.pdf', 'https://docs.google.com/presentation/d/1pw1aQ8aaAg8nrnnkr8Q9d22Q8ETjB_mS/edit?usp=drivesdk&ouid=107851445138580730206&rtpof=true&sd=true', 82.71, 'A', 15, '2023-07-25 04:03:48', '2023-07-25 04:03:48'),
(5, 'eyJpdiI6ImFIa3c2T3AvNzFUTEJYZHVhaExpQVE9PSIsInZhbHVlIjoib0lzclJZdklvemxFWXZIRkMvQU1TUT09IiwibWFjIjoiMTlmYTczNzczYTg2NjZiZWRjMjQ1NWFjMTk4ZjA0YjU2YjlmYTYwM2I2NWI2YTE1M2FjYjE4NDY5NzliYjAyNSIsInRhZyI6IiJ9', '1763/UN26.17.03/DT/2022', 'rUdBjHZMvOAMFZu2d0GIRt4WrHn9LHFWKNvEW536.pdf', '2JbWftuUBPmNGqdttqn9J9AlIMXnBPbFzBTyeJBZ.pdf', 'https://docs.google.com/presentation/d/1TIa8YGtXJJNI0z5JP-iw19gGR-vQGEms/edit?usp=sharing&ouid=106362736020714345303&rtpof=true&sd=true', 82.56, 'A', 12, '2023-07-25 04:05:34', '2023-07-25 04:05:34'),
(6, 'eyJpdiI6IjhoMlhSdnZwcUM4WTBXOXltandGTXc9PSIsInZhbHVlIjoibnRNN09UOFoyb0tmemJ0UStzbXJIUT09IiwibWFjIjoiMDczODY3NTEzYWJmM2MxYTk3YmE3MTMyNTdjNGYyNWNjOWNmNDc1YTdkMzkxNzZlYmIzYzdlMjQ0ZDhjNDg2OSIsInRhZyI6IiJ9', '1737/UN26.17.03/DT/2022', '4OQHOa4iFjrns4KOkhsWXt8GkCnD18l8VCYypH92.pdf', 'EIRKGa92WxfcjkxSkAp6viH9ZDA5RHBVKOYzNNWB.pdf', 'https://drive.google.com/drive/folders/1NrjveWtn3DOkcDjggN9QSdPC5wvbcESB?usp=share_link', 82.43, 'A', 4, '2023-07-25 04:06:21', '2023-07-25 04:06:21'),
(7, 'eyJpdiI6IjV1NXVQYzJZaTNISXBrYXcvc2Y4RFE9PSIsInZhbHVlIjoiT2Uxb0Zhalc1Ky9IKzFoTjdVL3oxdz09IiwibWFjIjoiOWI0OTNlZDFkNjZiNDRjZDg3YTNkYTFlYjVkZWJhNGI3MGVkNDQyYTUxNjY1MTUyYjM5ZDAzOGI5MmVkYjc5ZCIsInRhZyI6IiJ9', 'UN26/17.03/2022', 'D8PYZ2DxzOpru2MRFL4ERGAiBD1CSDkPtDQX1VqV.pdf', 'cyosdiJwVjKq6SG850K2BQs3oJMIF3pwW1ZUw0GX.pdf', 'https://drive.google.com/drive/folders/1Mr7C-MSxHuzaSAypTgx8Af7nLNDrpFP6', 84.14, 'A', 1, '2023-07-25 04:07:54', '2023-07-25 04:07:54'),
(8, 'eyJpdiI6ImlqZjc0WDlOcUJFNGw0ejd6NE1ETUE9PSIsInZhbHVlIjoiUGhoRlNlRk9iTFBMODQwNXptL2xvQT09IiwibWFjIjoiOTFjMjU4Y2NjMzhhMmVmZDQwYWI1ZGYyZWFiYTQwNmIwNmIyZGM0YTdhOGQxMDFkMmM0ZjY0OThjMjIwMDNiOSIsInRhZyI6IiJ9', '986/un', 'csEnqxTtZF40rIlXIfTAX7mmJwNNCYleauv4CUD1.pdf', 'SCmxbbRgyI29ukYoRErPb6PxtCiZi0WOgSxf2p5n.pdf', 'https://www.youtube.com/', 100, 'A', 24, '2023-07-25 04:09:53', '2023-07-25 04:09:53'),
(9, 'eyJpdiI6IjdOWnlNRDBCWDB2TXVlNVlTRElWL0E9PSIsInZhbHVlIjoiaVg5dDd5TWRHUDVJb25aL2c5MW9RZz09IiwibWFjIjoiYTY5ODI3NDhkNWFkNzI1NDlhMzM2YmNmNGQ2MTNiNjBkOWY5ZmZlMTU2Nzk2N2Y0ZWZhNGUxOTVmZGJkNzkxMyIsInRhZyI6IiJ9', '1776/UN.26.17.03/DT/2022', '3EiSSbuR1obG6O9sVynOQnrjCIxF8tMu4mtOdcpK.pdf', 'pFd4BbNjvZtJK2j7moY4JkKfTF2BilSFaDx3kxBC.pdf', 'https://drive.google.com/file/d/1pnyz2XnvgtqHRPGyQFGycQlSZ4hoSUd1/view?usp=drivesdk', 80, 'A', 2, '2023-07-25 04:10:13', '2023-07-25 04:10:13'),
(10, 'eyJpdiI6IkxvV0NyOU5EUm00d0dWSkRNU0Z1YWc9PSIsInZhbHVlIjoiRmRuZWxxc04zeWpqOTdPQjJPNFEvdz09IiwibWFjIjoiN2I1OGVjMzg3YTM5MTc2M2ZlNWRiZmM5MjA3ODNhNGQ2ZGVmZmM2MzA3MzFkYjZjNGExNGNkNTYwMjFhMzQ4MSIsInRhZyI6IiJ9', '1769/UN26.17.03/DT2022', 'g9KCwe3zV4SOQ84Y86K8c0EPhGcpmSGgtUYJcenA.pdf', 'PDMTz1mdOo3hUTuCfSTMN76CbpKArhp1K5XF3D9f.pdf', 'https://drive.google.com/file/d/1fKrr9FALTRlYLTPLlDNLWUs_TFKnGRuL/view?usp=drivesdk', 81.84, 'A', 21, '2023-07-25 04:12:45', '2023-07-25 04:12:45'),
(11, 'eyJpdiI6IkpQZzFON0JJaWJHdHBoWmd5MEExTEE9PSIsInZhbHVlIjoicFloRjJZRXo3S3B1QS92N3ZGNVZ5Zz09IiwibWFjIjoiODA5ODY1ZjFhYWQzZjVkMWNhYWJkYjU4NGY5ZWEwOTRmZGZhNzJjY2E4M2E3M2EwZDYyZWIyZGY3MjYyMTQ1NiIsInRhZyI6IiJ9', '1794//UN26.17.03/DT/2022', 'rpUkByk7AtmTdvtVZzJ8oXaMAkM0vQZcHcO08QGo.pdf', 'vZt9VH9tvSA8AYMrlmTFvMxRpvmIYCMPUcSaEiXF.pdf', 'https://docs.google.com/file/d/1viw1c4BxTaYHGAC8Lx7xFZd9hVii5ICy/edit?usp=docslist_api&filetype=mspresentation', 83.2, 'A', 23, '2023-07-25 04:13:12', '2023-07-25 04:13:12'),
(12, 'eyJpdiI6IjNpUjA4UnZGemxadnFScUlsNW9Ia2c9PSIsInZhbHVlIjoiOGg2TkZXSXZsVkhvUVprZ2J0cHZFdz09IiwibWFjIjoiMGE2YTdjOTVjYjE0MmFlZjc4MmM0ODMwMzkyZjdkM2Y0ZWY2NmJlNzBiMGM4NjU3YjkzNGIzY2E5ZDAzNTQ4MyIsInRhZyI6IiJ9', '1794//UN26.17.03/DT/2022', 'rrfddEDwo2KLNzjrLOZjN8y9BFTZAsGOtoJLhMJB.pdf', 'ZkJAnFK73k9DnlYT90sNefZKkpGPlIe2uEFMhHBT.pdf', 'https://docs.google.com/file/d/1viw1c4BxTaYHGAC8Lx7xFZd9hVii5ICy/edit?usp=docslist_api&filetype=mspresentation', 83.2, 'A', 23, '2023-07-25 04:13:15', '2023-07-25 04:13:15'),
(13, 'eyJpdiI6ImN1ajlxdWxIZGtHWS9xY0xyN1YwVlE9PSIsInZhbHVlIjoiSktZVEc0NGUyR1piTWQ2VXVzanVvUT09IiwibWFjIjoiMmFjYTUzNTNjNzU4YTdmZTFjNDI1M2Y1YTZjYTFkNzkzMmMzMWQyNzk2NjNhMzM2NzUwOGU1NzhjY2QxMjg3ZiIsInRhZyI6IiJ9', '1698/UN26.17.03/DT/2022', 'RxzEvy9kIja2DMZfZof3HsmxFLYt4LoTz2oAw5zU.pdf', 'MreJ3CsiURKNpAqjWk2OckxdLzGs5OJiP2DCuEL1.pdf', 'https://docs.google.com/presentation/d/1v9SNWGcZsCSEjKo6VZP2tIH3yZtImQqN/edit?usp=drivesdk&ouid=115823381235041774924&rtpof=true&sd=true', 81.91, 'A', 20, '2023-07-25 04:16:11', '2023-07-25 04:16:11'),
(14, 'eyJpdiI6Ik9Ia1ZEa0pjOHFoZlAwUkZ3V1ppU2c9PSIsInZhbHVlIjoic1REeG5hQ1B0ekFaQWJCVjNlcDY1UT09IiwibWFjIjoiOTczMWRlZjNmYzk5NjdkZDFmMjM2MjViZDE4OTMyN2ZmZmEyN2NhZTExZGEyMzVhNjM5NzJiMGZjZmQzNmJiNiIsInRhZyI6IiJ9', '1704/UN26.17.03/DT2022', '8nFc69Ev6HrlLJOtceu7u30GoaUUFi5T802e26mX.pdf', 'RcRUw8JCnbwiDmgudhigQvxcG0c9CzWDLYXF5LFQ.pdf', 'https://docs.google.com/presentation/d/1e0AhuXWC5eiv82fn3oPBWNSdj6zC-IN6/edit?usp=drivesdk&ouid=115667651497883745879&rtpof=true&sd=true', 83.02, 'A', 22, '2023-07-25 04:16:17', '2023-07-25 04:16:17'),
(15, 'eyJpdiI6ImRVaGpwSkJ0RDB5ZlpmRkRkamNBVWc9PSIsInZhbHVlIjoiQmRyMkFlamt5S21BUW9FRUEraWZqZz09IiwibWFjIjoiYmU0MDJkM2Y2NTgwNDc5YmRmYjA4ZjVkZTZkOTVmNDU2OGVhNzJkM2RjMDJiYzJmM2Y0MDdiOWI0NGE2NWRlZSIsInRhZyI6IiJ9', '1773/UN26.17.03/DT/2022', 'SSJo50R4Emc5ah2R2wZwJahCR8jHqxUDaf6DRhZv.pdf', 'yWQsoO9gsSciTJQzzHFs7gsFXbXHJER1a3g2gp8M.pdf', 'https://drive.google.com/drive/folders/1WX8YztzZyrTga18HB31ZVEX_wFKoM6O_', 81, 'A', 19, '2023-07-25 04:25:13', '2023-07-25 04:25:13'),
(16, 'eyJpdiI6ImVKT0hFZDF0aUJCUktUdVozbjlleGc9PSIsInZhbHVlIjoiZ3c5b2FRdXAxQVNBcDNZWmdrOXI5UT09IiwibWFjIjoiYTA4ZjhmZGY0NTlkYmRmN2RjODMxNDNmN2RjN2NlNDhiMWIzNGIzZjE0NzZhNmVmYjBiYWMwZDUwOTA2MTkzMCIsInRhZyI6IiJ9', '1231dd1w', 'w5ZBBk6bXUinkZBCkj2woxT792ghxzj6HwAU85sD.pdf', 'tBjpmRrkRrv0AvwcwhY6o7PYEeK2ltf2RiLL3pul.pdf', 'https://duckduckgo.com/', 19, 'A-', 3, '2023-07-25 04:28:07', '2023-07-25 04:28:07'),
(17, 'eyJpdiI6IjE4NlhSRVFRR282RVUxbXJQSnpEbXc9PSIsInZhbHVlIjoiMTAvMmRvTnYyV2xvaElnSGgyc084dz09IiwibWFjIjoiOTNiOWU1YWFiYTc2MmZjMTYwYjU1ZGJjNDZkNzdiNmY1M2IxZDU3M2ZhNGRjOThmMWI3ZjFlZjk1YzljZTIyYyIsInRhZyI6IiJ9', '1731/UN26.17.03/DT/2022', 'eAh5wUjNSqkw9Maii6gL1ZViftx3xZ5qGwf06F6p.pdf', 'OMdlUm0QbqRPPI36Px3RwNy6ZFFCPzMiTeGM6bL6.pdf', 'https://docs.google.com/presentation/d/1WKJmT8T3mcKnit4CBdPYFkkhsipLAwoW/edit?usp=drivesdk&ouid=104687227694319281842&rtpof=true&sd=true', 80.8, 'A', 13, '2023-07-25 08:18:38', '2023-07-25 08:18:38');

INSERT INTO `activity_lab` (`id`, `encrypted_id`, `nama_kegiatan`, `id_lokasi`, `keperluan`, `tanggal_kegiatan`, `jam_mulai`, `jam_selesai`, `keterangan`, `jumlah_mahasiswa`, `user_id`, `created_at`, `updated_at`) VALUES
(2, 'eyJpdiI6IitNYXBRd3RnWHM0dldCMWN6M08rb0E9PSIsInZhbHVlIjoiUCsrMEs0RjNiZDNGQXVIVzc5dG4rZz09IiwibWFjIjoiNjBhYmRmNGE2NjhjMDE0ODY4ZTcyZjlhOThlYTFjZTlmMzUwNjUyMDhlYzE5YjcwMjkyODM4ODAxZTEwMzQ1NyIsInRhZyI6IiJ9', 'Biokonversi Selulosa Pada Limbah Bromelin Nanas Menjadi Nanokomposit Hidrogel Dengan Pemanfaatan Indigenous Marine Actinomycetes', 5, 'Penelitian', '2023-07-25', '11:14:11', '12:30:00', 'Mengamati hasil uji antibakteri dan mengukur zona bening', 1, 43, '2023-07-25 04:14:11', '2023-07-25 04:14:11'),
(3, 'eyJpdiI6ImRDWm9obVBiTTZyS3pKT0Z4WVo2U2c9PSIsInZhbHVlIjoiOEE0MDcrWE55b0ZHQ1BYNXhDV2w0UT09IiwibWFjIjoiNGM2M2QyODgxMDBmNTFmMjE4MGY1NTMyY2MxNGEyNTEyNTQ4YmFmNGViNWMxZjRiMTM4ZTIwZmQ2MDQ4N2FmNiIsInRhZyI6IiJ9', 'Pemanfaatan Limbah Bromelin Nanas Dalam Produksi Nanokomposit Hidrogel Melalui Biokonversi Menggunakan Isolat Actinomycetes', 5, 'Penelitian', '2023-07-25', '11:15:21', '11:24:00', 'Sedang melakukan titrasi', 1, 69, '2023-07-25 04:15:21', '2023-07-25 04:15:21'),
(4, 'eyJpdiI6IjVodnlBbHFKYnVpTGl6akQyUmRKWGc9PSIsInZhbHVlIjoiRTUyMXJRanB6YTZEMzRnTDJkQjg4UT09IiwibWFjIjoiYmRkMzk4YjY4YWUzMDg0MTEyZDZlYTA3MjFiZGJjZTdmM2U0MjZjZmJhNzRhYzdjNjk0MTI0MDc1NjZjNjc3YyIsInRhZyI6IiJ9', 'Penelitian mahasiswa', 3, 'Penelitian', '2023-07-26', '09:00:00', '16:00:00', 'penelitian memakai alat destilasi 4 mahasiswa\n1 mahasiswa S2 penelitian KLT', 5, NULL, '2023-07-26 04:09:29', '2023-07-28 11:17:58');
